question,course,document
What is the process for submitting homework assignments in the machine-learning-zoomcamp course?,machine-learning-zoomcamp,0e38656cfb
Where should I place my completed homework code before submission?,machine-learning-zoomcamp,0e38656cfb
How can I ensure that my submitted homework answers are visible only after the deadline?,machine-learning-zoomcamp,0e38656cfb
Which directory contains the homework materials for the 2025 cohort of the machine-learning-zoomcamp course?,machine-learning-zoomcamp,0e38656cfb
What platform is used to submit homework assignments for this course?,machine-learning-zoomcamp,0e38656cfb
Which framework replaces Flask for the deployment module in the 2025 edition?,machine-learning-zoomcamp,226a4baf2f
"What library is now used to teach neural networks, replacing the Keras theory videos?",machine-learning-zoomcamp,226a4baf2f
"Instead of TensorFlow Lite, which tool is employed for deep learning deployment on AWS Lambda?",machine-learning-zoomcamp,226a4baf2f
Are there still any Keras-related video tutorials available alongside the new PyTorch implementation?,machine-learning-zoomcamp,226a4baf2f
What significant updates have been made to the course content for the 2025 edition?,machine-learning-zoomcamp,226a4baf2f
Will we be required to submit our assignments using Jupyter Notebooks?,machine-learning-zoomcamp,4d5aa45b03
,machine-learning-zoomcamp,4d5aa45b03
How much of the course content will be delivered through Jupyter Notebooks versus traditional text-based materials?,machine-learning-zoomcamp,4d5aa45b03
,machine-learning-zoomcamp,4d5aa45b03
Are there any specific tutorials or resources provided to help us get started with Jupyter Notebooks for this course?,machine-learning-zoomcamp,4d5aa45b03
,machine-learning-zoomcamp,4d5aa45b03
Can we expect quizzes or assessments that involve coding directly within Jupyter Notebook environments?,machine-learning-zoomcamp,4d5aa45b03
,machine-learning-zoomcamp,4d5aa45b03
"Is the use of Jupyter Notebooks integrated into the grading process, or will only standard Python files be evaluated?",machine-learning-zoomcamp,4d5aa45b03
Is any prior knowledge of machine learning required to enroll in the course?,machine-learning-zoomcamp,c7e2b1ef88
"Will the course cover mathematical foundations such as linear algebra, and if so, how are they presented?",machine-learning-zoomcamp,c7e2b1ef88
Can someone with no background in machine learning successfully complete this course?,machine-learning-zoomcamp,c7e2b1ef88
Does the curriculum include coding exercises to reinforce the theoretical concepts discussed?,machine-learning-zoomcamp,c7e2b1ef88
Is there an introductory module that gradually builds up the necessary skills for understanding machine learning?,machine-learning-zoomcamp,c7e2b1ef88
"Are all FastAPI and uv updates incorporated into the repository at once, or are they added as the course progresses?",machine-learning-zoomcamp,f9c9e0b9eb
"Will older theory videos remain unchanged throughout the course, even if new implementation materials are released?",machine-learning-zoomcamp,f9c9e0b9eb
How can students access the most recent workshops and video updates for FastAPI and PyTorch as new versions are released?,machine-learning-zoomcamp,f9c9e0b9eb
"If a significant update occurs during the course, will instructors notify us and replace or annotate the corresponding learning resources?",machine-learning-zoomcamp,f9c9e0b9eb
"Is there a centralized location where I can check for any newly linked updated materials for FastAPI, uv, and PyTorch throughout the cohort?",machine-learning-zoomcamp,f9c9e0b9eb
What is the process for registering to participate in the Machine Learning Zoom Camp?,machine-learning-zoomcamp,8fd8cd336d
Where can I find the registration link provided in the course materials?,machine-learning-zoomcamp,8fd8cd336d
"Is there a specific platform I need to use to sign up for the machine-learning-zoomcamp, and if so, what is its URL?",machine-learning-zoomcamp,8fd8cd336d
How do I access the sign-up page mentioned in the general course-related FAQ section of the Machine Learning Zoom Camp documentation?,machine-learning-zoomcamp,8fd8cd336d
What steps should I follow to enroll in the course using the link provided in the GitHub repository?,machine-learning-zoomcamp,8fd8cd336d
What is the schedule for the next live cohort of the Machine Learning Zoomcamp?,machine-learning-zoomcamp,9155c70324
Are there any office hours or Q&A sessions planned after the course materials are released?,machine-learning-zoomcamp,9155c70324
Where can I find the pre-recorded course videos and office hour recordings?,machine-learning-zoomcamp,9155c70324
"Is the Machine Learning Zoomcamp available in a self-paced mode, or only during specific cohort periods?",machine-learning-zoomcamp,9155c70324
How often are new Zoomcamps scheduled throughout the year for the Machine Learning course?,machine-learning-zoomcamp,9155c70324
Why does the instructor ask participants to star the GitHub repository for 'machine-learning-zoomcamp'?,machine-learning-zoomcamp,9cf1c56e5b
How does starring a GitHub repo impact the visibility of the course?,machine-learning-zoomcamp,9cf1c56e5b
What specific benefits come from starring the machine learning ZoomCamp repository on GitHub?,machine-learning-zoomcamp,9cf1c56e5b
Is there any action required from me apart from starring the repository to support the course?,machine-learning-zoomcamp,9cf1c56e5b
Can you explain how the act of starring the repo helps in promoting the 'machine-learning-zoomcamp' course?,machine-learning-zoomcamp,9cf1c56e5b
What should I do if my invitation to join the Slack workspace for Machine Learning ZoomCamp does not arrive in my email?,machine-learning-zoomcamp,e0a95572a6
Is there an alternative method to obtain a Slack invite for the course channels if the automated email is delayed or missing?,machine-learning-zoomcamp,e0a95572a6
"After requesting a Slack invite through DataTalks.Club, how long does it typically take before I can access the **#course-ml-zoomcamp** channel?",machine-learning-zoomcamp,e0a95572a6
Where can I find the manual request form to join the Slack workspace for Machine Learning ZoomCamp if my initial email invitation is not received?,machine-learning-zoomcamp,e0a95572a6
"Once I have successfully joined the Slack workspace, which specific channel should I navigate to in order to participate fully in the Machine Learning ZoomCamp discussions?",machine-learning-zoomcamp,e0a95572a6
What is the best way to get help if I encounter a problem while coding during the Machine Learning ZoomCamp?,machine-learning-zoomcamp,1f17886bde
How can I efficiently search for solutions before asking instructors or peers for assistance in the course?,machine-learning-zoomcamp,1f17886bde
Where should I post my code and error messages to receive organized feedback from the community?,machine-learning-zoomcamp,1f17886bde
Are there any pre-recorded sessions or resources I can refer to when I'm stuck on a concept during the Machine Learning ZoomCamp?,machine-learning-zoomcamp,1f17886bde
Which AI tools or assistants are recommended for quick guidance or brainstorming ideas related to the coursework?,machine-learning-zoomcamp,1f17886bde
"Is there a separate registration process for receiving course announcements, and does it affect my ability to submit homework?",machine-learning-zoomcamp,2b5ff70c77
"How do I access the homework submission platform after logging in, and is GitHub involved in the submission process?",machine-learning-zoomcamp,2b5ff70c77
Will I receive any notifications or reminders about the opening of the homework form if I have registered through Airtable?,machine-learning-zoomcamp,2b5ff70c77
Are there specific guidelines or a checklist provided for submitting assignments via the course platform forms?,machine-learning-zoomcamp,2b5ff70c77
What happens if I encounter technical issues while attempting to submit my homework on the designated platform?,machine-learning-zoomcamp,2b5ff70c77
How can I access the recordings of missed sessions?,machine-learning-zoomcamp,34c01677b8
Is it possible to submit questions before a live session for coverage during that stream?,machine-learning-zoomcamp,34c01677b8
What platform is used for asynchronous communication with instructors and peers?,machine-learning-zoomcamp,34c01677b8
Will there be any penalties or loss of opportunity if I cannot attend a live session due to scheduling conflicts?,machine-learning-zoomcamp,34c01677b8
Are there any additional resources provided for reviewing content covered in missed lectures?,machine-learning-zoomcamp,34c01677b8
Can I still enroll in the Machine Learning ZoomCamp if I'm not familiar with using the terminal?,machine-learning-zoomcamp,ef6fba8f4d
"What specific command-line tools will be covered during the course, and is there any prerequisite knowledge required for them?",machine-learning-zoomcamp,ef6fba8f4d
"How much time should I dedicate to practicing Git, Docker, and basic OS tasks before the course begins to ensure a smooth learning experience?",machine-learning-zoomcamp,ef6fba8f4d
Will there be additional resources or workshops provided for students who are new to terminal usage and command-line operations?,machine-learning-zoomcamp,ef6fba8f4d
"Is it possible to catch up on command-line fundamentals after the course starts, or should I aim to have at least a beginner's proficiency beforehand?",machine-learning-zoomcamp,ef6fba8f4d
What is the cost of the machine learning ZoomCamp course?,machine-learning-zoomcamp,0d854c74af
"Are there any sponsors associated with this course, and if so, how do they contribute?",machine-learning-zoomcamp,0d854c74af
"Is it possible to make voluntary donations to support the course, and if yes, where can I do that?",machine-learning-zoomcamp,0d854c74af
How can a company with a training budget request an invoice to financially support the course?,machine-learning-zoomcamp,0d854c74af
"Apart from sponsorships and donations, are there any other ways for companies or individuals to financially contribute to this course?",machine-learning-zoomcamp,0d854c74af
What is the primary emphasis of this machine learning course?,machine-learning-zoomcamp,79e181d005
"Will we derive detailed mathematical formulas for algorithms like logistic regression, or will it be more about practical application?",machine-learning-zoomcamp,79e181d005
How extensively will theory be discussed compared to hands-on practice in the sessions?,machine-learning-zoomcamp,79e181d005
Are there other courses recommended for a deeper dive into the theoretical underpinnings of machine learning algorithms covered here?,machine-learning-zoomcamp,79e181d005
"Can you provide an example of how theory will be addressed during the course, specifically regarding logistic regression?",machine-learning-zoomcamp,79e181d005
. Is prior knowledge of Python mandatory for the Machine Learning ZoomCamp course?,machine-learning-zoomcamp,30bf904a5b
". Can I participate effectively in the course if I have experience with languages such as Java, JavaScript, or Rust instead of Python?",machine-learning-zoomcamp,30bf904a5b
. Will the course provide sufficient support for learners who are new to Python while still challenging those with existing programming skills?,machine-learning-zoomcamp,30bf904a5b
. Are there any 'code-along' sessions included in the curriculum that will help reinforce learning through practical application?,machine-learning-zoomcamp,30bf904a5b
. What level of coding proficiency is expected from participants who do not have a background in Python but possess experience in other programming languages?,machine-learning-zoomcamp,30bf904a5b
Is a background in mathematics necessary before enrolling in this machine learning course?,machine-learning-zoomcamp,37813677f1
Will the course include sufficient coverage of linear algebra to support understanding machine learning models?,machine-learning-zoomcamp,37813677f1
Are there any pre-recorded video resources available that can help me learn the required mathematical concepts for this course?,machine-learning-zoomcamp,37813677f1
Can I receive assistance from the community if I encounter difficulties with the mathematical aspects of the course?,machine-learning-zoomcamp,37813677f1
"What is the extent of mathematical formulas and equations used in this course, particularly in relation to coding tasks?",machine-learning-zoomcamp,37813677f1
What is the approximate pass rate for the latest cohort?,machine-learning-zoomcamp,90323db1ac
Can you provide the completion percentage of learners in the most recent project attempts?,machine-learning-zoomcamp,90323db1ac
How many students succeeded in passing their projects according to the current dashboard snapshot?,machine-learning-zoomcamp,90323db1ac
What proportion of participants managed to complete their projects successfully in the newest batch?,machine-learning-zoomcamp,90323db1ac
Could you share the success rate of recent project submissions for the machine-learning-zoomcamp course?,machine-learning-zoomcamp,90323db1ac
Is Spark included in the curriculum of the Machine Learning ZoomCamp?,machine-learning-zoomcamp,2453bf4760
Does the course provide training on big-data technologies such as Spark?,machine-learning-zoomcamp,2453bf4760
"What specific big-data tooling, if any, is addressed in this machine learning program?",machine-learning-zoomcamp,2453bf4760
Are there modules dedicated to deploying machine learning models using tools like Kubernetes or TensorFlow Serving?,machine-learning-zoomcamp,2453bf4760
Will students learn about serverless deployment options for ML models within this course?,machine-learning-zoomcamp,2453bf4760
What should I do if I haven't received a confirmation email after filling out the registration form for the Machine Learning ZoomCamp course?,machine-learning-zoomcamp,d57d1f7b18
"Could my confirmation email have been filtered into the spam or promotions folder, and how can I verify its presence there?",machine-learning-zoomcamp,d57d1f7b18
"If I have previously unsubscribed from newsletters, will I still receive updates specifically about the Machine Learning ZoomCamp course?",machine-learning-zoomcamp,d57d1f7b18
Are there alternative communication channels to stay informed about the course if emails are not received in my inbox?,machine-learning-zoomcamp,d57d1f7b18
How can I ensure that I remain updated with course announcements and materials through Slack or Telegram after potentially missing an email confirmation?,machine-learning-zoomcamp,d57d1f7b18
What is the estimated duration of the Machine Learning ZoomCamp course?,machine-learning-zoomcamp,742d3dbb55
Can I extend my study period beyond the standard timeframe provided for the course?,machine-learning-zoomcamp,742d3dbb55
Are there optional activities available that might increase the total time needed to complete the course?,machine-learning-zoomcamp,742d3dbb55
How does the suggested extra project or article writing affect the overall timeline of the program?,machine-learning-zoomcamp,742d3dbb55
Is it possible to finish the core curriculum in less than four months if I dedicate additional study hours each week?,machine-learning-zoomcamp,742d3dbb55
What is the estimated weekly time commitment required for this Machine Learning ZoomCamp course?,machine-learning-zoomcamp,36c30c8e2f
Can you provide a link to view how much time participants typically spend on the 2024 edition of the course?,machine-learning-zoomcamp,36c30c8e2f
How many hours per week should I plan to dedicate to successfully completing the Machine Learning ZoomCamp?,machine-learning-zoomcamp,36c30c8e2f
Where can I find data or statistics about time usage for learners in the 2024 iteration of this course?,machine-learning-zoomcamp,36c30c8e2f
Is there an official dashboard or resource that shows the average weekly study time for students enrolled in the Machine Learning ZoomCamp 2024?,machine-learning-zoomcamp,36c30c8e2f
What are the requirements to receive a certificate for this course?,machine-learning-zoomcamp,9b3aa73ec4
"If I complete fewer than two projects but review multiple peers' work, will I still get certified?",machine-learning-zoomcamp,9b3aa73ec4
What exactly does 'reviewing 3 peers’ projects' entail in terms of participation?,machine-learning-zoomcamp,9b3aa73ec4
Is there a specific deadline by which these criteria must be met to qualify for the certificate?,machine-learning-zoomcamp,9b3aa73ec4
Can you provide more details about the appearance and verification process of the certificate mentioned?,machine-learning-zoomcamp,9b3aa73ec4
Where can I find answers to frequently asked questions about the Machine Learning Zoomcamp course?,machine-learning-zoomcamp,ef9594914c
Is there a dedicated resource or tool within Slack that can help me quickly locate information for my course-related queries?,machine-learning-zoomcamp,ef9594914c
What is the recommended first step when trying to resolve doubts or uncertainties regarding module-specific content in the Machine Learning Zoomcamp?,machine-learning-zoomcamp,ef9594914c
"How effective is the Zoomcamp Q&A bot in Slack for retrieving answers, and are there any best practices for using it efficiently?",machine-learning-zoomcamp,ef9594914c
"Apart from the FAQ document, what other recent communication channels within the course might contain relevant information to my questions?",machine-learning-zoomcamp,ef9594914c
Will the curriculum include hands-on projects that simulate real-world machine learning engineering tasks?,machine-learning-zoomcamp,62f5aa4d83
"Does the program cover deployment technologies such as FastAPI, AWS Lambda, and Kubernetes, which are essential for ML engineers?",machine-learning-zoomcamp,62f5aa4d83
How does the evaluation process in this course align with industry standards for assessing ML model performance and reliability?,machine-learning-zoomcamp,62f5aa4d83
Can participants expect to work on data engineering pipelines within the same project flow that integrates machine learning components?,machine-learning-zoomcamp,62f5aa4d83
"Is there a focus on monitoring and maintaining deployed models, reflecting the ongoing responsibilities of DS/ML engineers?",machine-learning-zoomcamp,62f5aa4d83
What are the options available if I am unable to complete the midterm project for the Machine Learning Zoom Camp course?,machine-learning-zoomcamp,f22955c57d
Does failing or missing the midterm project affect my eligibility to receive a certificate in the machine-learning-zoomcamp course?,machine-learning-zoomcamp,f22955c57d
Are there alternative assignments or makeup exams provided for students who miss the midterm project in this course?,machine-learning-zoomcamp,f22955c57d
How does the absence of a midterm project submission impact my final grade and certification outcome in the machine-learning-zoomcamp program?,machine-learning-zoomcamp,f22955c57d
"What should I do if I encounter unforeseen circumstances that prevent me from completing the midterm project, yet I still wish to obtain a certificate for the Machine Learning Zoom Camp?",machine-learning-zoomcamp,f22955c57d
What specific topics should I master in the Python article to be adequately prepared for this course?,machine-learning-zoomcamp,352573dfb0
"Is there a recommended sequence of learning resources, such as the provided OpenClassrooms course, that can complement the main course material?",machine-learning-zoomcamp,352573dfb0
Can you explain what libraries are and why importing them is essential for data analysis in Python?,machine-learning-zoomcamp,352573dfb0
"What are variables in programming, and how do they function within the context of running a Jupyter notebook?",machine-learning-zoomcamp,352573dfb0
Could you outline some critical operations related to data analysis that I need to be familiar with before starting this course?,machine-learning-zoomcamp,352573dfb0
"Is a laptop sufficient for the entire course, or are additional resources required for specific modules?",machine-learning-zoomcamp,edf4b7b73e
What type of internet connection speed is recommended to ensure smooth participation in live sessions and upload/download of large datasets?,machine-learning-zoomcamp,edf4b7b73e
"Can I use my personal desktop computer instead of a cloud GPU service for the Deep Learning section, or is it mandatory to use cloud services?",machine-learning-zoomcamp,edf4b7b73e
Are there any free alternatives to paid cloud GPU services that are still adequate for running deep learning algorithms during this course?,machine-learning-zoomcamp,edf4b7b73e
Will the course provide any guidance on setting up and accessing cloud GPU services if I am unfamiliar with them?,machine-learning-zoomcamp,edf4b7b73e
How do I locate and join the course-specific channel in Slack for the Machine Learning ZoomCamp?,machine-learning-zoomcamp,a11770e750
Can you guide me through the steps to join a specific channel within my workspace on Slack?,machine-learning-zoomcamp,a11770e750
What is the exact URL or process to access our course channel directly in Slack?,machine-learning-zoomcamp,a11770e750
Is there a particular search term or filter I should use to quickly find the Machine Learning ZoomCamp channel?,machine-learning-zoomcamp,a11770e750
"Will providing the GitHub repository link be sufficient for submitting homework assignments, or are additional steps required?",machine-learning-zoomcamp,a11770e750
I missed the course start date; can I enroll now and still receive a certificate?,machine-learning-zoomcamp,41aabbd7c5
What are the requirements to obtain a certificate if I join late in November?,machine-learning-zoomcamp,41aabbd7c5
"If I join after the start, which assignments must I complete to be eligible for certification?",machine-learning-zoomcamp,41aabbd7c5
How many peer reviews do I need to perform to qualify for a certificate if I register mid-course?,machine-learning-zoomcamp,41aabbd7c5
Can I participate fully in the course activities even though I missed the initial enrollment period?,machine-learning-zoomcamp,41aabbd7c5
Where are announcements primarily posted?,machine-learning-zoomcamp,c02a8e0913
Will I receive announcements on both Telegram and Slack?,machine-learning-zoomcamp,c02a8e0913
Which platform is recommended for receiving the most direct updates about course announcements?,machine-learning-zoomcamp,c02a8e0913
Are there any announcements that will not be mirrored between Telegram and Slack?,machine-learning-zoomcamp,c02a8e0913
What should I do to ensure I don't miss important course-related updates?,machine-learning-zoomcamp,c02a8e0913
Is completing the assigned homework necessary to obtain a certificate for this course?,machine-learning-zoomcamp,1a4a7bd286
Do I need to achieve high scores on homework assignments to be eligible for certification in machine learning zoom camp?,machine-learning-zoomcamp,1a4a7bd286
Will my performance on optional homework affect my ability to receive a certification at the end of the course?,machine-learning-zoomcamp,1a4a7bd286
Can I still earn a certificate if I choose not to submit any homework during the machine learning zoom camp?,machine-learning-zoomcamp,1a4a7bd286
How does the evaluation process differentiate between project-based assessment and homework completion for certification purposes?,machine-learning-zoomcamp,1a4a7bd286
Is it possible to submit my homework once the due date has passed?,machine-learning-zoomcamp,3ff40b74f9
What happens if I try to upload my assignment after its deadline?,machine-learning-zoomcamp,3ff40b74f9
"Will I face any penalties for turning in the homework late, or is submission strictly limited to the specified timeframe?",machine-learning-zoomcamp,3ff40b74f9
"Since homework isn't mandatory, does completing it offer any benefits for passing the course?",machine-learning-zoomcamp,3ff40b74f9
"If I miss the submission deadline, can I still access and work on the homework afterward?",machine-learning-zoomcamp,3ff40b74f9
How can I access all the course materials and lesson modules for Machine Learning Zoomcamp?,machine-learning-zoomcamp,679b977c92
"Where is the main repository hosting all ML Zoomcamp resources, including videos and notes?",machine-learning-zoomcamp,679b977c92
What URL points to the YouTube playlist containing all the lessons from the current cohort of Machine Learning Zoomcamp?,machine-learning-zoomcamp,679b977c92
Could you guide me on how to locate cohort-specific items such as homework assignments and dates in the course repository?,machine-learning-zoomcamp,679b977c92
Is there a central place where I can find the syllabus for the Machine Learning Zoomcamp course?,machine-learning-zoomcamp,679b977c92
Where can I locate the specific deadlines for assignments and projects in the Machine Learning ZoomCamp for the 2025 cohort?,machine-learning-zoomcamp,e053b881de
Is there an online calendar provided to track all important dates throughout the course duration?,machine-learning-zoomcamp,e053b881de
"Could you direct me to the official page on GitHub where the 2025 cohort's schedule, including deadlines, is documented?",machine-learning-zoomcamp,e053b881de
How can I access the shared Google Calendar that aggregates all course deadlines for easy reference?,machine-learning-zoomcamp,e053b881de
What are the exact times and dates set for submission of coursework as outlined in the 2025 cohort materials?,machine-learning-zoomcamp,e053b881de
What is the specific hashtag I should use when sharing my course learning on social media to receive extra scores?,machine-learning-zoomcamp,c0f1901d39
"How many points can I earn by submitting multiple links in the homework form, and what happens if I exceed this number?",machine-learning-zoomcamp,c0f1901d39
"If I post the same content on seven different social sites within a week, will I still receive the maximum score of 7 points for that week?",machine-learning-zoomcamp,c0f1901d39
Are the scoring points for public sharing doubled for midterm or capstone projects compared to regular assignments?,machine-learning-zoomcamp,c0f1901d39
What is the maximum number of URLs allowed in the submission form for midterms/capstones before the additional points are capped?,machine-learning-zoomcamp,c0f1901d39
Is it permitted to post my homework solutions online for others to review before submission?,machine-learning-zoomcamp,c090262408
What are the guidelines regarding sharing homework answers with fellow students during the course?,machine-learning-zoomcamp,c090262408
Can I solicit feedback on my homework responses from peers prior to turning them in?,machine-learning-zoomcamp,c090262408
Are there any restrictions on discussing or distributing my assignment solutions within the community?,machine-learning-zoomcamp,c090262408
Does the course policy allow collaboration on homework by sharing written responses beforehand?,machine-learning-zoomcamp,c090262408
Is there a possibility to complete the Machine Learning ZoomCamp in less than four months?,machine-learning-zoomcamp,7c7ec892e4
What is the earliest month when students start receiving their certificates after completing the program?,machine-learning-zoomcamp,7c7ec892e4
Do project timelines restrict the ability to finish the course and receive certification sooner than planned?,machine-learning-zoomcamp,7c7ec892e4
When do most participants typically obtain their certificates following the completion of Capstone projects?,machine-learning-zoomcamp,7c7ec892e4
Are there any exceptions that allow a student to be certified earlier than the general timeline?,machine-learning-zoomcamp,7c7ec892e4
Is it permissible to bypass sections that I am already familiar with?,machine-learning-zoomcamp,9d57199de9
Do I have the flexibility to progress through the course material at my own speed without adhering to scheduled module beginnings?,machine-learning-zoomcamp,9d57199de9
Are there any mandatory components of the course besides the projects themselves?,machine-learning-zoomcamp,9d57199de9
Can I focus solely on completing the projects while optionally studying the lesson content as needed?,machine-learning-zoomcamp,9d57199de9
What is the policy regarding the order in which I should complete the learning modules versus directly accessing the project tasks?,machine-learning-zoomcamp,9d57199de9
"Will I have access to live instruction during the course, or will all lessons be pre-recorded?",machine-learning-zoomcamp,89fda350ee
"Are there any scheduled live sessions, such as Q&A meetings, apart from the initial launch event?",machine-learning-zoomcamp,89fda350ee
"If a live office hour session is not offered this year, what alternative support options are available for students seeking assistance?",machine-learning-zoomcamp,89fda350ee
How can I access previously recorded office hours if I need additional help with course material?,machine-learning-zoomcamp,89fda350ee
Is there any guidance provided in the FAQ regarding troubleshooting technical issues during live streams or accessing pre-recorded content?,machine-learning-zoomcamp,89fda350ee
Where should I post my course-related questions during the Machine Learning ZoomCamp?,machine-learning-zoomcamp,bc2e78caf3
How can I effectively respond to a question posted in the Slack channel?,machine-learning-zoomcamp,bc2e78caf3
What is the preferred method for sharing code or text snippets with the instructors and peers?,machine-learning-zoomcamp,bc2e78caf3
"Is it appropriate to directly tag an instructor when seeking help, or are there alternative methods?",machine-learning-zoomcamp,bc2e78caf3
What measures should be taken to maintain organization and relevance within the `#course-ml-zoomcamp` Slack channel?,machine-learning-zoomcamp,bc2e78caf3
What is the recommended tool for managing Python environments in the course?,machine-learning-zoomcamp,3b78e09b80
How do I install a specific version of Python using the recommended tool?,machine-learning-zoomcamp,3b78e09b80
Can you provide the command to create and activate a virtual environment with uv?,machine-learning-zoomcamp,3b78e09b80
"What are the steps to add packages like pandas, scikit-learn, and jupyter to my project using uv?",machine-learning-zoomcamp,3b78e09b80
Where can I find the workshop that covers setting up uv with FastAPI in Module 5?,machine-learning-zoomcamp,3b78e09b80
What cloud service provider is primarily utilized in the course examples?,machine-learning-zoomcamp,0953e15dc6
"Do the concepts taught apply across different cloud platforms like Azure or GCP, or are they specific to AWS?",machine-learning-zoomcamp,0953e15dc6
"Is an AWS account required for completing the coursework, and if so, how can one obtain one?",machine-learning-zoomcamp,0953e15dc6
Are there any significant differences when applying the learned techniques on Google Cloud Platform (GCP) compared to AWS?,machine-learning-zoomcamp,0953e15dc6
Will the course provide guidance or resources for adapting the lessons to other cloud providers such as Azure?,machine-learning-zoomcamp,0953e15dc6
"Does the course cover comprehensive system design topics separately, or is system design integrated into other modules?",machine-learning-zoomcamp,9198d40c17
Are there specific lessons dedicated to designing scalable architectures for machine learning applications?,machine-learning-zoomcamp,9198d40c17
"Will I learn how to deploy ML models on platforms like web services, AWS Lambda, and Kubernetes as part of the curriculum?",machine-learning-zoomcamp,9198d40c17
Is there any material provided that explains best practices for integrating ML models into production systems without a standalone system design section?,machine-learning-zoomcamp,9198d40c17
"Can students expect guidance on handling the operational aspects of machine learning projects, such as monitoring and scalability, even though system design is not explicitly taught?",machine-learning-zoomcamp,9198d40c17
text,machine-learning-zoomcamp,9ffc454a24
How can high homework scores and leaderboard rankings benefit my professional networking in the context of Machine Learning ZoomCamp?,machine-learning-zoomcamp,9ffc454a24
Does achieving a top position on the leaderboard provide any tangible advantages beyond the pass/fail certificate in the course?,machine-learning-zoomcamp,9ffc454a24
In what ways does visibility from active participation on the leaderboard translate to opportunities for recruiters noticing my work in Machine Learning ZoomCamp?,machine-learning-zoomcamp,9ffc454a24
Are there specific networking or recruiter attention benefits associated with maintaining high scores throughout the homework assignments in this program?,machine-learning-zoomcamp,9ffc454a24
"What indirect advantages, if any, are linked to consistently ranking high in homework and appearing prominently on the leaderboard within the Machine Learning ZoomCamp curriculum?",machine-learning-zoomcamp,9ffc454a24
What specific projects will I work on during the course that demonstrate real-world machine learning applications?,machine-learning-zoomcamp,a84ccd240c
How can I effectively communicate the outcomes of my machine learning projects to highlight their business value in job interviews or presentations?,machine-learning-zoomcamp,a84ccd240c
Does the course provide guidance on selecting ML project ideas that are relevant and impactful for different industries?,machine-learning-zoomcamp,a84ccd240c
"What resources or tools does the course offer to help me quantify the results of my ML models, such as accuracy metrics or ROI calculations?",machine-learning-zoomcamp,a84ccd240c
Will there be opportunities to receive feedback from instructors or peers on how to improve the narrative around my machine learning projects to make them more compelling to potential employers?,machine-learning-zoomcamp,a84ccd240c
What specific methods can an unemployed software engineer employ to effectively transition into a machine learning/AI career?,machine-learning-zoomcamp,a6f7295637
"How important is it to maintain a public presence, such as blogging or posting on social media, while learning machine learning skills?",machine-learning-zoomcamp,a6f7295637
Which platform should be primarily used for showcasing machine learning projects to potential employers—GitHub or another code repository service?,machine-learning-zoomcamp,a6f7295637
"What types of optional course activities, like participating in Kaggle competitions or writing articles, are suggested to enhance a portfolio for job applications?",machine-learning-zoomcamp,a6f7295637
How can networking through platforms such as Slack and LinkedIn contribute to the success of someone looking to pivot from software engineering to machine learning/AI?,machine-learning-zoomcamp,a6f7295637
What are the limitations of relying solely on large language models (LLMs) for machine learning tasks?,machine-learning-zoomcamp,1e54b4b3ba
How does having a conceptual understanding of traditional ML benefit me when using AI tools like assistants?,machine-learning-zoomcamp,1e54b4b3ba
"Why is it important to be able to debug and adapt machine learning systems independently, even with the help of AI accelerators?",machine-learning-zoomcamp,1e54b4b3ba
What specific skills will I acquire from this course that enable me to build and deploy controllable ML systems?,machine-learning-zoomcamp,1e54b4b3ba
"In what scenarios might AI tools such as LLMs make mistakes or reach their limits, necessitating human intervention?",machine-learning-zoomcamp,1e54b4b3ba
What should I do if I encounter a `ValueError: not enough values to unpack` error when parsing XGBoost output in the `parse_xg_output` function?,machine-learning-zoomcamp,91ff5cb6b6
How can I inspect whether XGBoost is printing training logs to stdout and stderr during model training?,machine-learning-zoomcamp,91ff5cb6b6
"If XGBoost does not print training logs to stdout, what alternative method can I use to access the training results?",machine-learning-zoomcamp,91ff5cb6b6
Can you provide an example of how to utilize the `evals_result` parameter in the `xgb.train` function to capture training metrics?,machine-learning-zoomcamp,91ff5cb6b6
What changes should be made to the `parse_xg_output` function to accommodate the new approach using `evals_result` from XGBoost's Python API?,machine-learning-zoomcamp,91ff5cb6b6
Why does SSL certificate verification fail when attempting to read a CSV file from a URL in Python on MacOS?,machine-learning-zoomcamp,7cac4328ea
"What is the specific command to install missing CA certificates for Python on MacOS, and where is it located?",machine-learning-zoomcamp,7cac4328ea
"After executing the certificates installer, how should I proceed to ensure my Python script can successfully fetch data from an HTTPS URL?",machine-learning-zoomcamp,7cac4328ea
Is there a universal path or naming convention for the certificates installer executable across different versions of Python installed on MacOS?,machine-learning-zoomcamp,7cac4328ea
Will running the provided 'Install Certificates.command' script resolve SSL verification issues for all Python scripts that require secure URL connections on MacOS?,machine-learning-zoomcamp,7cac4328ea
What is causing the 'Server Error 500' when trying to log in via GitHub on courses.datatalks.club?,machine-learning-zoomcamp,55ffccb945
Is there an alternative login method available if GitHub login fails due to the known bug?,machine-learning-zoomcamp,55ffccb945
Will switching from GitHub to Google login retain my previous course progress and data?,machine-learning-zoomcamp,55ffccb945
"If I previously registered using a GitHub account but can no longer access it, what steps should I take to regain entry into the machine-learning-zoomcamp course?",machine-learning-zoomcamp,55ffccb945
Who should I contact and what information is required if I need to transfer my progress from an old GitHub-linked email to a new one due to login issues?,machine-learning-zoomcamp,55ffccb945
How can I install wget on Ubuntu?,machine-learning-zoomcamp,6698c6cbd4
What command do I use with Chocolatey to install wget on Windows?,machine-learning-zoomcamp,6698c6cbd4
Which Homebrew command installs wget on a Mac?,machine-learning-zoomcamp,6698c6cbd4
"Is there a Python library named `wget` that I can use for downloading files, and how do I install it?",machine-learning-zoomcamp,6698c6cbd4
Can you provide an example of using the Python `urllib.request.urlretrieve()` function to download a file from a URL?,machine-learning-zoomcamp,6698c6cbd4
How can I import a CSV file directly from a URL into a Jupyter Notebook using pandas?,machine-learning-zoomcamp,f3a06ec752
What is the syntax for executing a shell command within a Jupyter Notebook cell?,machine-learning-zoomcamp,f3a06ec752
Is it possible to download a dataset from a GitHub repository and save it in a specific directory using a single command in Jupyter?,machine-learning-zoomcamp,f3a06ec752
"After downloading a CSV file, how can I move it into another folder (e.g., '../data/') using a bash command in the notebook?",machine-learning-zoomcamp,f3a06ec752
Which method is recommended for fetching external data directly into a pandas DataFrame within a Jupyter environment?,machine-learning-zoomcamp,f3a06ec752
How can I set up a WSL development environment on my Windows 11 device according to Microsoft Learn?,machine-learning-zoomcamp,5ea323b01d
What steps are required to connect Visual Studio Code with the installed WSL Ubuntu instance?,machine-learning-zoomcamp,5ea323b01d
"Is there an official VS Code extension recommended for interfacing with WSL, and where can I find it?",machine-learning-zoomcamp,5ea323b01d
"After installing the WSL, how do I ensure that VS Code recognizes my Linux environment without errors?",machine-learning-zoomcamp,5ea323b01d
What specific link provided in the FAQ should I follow to complete the setup of Windows Subsystem for Linux (WSL) integrated with Visual Studio Code?,machine-learning-zoomcamp,5ea323b01d
.,machine-learning-zoomcamp,f3423f5014
.,machine-learning-zoomcamp,f3423f5014
.,machine-learning-zoomcamp,f3423f5014
.,machine-learning-zoomcamp,f3423f5014
Why am I encountering a singular matrix error when attempting to invert a matrix?,machine-learning-zoomcamp,0be9e7cc3d
What does it mean for a matrix to be singular in the context of linear algebra and machine learning?,machine-learning-zoomcamp,0be9e7cc3d
"How can the order of multiplication affect the ability to invert a matrix, as mentioned in the FAQ record?",machine-learning-zoomcamp,0be9e7cc3d
In which module of the 'machine-learning-zoomcamp' course is the explanation about singular matrix errors provided?,machine-learning-zoomcamp,0be9e7cc3d
What specific method used in matrix operations leads to the singularity issue highlighted in the 'Singular Matrix Error' FAQ?,machine-learning-zoomcamp,0be9e7cc3d
Why does the code `df = pd.read_csv('C:\Users\username\Downloads\data.csv')` fail on Windows?,machine-learning-zoomcamp,5e953f0e8e
What is the purpose of adding an 'r' before a file path in Python when working with Windows paths?,machine-learning-zoomcamp,5e953f0e8e
How can I correctly read a CSV file located at `C:\Users\username\Downloads\data.csv` using Pandas in a Windows environment?,machine-learning-zoomcamp,5e953f0e8e
What issue arises from using backslashes (`\`) directly in file paths within Python code on Windows?,machine-learning-zoomcamp,5e953f0e8e
"In the context of reading files with Pandas on Windows, what does treating the path as a raw string accomplish?",machine-learning-zoomcamp,5e953f0e8e
What does a '403 Forbidden' error indicate when attempting to push changes to a GitHub repository?,machine-learning-zoomcamp,cc0048eefb
How do I inspect the current remote URL configuration for my Git repository?,machine-learning-zoomcamp,cc0048eefb
What command should I use to modify the remote URL to include my GitHub username correctly?,machine-learning-zoomcamp,cc0048eefb
"After updating the remote URL, how can I confirm that the change was applied successfully?",machine-learning-zoomcamp,cc0048eefb
In which module of the machine-learning-zoomcamp course is this '403 Forbidden' error discussed?,machine-learning-zoomcamp,cc0048eefb
Why am I receiving an authentication error when trying to push code to my GitHub repository using Git Bash?,machine-learning-zoomcamp,261ca9cbab
"What changes did GitHub make on August 13, 2021 that affect password authentication for HTTPS URLs?",machine-learning-zoomcamp,261ca9cbab
How can I resolve the 'fatal: Authentication failed' error when cloning or pushing to a GitHub repository via HTTPS?,machine-learning-zoomcamp,261ca9cbab
What is the recommended method of authentication for accessing GitHub repositories after the removal of password support?,machine-learning-zoomcamp,261ca9cbab
Where can I find detailed instructions on generating a personal access token and using it for Git operations on GitHub?,machine-learning-zoomcamp,261ca9cbab
How can I resolve the 'wget: unable to resolve host address raw.githubusercontent.com' error when downloading a dataset from GitHub in a Kaggle notebook?,machine-learning-zoomcamp,ba250275a3
What steps are required to enable internet access for `!wget` commands in a Kaggle notebook?,machine-learning-zoomcamp,ba250275a3
"Is it necessary to verify my phone number to use internet access features in Kaggle notebooks, and why is this verification step implemented?",machine-learning-zoomcamp,ba250275a3
"After enabling internet access, what should I do if the error persists when trying to download a file using `!wget` from GitHub?",machine-learning-zoomcamp,ba250275a3
Where can I find the settings panel to adjust internet access options within a Kaggle notebook environment?,machine-learning-zoomcamp,ba250275a3
How can I set up a virtual environment for Python using Visual Studio Code?,machine-learning-zoomcamp,bad28cd4e0
What is the process for accessing and running Jupyter Notebooks natively within VS Code without opening a web browser?,machine-learning-zoomcamp,bad28cd4e0
"If I have port forwarding enabled on a remote machine, how does VS Code execute Jupyter Notebook files located remotely?",machine-learning-zoomcamp,bad28cd4e0
"What are the steps to configure VS Code for seamless interaction with GitHub, including staging changes and making commits through its user interface?",machine-learning-zoomcamp,bad28cd4e0
Can you provide guidance on linking Visual Studio Code with a remote server using SSH configurations to work with remote resources?,machine-learning-zoomcamp,bad28cd4e0
How can I set up SSH port forwarding for my Jupyter server using the terminal?,machine-learning-zoomcamp,a8563f2c5c
What specific line should I add to my SSH config file to forward port 8888 locally?,machine-learning-zoomcamp,a8563f2c5c
"Where is the SSH configuration file located on a typical system, and how do I open it in nano?",machine-learning-zoomcamp,a8563f2c5c
"After adding the LocalForward directive, what steps are required to apply the changes for remote access?",machine-learning-zoomcamp,a8563f2c5c
Which command initiates the SSH connection with the configured port forwarding?,machine-learning-zoomcamp,a8563f2c5c
Can you explain the purpose of using `pandas.DataFrame.info()` in a data analysis workflow?,machine-learning-zoomcamp,e74369cf00
What specific details about a DataFrame does the `info()` method display?,machine-learning-zoomcamp,e74369cf00
How is the memory usage of a pandas DataFrame quantified when calling `df.info()`?,machine-learning-zoomcamp,e74369cf00
"If I want to quickly get an overview of my dataset's structure without examining each column individually, which function should I use?",machine-learning-zoomcamp,e74369cf00
In what scenarios might it be particularly useful to call `pandas.DataFrame.info()` during data preprocessing?,machine-learning-zoomcamp,e74369cf00
What should I do if I encounter a `NameError` stating 'np is not defined' while trying to use NumPy functions?,machine-learning-zoomcamp,fa28f60a1b
How can I resolve the issue where Python reports that 'np' is an undefined name when importing and using NumPy?,machine-learning-zoomcamp,fa28f60a1b
"In the context of Module 1 on Machine Learning, what is the correct way to import NumPy or pandas to avoid a 'name 'np'' is not defined' error?",machine-learning-zoomcamp,fa28f60a1b
"Why does my code raise a `NameError` for 'np', and how can I prevent this from happening in the machine-learning-zoomcamp course?",machine-learning-zoomcamp,fa28f60a1b
What step must be taken before using NumPy arrays in a Python script to ensure that the library is properly recognized and avoid errors like 'name 'np' is not defined'?,machine-learning-zoomcamp,fa28f60a1b
What method can I use in pandas to select columns with numeric data types?,machine-learning-zoomcamp,eecebb4f2f
How do I retrieve the list of column names that have object (string) data type in a DataFrame?,machine-learning-zoomcamp,eecebb4f2f
"In the context of machine learning with Python, which function is used to filter DataFrame columns based on their data types?",machine-learning-zoomcamp,eecebb4f2f
What arguments should be passed to `select_dtypes` to isolate all numeric columns within a pandas DataFrame?,machine-learning-zoomcamp,eecebb4f2f
How can I convert the output of column selection by data type into a standard list format for further processing?,machine-learning-zoomcamp,eecebb4f2f
What attribute can be used in Pandas to determine the shape of a dataset?,machine-learning-zoomcamp,cda76de4e9
How do you retrieve the number of rows from a DataFrame using this attribute?,machine-learning-zoomcamp,cda76de4e9
How do you obtain the number of columns in a DataFrame with Pandas?,machine-learning-zoomcamp,cda76de4e9
Is there an alternative method to find out the total number of rows besides using `.shape`?,machine-learning-zoomcamp,cda76de4e9
What does `df.shape[0]` specifically return when applied to a Pandas DataFrame?,machine-learning-zoomcamp,cda76de4e9
What should I do if I encounter an ImportError stating 'cannot import name 'contextfilter' from 'jinja2'' while using Jupyter?,machine-learning-zoomcamp,a5caeac2b7
How can I resolve the issue when `contextfilter` is missing in Jinja 3.1 but my `nbconvert` version attempts to import it?,machine-learning-zoomcamp,a5caeac2b7
Which command should I execute to upgrade the `nbconvert` package and fix the ImportError problem?,machine-learning-zoomcamp,a5caeac2b7
Is there a need to restart any components after upgrading `nbconvert` to address the import error?,machine-learning-zoomcamp,a5caeac2b7
What is the recommended action to take in order to successfully run Jupyter notebooks without encountering the 'cannot import name 'contextfilter'' from 'jinja2' error?,machine-learning-zoomcamp,a5caeac2b7
.,machine-learning-zoomcamp,16af61862a
..,machine-learning-zoomcamp,16af61862a
What is an alternative command I can use on macOS if wget is unavailable?,machine-learning-zoomcamp,ea4dbd6c83
How do I specify the output filename when downloading a file using curl?,machine-learning-zoomcamp,ea4dbd6c83
Can you provide an example curl command to download a CSV file from a GitHub repository?,machine-learning-zoomcamp,ea4dbd6c83
Where can I find more detailed information about using curl for downloading files?,machine-learning-zoomcamp,ea4dbd6c83
What does the `-o` option in the curl command signify?,machine-learning-zoomcamp,ea4dbd6c83
What function can I use in Python to round a number to a specific decimal place?,machine-learning-zoomcamp,59fc88dea8
How do I format a floating-point number to display exactly three decimal places using an f-string?,machine-learning-zoomcamp,59fc88dea8
Is there a method in pandas to round all values in a Series to a desired number of decimal places?,machine-learning-zoomcamp,59fc88dea8
Can you provide an example of rounding a variable named `number` to four decimal places using the `round()` function?,machine-learning-zoomcamp,59fc88dea8
"Where can I find more detailed documentation on rounding numeric data with pandas, specifically for Series objects?",machine-learning-zoomcamp,59fc88dea8
What are some online platforms I can use if I'm unable to run Jupyter locally on my machine?,machine-learning-zoomcamp,5ff9126a13
Is there a web-based alternative to installing Jupyter that provides a similar interface?,machine-learning-zoomcamp,5ff9126a13
"How can I access a Jupyter environment without downloading any software, especially if I only have a smartphone?",machine-learning-zoomcamp,5ff9126a13
"Which websites offer free, browser-accessible Jupyter notebooks for students in the Machine Learning Zoomcamp course?",machine-learning-zoomcamp,5ff9126a13
"Where can I find a lightweight, JavaScript-based version of Jupyter that runs entirely in the browser?",machine-learning-zoomcamp,5ff9126a13
Is it possible to begin Module 1 immediately and progress through the subsequent modules ahead of schedule?,machine-learning-zoomcamp,68af9cffed
"Do all lessons for later modules become accessible at the start of Module 1, allowing me to study them concurrently?",machine-learning-zoomcamp,68af9cffed
Will there be any restrictions or prerequisites that prevent me from skipping directly to Module 2 after completing parts of Module 1?,machine-learning-zoomcamp,68af9cffed
"If I move faster through the course content than the scheduled timeline, will my progress still be recognized and supported by the instructors?",machine-learning-zoomcamp,68af9cffed
Are there any specific guidelines or recommended pacing that should be followed even if I choose to accelerate through the modules?,machine-learning-zoomcamp,68af9cffed
What is the minimum Python version required to run the course materials without compatibility issues?,machine-learning-zoomcamp,5705d1ff6e
"If I use a Python version older than 3.10, will I still be able to access all the course resources and complete assignments?",machine-learning-zoomcamp,5705d1ff6e
Where can I find information on which Python versions are currently receiving security updates for my installation?,machine-learning-zoomcamp,5705d1ff6e
How can I verify whether my installed Python version is supported for the duration of the course?,machine-learning-zoomcamp,5705d1ff6e
"Besides performance improvements, what other benefits does using a newer Python version (e.g., 3.11 or above) provide for this machine learning course?",machine-learning-zoomcamp,5705d1ff6e
Why am I receiving a 'LinAlgError: Singular matrix' when trying to compute the inverse of `np.linalg.inv(X.T @ X)`?,machine-learning-zoomcamp,894584db1c
What is the correct order for performing matrix multiplication in this context to avoid singular matrices?,machine-learning-zoomcamp,894584db1c
"If I mistakenly use `X @ X.T` instead of `X.T @ X`, what shape will my resulting matrix have and why is it singular?",machine-learning-zoomcamp,894584db1c
How can I ensure that the matrix `X` has been properly filtered by origin and limited to the correct number of samples before performing the multiplication?,machine-learning-zoomcamp,894584db1c
"In the context of the Asia/origin filter problems, what steps should I take to select the appropriate rows and columns from a DataFrame before converting it to a NumPy array?",machine-learning-zoomcamp,894584db1c
Why does multiplying the inverse of a matrix by the original matrix not yield an exact identity matrix in my computation?,machine-learning-zoomcamp,b7e73fcee7
What is the reason behind the small numerical inaccuracies observed when performing matrix inversion and multiplication involving floating-point arithmetic?,machine-learning-zoomcamp,b7e73fcee7
"Can you explain why the result of Inverse * Original is close but not exactly equal to the identity matrix, as shown in my Week 1 Homework Question 7 output?",machine-learning-zoomcamp,b7e73fcee7
"How does floating-point precision affect matrix operations such as inversion and subsequent multiplications, leading to slight deviations from expected results?",machine-learning-zoomcamp,b7e73fcee7
"What external resource can I refer to for a deeper understanding of why floating-point mathematics may not behave perfectly on computers, particularly in the context of my machine learning course homework?",machine-learning-zoomcamp,b7e73fcee7
What function should I use to perform matrix multiplication in NumPy?,machine-learning-zoomcamp,b72a4be56d
Why is the order of matrices important when using `np.dot` for multiplication?,machine-learning-zoomcamp,b72a4be56d
How can I ensure that the dimensions of my arrays are compatible for matrix multiplication?,machine-learning-zoomcamp,b72a4be56d
What happens if the number of columns in the first matrix does not match the number of rows in the second matrix during `np.dot`?,machine-learning-zoomcamp,b72a4be56d
Can you provide an example of how to rearrange matrices to avoid dimension mismatch errors in `np.dot`?,machine-learning-zoomcamp,b72a4be56d
"Homework Q5: In Module 1 of the machine-learning-zoomcamp course, what is the step-by-step process to replace missing (NaN) values in a dataset column with the average value of that column?",machine-learning-zoomcamp,4115da8cbc
"What technique is used when substituting null or NaN entries in a data column without discarding the entire row, as mentioned in Module 1 Homework for the machine-learning-zoomcamp course?",machine-learning-zoomcamp,4115da8cbc
"For the machine-learning-zoomcamp course's Module 1 Homework, how do you compute and utilize the average of a specific column to fill in missing (NaN) values?",machine-learning-zoomcamp,4115da8cbc
"According to the FAQ record from the machine-learning-zoomcamp course's Module 1 Homework, what is the recommended approach to handle NaN values in a dataset while preserving row information?",machine-learning-zoomcamp,4115da8cbc
"In the context of the machine-learning-zoomcamp course, specifically within Module 1 Homework, how can one effectively impute missing data points using column averages?",machine-learning-zoomcamp,4115da8cbc
"1. In pandas, why does the `mode()` function consistently return a Series even when there is only one most frequent value in a column?",machine-learning-zoomcamp,22e80c8b22
2. How can I extract a single mode value from the Series returned by the `mode()` method in pandas if my dataset is guaranteed to have a unique mode?,machine-learning-zoomcamp,22e80c8b22
3. What is the primary reason behind pandas' design decision to always return a Series for the `mode()` calculation?,machine-learning-zoomcamp,22e80c8b22
"4. If a DataFrame column contains multiple values with identical highest frequencies, how does the `mode()` function handle this situation in terms of its output?",machine-learning-zoomcamp,22e80c8b22
"5. When using `your_dataframe['your_column'].mode()[0]` to obtain the mode, what does the index `[0]` signify in relation to the possible outcomes of the `mode()` method?",machine-learning-zoomcamp,22e80c8b22
What is the step-by-step process to derive the weight vector `w` using linear regression in matrix form?,machine-learning-zoomcamp,061c36bce4
How do we compute the product `X^T X` and its inverse `(X^T X)^{-1}` for solving a linear regression problem?,machine-learning-zoomcamp,061c36bce4
Can you explain why the equation `w = (X^T X)^{-1} X^T y` is used instead of the simpler form `w = X^{-1} y` in multiple linear regression?,machine-learning-zoomcamp,061c36bce4
What additional resources are recommended to understand ordinary least squares and multiple linear regression in matrix form?,machine-learning-zoomcamp,061c36bce4
How does the pseudoinverse relate to solving the ordinary least squares problem in linear regression?,machine-learning-zoomcamp,061c36bce4
Why does my final multiplication result lack a fifth column?,machine-learning-zoomcamp,6a9d87d7d1
In which order should I correctly perform the matrix multiplication to ensure all columns appear in the output?,machine-learning-zoomcamp,6a9d87d7d1
What mistake might cause the omission of one column in the product of two matrices during Homework Q7?,machine-learning-zoomcamp,6a9d87d7d1
Could interchanging the operands in matrix multiplication lead to an unexpected number of columns in the resulting matrix?,machine-learning-zoomcamp,6a9d87d7d1
How does the sequence of matrices affect the outcome of the XT X operation in Module 1 Homework?,machine-learning-zoomcamp,6a9d87d7d1
What operator is used for matrix-matrix multiplication in NumPy?,machine-learning-zoomcamp,3ef50b0d88
How does the `@` operator differ from the `*` operator when working with matrices in NumPy?,machine-learning-zoomcamp,3ef50b0d88
Which function or operator should be used to perform element-wise multiplication of two matrices in NumPy?,machine-learning-zoomcamp,3ef50b0d88
"In NumPy, what method provides a way to multiply multiple arrays together in a single operation?",machine-learning-zoomcamp,3ef50b0d88
"When scaling a matrix by a scalar value, which approach is recommended—using the `*` operator or the `numpy.multiply()` function?",machine-learning-zoomcamp,3ef50b0d88
"In the context of linear regression, what is the purpose of the weight vector `w` in relation to the input features `X` and the target variable `y`?",machine-learning-zoomcamp,y97mg42O7d
How is the estimated output `y_est` calculated using the weight vector `w` and the feature matrix `X`?,machine-learning-zoomcamp,y97mg42O7d
"What does it mean for the weights `w` to provide a 'best' fit according to least squares, and how does this relate to minimizing the error between `y` and `y_est`?",machine-learning-zoomcamp,y97mg42O7d
"If we multiply the feature matrix `X` by the weight vector `w`, what should be the expected outcome concerning the similarity between the resulting `y_est` and the original target variable `y`?",machine-learning-zoomcamp,y97mg42O7d
Can you explain how examining the values in the weight vector `w` helps us assess whether the fitted linear model is reasonable?,machine-learning-zoomcamp,y97mg42O7d
What is the purpose of a `.gitignore` file in a Git repository?,machine-learning-zoomcamp,a654b0e217
How can I add a rule to ignore all CSV files using a `.gitignore` file?,machine-learning-zoomcamp,a654b0e217
"If I have already committed some CSV files by mistake, how can I unstage them without deleting them from my local system?",machine-learning-zoomcamp,a654b0e217
What command should I use to remove a specific CSV file from Git tracking while keeping it on my local machine?,machine-learning-zoomcamp,a654b0e217
Where should I place the `.gitignore` file in my project directory for it to effectively ignore specified file types?,machine-learning-zoomcamp,a654b0e217
How can I visualize the long tail of a dataset using Python?,machine-learning-zoomcamp,ad33c1d6f5
What steps should I follow to perform descriptive statistics on the 'median_house_value' column in a regression dataset?,machine-learning-zoomcamp,ad33c1d6f5
"What does it mean if the skewness value of the 'median_house_value' is greater than 0, and how do I calculate it?",machine-learning-zoomcamp,ad33c1d6f5
Can you provide a code example for generating a histogram of house values to check the long tail distribution?,machine-learning-zoomcamp,ad33c1d6f5
Which Python libraries are essential for conducting an exploratory data analysis (EDA) to assess the skewness in a regression dataset?,machine-learning-zoomcamp,ad33c1d6f5
What does the 'LinAlgError: Singular matrix' indicate when encountered during the course?,machine-learning-zoomcamp,0a7e9c723a
Why might I receive a Singular Matrix error while following the regression videos?,machine-learning-zoomcamp,0a7e9c723a
Is encountering a Singular Matrix error considered normal during the Machine Learning for Regression module of the Machine-Learning-Zoomcamp course?,machine-learning-zoomcamp,0a7e9c723a
Could repeatedly inverting matrix `X` in my code lead to a Singular Matrix error?,machine-learning-zoomcamp,0a7e9c723a
How is the issue of a singular matrix addressed in the Regularization video of Module 2?,machine-learning-zoomcamp,0a7e9c723a
Why did I encounter NaNs after applying the .mean() function in my RMSE calculation?,machine-learning-zoomcamp,ba636cdb18
What step in the data preparation process caused NaN values to appear during the mean calculation for RMSE?,machine-learning-zoomcamp,ba636cdb18
How can I prevent NaNs from appearing when computing RMSE across multiple seed iterations?,machine-learning-zoomcamp,ba636cdb18
Which datasets need to be processed with `fillna(0)` to avoid introducing NaNs in subsequent calculations?,machine-learning-zoomcamp,ba636cdb18
"After fixing the NaN issue by applying `fillna(0)`, how do I ensure that my RMSE computation is valid for all seed values?",machine-learning-zoomcamp,ba636cdb18
What is the purpose of transforming a target variable to a logarithmic distribution in regression tasks?,machine-learning-zoomcamp,17d0c79f61
How can I determine if my target variable requires a logarithmic transformation due to skewness?,machine-learning-zoomcamp,17d0c79f61
"Does applying a logarithmic transformation improve model performance across all types of machine learning projects, or are there specific scenarios where it is beneficial?",machine-learning-zoomcamp,17d0c79f61
What visual method can be used to assess the distribution and potential skewness of a target variable before deciding on a transformation?,machine-learning-zoomcamp,17d0c79f61
Where can I find additional information about skewness in data distributions that might influence my decision to apply logarithmic transformations?,machine-learning-zoomcamp,17d0c79f61
How can I download a dataset directly into my Kaggle Notebook?,machine-learning-zoomcamp,0a4f9065b1
What command is used to fetch a CSV file from GitHub using `wget` in Kaggle Notebooks?,machine-learning-zoomcamp,0a4f9065b1
"After downloading a dataset with `wget`, how do I load it into a pandas DataFrame within Kaggle Notebooks?",machine-learning-zoomcamp,0a4f9065b1
Is the `!` symbol necessary before the `wget` command when downloading files in Kaggle Notebooks?,machine-learning-zoomcamp,0a4f9065b1
What is the specific URL format required for `wget` to successfully retrieve a dataset from GitHub's raw repository in a Kaggle Notebook?,machine-learning-zoomcamp,0a4f9065b1
.,machine-learning-zoomcamp,ab0c17d01c
,machine-learning-zoomcamp,ab0c17d01c
". How can we filter a DataFrame `df` to include only rows where the column 'ocean_proximity' has either '<1H OCEAN' or 'INLAND', using the logical OR operator in Python?",machine-learning-zoomcamp,ab0c17d01c
Can you provide an example of filtering a dataset named `df` based on specific values in the 'ocean_proximity' column using the `isin()` method instead of logical operators?,machine-learning-zoomcamp,ab0c17d01c
. What are the symbolic representations for performing 'OR' and 'AND' conditions when filtering rows in a DataFrame with respect to column values?,machine-learning-zoomcamp,ab0c17d01c
How can I download a CSV dataset from a URL using the `requests` library in Python?,machine-learning-zoomcamp,9fbb36bb16
What steps are involved in saving the content of a successful HTTP GET request to a file named 'housing.csv'?,machine-learning-zoomcamp,9fbb36bb16
"In the provided code snippet, what condition checks whether the data was successfully retrieved from the specified URL?",machine-learning-zoomcamp,9fbb36bb16
"If the HTTP response status code is not 200, what message is printed and why might this occur?",machine-learning-zoomcamp,9fbb36bb16
"Which library function is used to send an HTTP GET request in the example, and how does it handle binary file writing?",machine-learning-zoomcamp,9fbb36bb16
Why does a null column persist in my dataframe even after using .fillna()?,machine-learning-zoomcamp,a0b5f19b14
What is the difference between a shallow copy and a deep copy when duplicating a Pandas DataFrame?,machine-learning-zoomcamp,a0b5f19b14
How can I ensure that changes made to one DataFrame do not affect another DataFrame created from it?,machine-learning-zoomcamp,a0b5f19b14
"In the context of preparing training and validation datasets, why might referencing `df_train` directly for `X_train` cause unexpected null values in `X_val`?",machine-learning-zoomcamp,a0b5f19b14
What is the correct syntax to create a deep copy of DataFrames in Python to avoid shared references between variables?,machine-learning-zoomcamp,a0b5f19b14
Is it acceptable to use Scikit-Learn's train_test_split function during this week's exercises?,machine-learning-zoomcamp,aac6525676
Will we be required to manually implement data splitting methods before learning about Scikit-Learn's utilities?,machine-learning-zoomcamp,aac6525676
"Can I apply Scikit-Learn's training and testing functions now, or should I wait until a later module?",machine-learning-zoomcamp,aac6525676
Does the course encourage the use of pre-built Scikit-Learn functions for data partitioning after introducing basic concepts?,machine-learning-zoomcamp,aac6525676
What is the recommended approach regarding the usage of external libraries like Scikit-Learn in this week’s assignments?,machine-learning-zoomcamp,aac6525676
Is the LinearRegression tool available in Scikit-Learn for use this week?,machine-learning-zoomcamp,5a2fac8521
Will we cover the implementation of LinearRegression using Scikit-Learn in an upcoming session?,machine-learning-zoomcamp,5a2fac8521
Am I permitted to apply LinearRegression from Scikit-Learn during this week's assignments?,machine-learning-zoomcamp,5a2fac8521
Can you confirm that LinearRegression functionality will be demonstrated next week after this week’s tasks?,machine-learning-zoomcamp,5a2fac8521
Is there a guarantee that LinearRegression techniques will be taught alongside other methods in the regression module?,machine-learning-zoomcamp,5a2fac8521
Which Scikit-Learn class is used to perform linear regression without regularization?,machine-learning-zoomcamp,6cf4287216
"What specific class in Scikit-Learn implements ridge regression, a form of regularized linear regression?",machine-learning-zoomcamp,6cf4287216
How can I access more detailed information about the linear models available in Scikit-Learn for regression tasks?,machine-learning-zoomcamp,6cf4287216
In which module of the 'machine-learning-zoomcamp' course are supervised learning algorithms discussed?,machine-learning-zoomcamp,6cf4287216
What is the ID associated with the FAQ record pertaining to regression techniques without and with regularization in Scikit-Learn?,machine-learning-zoomcamp,6cf4287216
Why does linear regression typically fail to produce a perfect fit in practical scenarios?,machine-learning-zoomcamp,631e3d040c
What is the reason behind the difference between predicted values (`y_pred`) and actual target values (`y`)?,machine-learning-zoomcamp,631e3d040c
"In lesson 2.8, after obtaining weights from training `X_train`, why doesn't multiplying by `X_train` yield exactly `y`?",machine-learning-zoomcamp,631e3d040c
How would you represent a line to fit all data points in a scenario involving a single feature `X` where the relationship appears non-linear?,machine-learning-zoomcamp,631e3d040c
"What potential issues arise if we attempt to fit all data points perfectly using methods like `scipy.optimize.curve_fit`, and how might this affect model performance on unseen data?",machine-learning-zoomcamp,631e3d040c
Why do I get different splits of missing values when changing the random seed in my regression task?,machine-learning-zoomcamp,0f5754c053
What is the role of the random seed '42' in splitting training and validation dataframes?,machine-learning-zoomcamp,0f5754c053
How does setting a specific random seed ensure consistent results across multiple runs of the same code?,machine-learning-zoomcamp,0f5754c053
"If I use a random seed other than 42, such as 9, where will missing values appear in the train/validation/test splits?",machine-learning-zoomcamp,0f5754c053
"In Module 2's machine learning for regression exercises, how is the random seed value used to manage data splitting behavior?",machine-learning-zoomcamp,0f5754c053
How can I shuffle a pandas DataFrame to randomize the order of its rows?,machine-learning-zoomcamp,6c5a79afd4
What parameters should I use with `pandas.DataFrame.sample` to return a fully shuffled version of the dataset?,machine-learning-zoomcamp,6c5a79afd4
Is there a way to ensure reproducibility when shuffling a DataFrame using `pandas.DataFrame.sample`?,machine-learning-zoomcamp,6c5a79afd4
"After shuffling a DataFrame, how can I reset its index to start from 0 again?",machine-learning-zoomcamp,6c5a79afd4
What is the syntax for shuffling a complete pandas DataFrame and resetting the index in one step?,machine-learning-zoomcamp,6c5a79afd4
How can I shuffle data in a NumPy array while specifying a random seed using the updated Generator feature?,machine-learning-zoomcamp,3547bb9442
What is the correct syntax to create a random generator object with a specific seed for shuffling an index array in NumPy?,machine-learning-zoomcamp,3547bb9442
"Why does the previous `np.random.shuffle` function no longer accept a random seed parameter, and what replacement should be used instead?",machine-learning-zoomcamp,3547bb9442
"In the context of regression modeling, how do I ensure reproducibility when shuffling training data indices using Numpy’s Generator?",machine-learning-zoomcamp,3547bb9442
What are the steps to integrate Numpy’s Generator into my code for achieving consistent random shuffling across multiple runs?,machine-learning-zoomcamp,3547bb9442
Under what conditions is it appropriate to apply a logarithmic transformation to the target variable in regression tasks?,machine-learning-zoomcamp,9e300560ca
"What method should be used to perform a logarithmic transformation on the target variable, excluding cases with negative values?",machine-learning-zoomcamp,9e300560ca
"How does transforming the target variable using `np.log1p()` affect variables with a long-tail distribution, such as price data spanning a wide range?",machine-learning-zoomcamp,9e300560ca
"In the context of regression analysis, what potential issue arises if the target variable includes negative values when attempting to apply a logarithmic transformation?",machine-learning-zoomcamp,9e300560ca
Which module in the 'machine-learning-zoomcamp' course discusses the practical application and limitations of transforming target variables into logarithmic distributions for handling skewed data?,machine-learning-zoomcamp,9e300560ca
Why am I encountering a `ValueError: shapes not aligned` when trying to predict validation data using trained weights in linear regression?,machine-learning-zoomcamp,1fda7c57b0
What is the difference between using `.dot()` and the `*` operator for multiplying matrices in this context?,machine-learning-zoomcamp,1fda7c57b0
How can I correctly perform matrix multiplication to avoid shape alignment errors when predicting with trained weights in a machine learning model?,machine-learning-zoomcamp,1fda7c57b0
"In the provided solution, why does replacing `.dot(w)` with `(X_val * w)` resolve the `ValueError: shapes not aligned` issue?",machine-learning-zoomcamp,1fda7c57b0
Can you explain the concept of broadcasting in NumPy and under what conditions it works or fails?,machine-learning-zoomcamp,1fda7c57b0
What is the difference between a deep copy and a view of a dataframe in Python?,machine-learning-zoomcamp,c6c716b9e7
How can I ensure that modifications to a copied dataframe do not affect the original dataframe?,machine-learning-zoomcamp,c6c716b9e7
"Which method should I use to duplicate a pandas DataFrame completely, so changes to the new DataFrame won't impact the source?",machine-learning-zoomcamp,c6c716b9e7
"If I assign `X_copy = X` and then modify `X_copy`, will the original dataframe `X` be altered?",machine-learning-zoomcamp,c6c716b9e7
What command creates an independent copy of a dataframe that allows modifications without affecting the original?,machine-learning-zoomcamp,c6c716b9e7
Can you explain what the standard deviation measures in a dataset?,machine-learning-zoomcamp,c19b485c07
How does a low versus high standard deviation affect the interpretation of data relative to the mean?,machine-learning-zoomcamp,c19b485c07
"What is the formula for calculating the standard deviation, and how is it represented mathematically?",machine-learning-zoomcamp,c19b485c07
"In the context of a normal distribution, how do mean, median, and mode relate when the tail length changes due to extreme values?",machine-learning-zoomcamp,c19b485c07
Why might the mean become less representative in datasets with long tails or outliers?,machine-learning-zoomcamp,c19b485c07
When should I consider applying regularization techniques in a machine learning model?,machine-learning-zoomcamp,32f4f59df6
What are the potential consequences of overfitting that necessitate the use of regularization?,machine-learning-zoomcamp,32f4f59df6
How does the size and quality of the dataset influence the decision to apply regularization?,machine-learning-zoomcamp,32f4f59df6
Can you provide examples of scenarios where regularization would be particularly beneficial or unnecessary?,machine-learning-zoomcamp,32f4f59df6
In what ways can I evaluate whether my model needs regularization during the training process?,machine-learning-zoomcamp,32f4f59df6
How can I create a function to prepare dataframes more efficiently in Module 2 of the machine-learning-zoomcamp course?,machine-learning-zoomcamp,b1712cc9d5
"What is the benefit of defining a `prepare_df` function with parameters like `initial_df`, `seed`, and `fill_na_type` for regression tasks?",machine-learning-zoomcamp,b1712cc9d5
"In the 'Machine Learning for Regression' section, how can I apply the `fillna()` operation before splitting an initial dataframe using the prepared function?",machine-learning-zoomcamp,b1712cc9d5
Which functions from the class notebook can be reused to streamline the training process in linear regression models within this module?,machine-learning-zoomcamp,b1712cc9d5
"What steps should I follow to implement a reusable `rmse()` and `train_linear_regression(X, y, r)` functions as suggested in Module 2 of the machine-learning-zoomcamp curriculum?",machine-learning-zoomcamp,b1712cc9d5
What happens if I modify a DataFrame directly inside a function without copying it first?,machine-learning-zoomcamp,e41007991b
How can I ensure that my original DataFrame remains unchanged when applying transformations in a function?,machine-learning-zoomcamp,e41007991b
Why is it recommended to use `df.copy()` before altering data within functions during regression tasks?,machine-learning-zoomcamp,e41007991b
What potential issues might arise from inadvertently modifying the input DataFrame inside a machine learning function?,machine-learning-zoomcamp,e41007991b
"In the context of Module 2, Machine Learning for Regression on the Zoomcamp course, what is the best practice to avoid unintended changes to my dataset when using custom functions?",machine-learning-zoomcamp,e41007991b
How do I calculate the standard deviation of a dataset using Pandas in Python?,machine-learning-zoomcamp,8d98b7c098
What is the syntax to compute the standard deviation for a list of numbers with the Pandas library?,machine-learning-zoomcamp,8d98b7c098
Can you provide an example that demonstrates how to find the standard deviation of data stored in a Pandas Series?,machine-learning-zoomcamp,8d98b7c098
In which module of the 'machine-learning-zoomcamp' course would I learn about calculating standard deviation using Pandas?,machine-learning-zoomcamp,8d98b7c098
What function should be used within the Pandas library to determine the standard deviation of a numerical list?,machine-learning-zoomcamp,8d98b7c098
What is the default standard deviation calculation used by NumPy and Pandas?,machine-learning-zoomcamp,5020067c2b
How does the computation of standard deviation differ between NumPy and Pandas in terms of degrees of freedom?,machine-learning-zoomcamp,5020067c2b
"If I want to compute a sample standard deviation using NumPy, which parameter should I adjust?",machine-learning-zoomcamp,5020067c2b
Can you provide an example code snippet showing how to calculate the sample standard deviation with NumPy's `std` function?,machine-learning-zoomcamp,5020067c2b
What visual representation shows the difference in standard deviation calculations between NumPy and Pandas?,machine-learning-zoomcamp,5020067c2b
How can I compute the standard deviation of a single column in a pandas DataFrame using its built-in functionality?,machine-learning-zoomcamp,d781b23627
What is the syntax to calculate the standard deviation for multiple columns simultaneously in pandas?,machine-learning-zoomcamp,d781b23627
"In the context of regression analysis within the Machine Learning ZoomCamp course, which function should be utilized to determine the variability of data across specified columns?",machine-learning-zoomcamp,d781b23627
Can you provide an example of applying the `std()` method from pandas to assess dispersion in a dataset related to regression modeling?,machine-learning-zoomcamp,d781b23627
What steps are required to access and interpret the standard deviation values for selected features when performing regression tasks using pandas?,machine-learning-zoomcamp,d781b23627
What function should I use to merge two pandas DataFrames containing training and validation data?,machine-learning-zoomcamp,19a42e2005
How can I concatenate two NumPy arrays representing target labels for train and validation sets?,machine-learning-zoomcamp,19a42e2005
Where can I find the documentation for the `pandas.concat` method used in combining datasets?,machine-learning-zoomcamp,19a42e2005
Which parameters are required when using `numpy.concatenate` to join label arrays from training and validation splits?,machine-learning-zoomcamp,19a42e2005
"In Module 2 of the Machine Learning ZoomCamp course, what code snippet correctly combines a training DataFrame with a validation DataFrame?",machine-learning-zoomcamp,19a42e2005
What is the purpose of using RMSE in evaluating regression models?,machine-learning-zoomcamp,c30519737d
How do I import the libraries needed to calculate RMSE in Python?,machine-learning-zoomcamp,c30519737d
Can you explain the steps involved in calculating the Mean Squared Error (MSE)?,machine-learning-zoomcamp,c30519737d
What formula or function is used to compute the RMSE from the MSE?,machine-learning-zoomcamp,c30519737d
In what module of the 'machine-learning-zoomcamp' course can I find information on RMSE calculation?,machine-learning-zoomcamp,c30519737d
Could you explain the step-by-step derivation of the normal equation in linear regression as presented in the video [Normal Equation Derivation for Regression](https://www.youtube.com/watch?v=g8qF61P741w)?,machine-learning-zoomcamp,077e2c96ad
What are the key assumptions made during the derivation of the normal equation for solving linear regression problems?,machine-learning-zoomcamp,077e2c96ad
"How does the normal equation provide a closed-form solution to finding the optimal parameters in linear regression, and under what conditions is it computationally efficient compared to gradient descent?",machine-learning-zoomcamp,077e2c96ad
"In Module 2 of the 'Machine Learning for Regression' course from 'machine-learning-zoomcamp', how is the concept of the normal equation applied to datasets with multiple features?",machine-learning-zoomcamp,077e2c96ad
"Can you summarize the advantages and limitations of using the normal equation method for training linear regression models, as discussed in the specified video?",machine-learning-zoomcamp,077e2c96ad
What is a comprehensive guide to handling missing values in Python that can be used as a reference during the course?,machine-learning-zoomcamp,1c1a0016fc
Where can I find detailed instructions and code examples for treating missing data specifically within the context of regression models covered in Module 2 of the Machine Learning ZoomCamp?,machine-learning-zoomcamp,1c1a0016fc
"Which resource provides step-by-step methodology for addressing incomplete datasets, ensuring robust analysis outcomes in predictive modeling exercises?",machine-learning-zoomcamp,1c1a0016fc
"In the 'Machine Learning ZoomCamp' curriculum, under which module are techniques for managing absent entries in datasets discussed, and what is the associated learning material link?",machine-learning-zoomcamp,1c1a0016fc
How does the provided notebook aid students in applying practical solutions to real-world scenarios involving data gaps while working through regression tasks?,machine-learning-zoomcamp,1c1a0016fc
Which specific version of scikit-learn (sklearn) does Alexey employ in the YouTube tutorials for the 'Machine Learning for Regression' module of the Machine Learning ZoomCamp?,machine-learning-zoomcamp,ae58046503
What Python interpreter version accompanies sklearn 0.24.2 in the videos related to regression techniques within the Machine Learning ZoomCamp course?,machine-learning-zoomcamp,ae58046503
"In the context of Module 2 on Machine Learning for Regression from the Machine Learning ZoomCamp, which iteration of scikit-learn is utilized by Alexey in his instructional content?",machine-learning-zoomcamp,ae58046503
Could you specify the sklearn release and the corresponding Python version that Alexey references during his regression-focused lectures in the Machine Learning ZoomCamp?,machine-learning-zoomcamp,ae58046503
"For those following the 'Machine Learning for Regression' segment of the Machine Learning ZoomCamp, what are the exact sklearn and Python versions highlighted by Alexey in his video demonstrations?",machine-learning-zoomcamp,ae58046503
"What does RMSE measure in the context of regression models, and why is it important?",machine-learning-zoomcamp,a3eeeaa3ac
How is RMSE calculated from the Mean Squared Error (MSE) for a set of predictions?,machine-learning-zoomcamp,a3eeeaa3ac
Can you provide an example calculation of RMSE using a small dataset of house prices with actual values and model predictions?,machine-learning-zoomcamp,a3eeeaa3ac
What does an R² value of 75% indicate about the performance of a regression model in terms of explaining variability?,machine-learning-zoomcamp,a3eeeaa3ac
How can an unusually high R² value suggest potential overfitting in a regression model?,machine-learning-zoomcamp,a3eeeaa3ac
"In Ridge regression using Scikit-Learn, what parameter is used to specify the regularization strength?",machine-learning-zoomcamp,3ff258b230
How does increasing the `alpha` parameter in `sklearn.Ridge()` affect the model's coefficients?,machine-learning-zoomcamp,3ff258b230
What is the mathematical form of the loss function minimized by `sklearn.Ridge()`?,machine-learning-zoomcamp,3ff258b230
"In the provided lesson notebook, how is regularization implemented when computing the inverse matrix?",machine-learning-zoomcamp,3ff258b230
Where can I find additional documentation on using the `Ridge` class from Scikit-Learn?,machine-learning-zoomcamp,3ff258b230
What should I do if my homework answer does not match any of the provided options?,machine-learning-zoomcamp,8af59cb98f
How can I handle a situation where my computed result is between two possible choices in the homework question?,machine-learning-zoomcamp,8af59cb98f
"In case my calculated value for a homework problem falls within the range of two answer selections, which option should I choose?",machine-learning-zoomcamp,8af59cb98f
"When my answer to a homework question differs from all listed alternatives due to environment differences, what is the recommended approach?",machine-learning-zoomcamp,8af59cb98f
"If none of the given options align with my computed result because of varying software environments, what steps should I take?",machine-learning-zoomcamp,8af59cb98f
What specifically is meant by using 'the training only' when computing the mean in Question 3 of HW02?,machine-learning-zoomcamp,af50bd4d07
How can I calculate the mean of a specific column using only the training dataset in Python?,machine-learning-zoomcamp,af50bd4d07
Could you provide an example code snippet to compute the mean value for a column named 'column_name' from the training DataFrame `df_train`?,machine-learning-zoomcamp,af50bd4d07
What distinction is being made between using the training data set versus the validation or test data sets when calculating the mean?,machine-learning-zoomcamp,af50bd4d07
"Besides directly computing the mean, what alternative method can be used to obtain descriptive statistics including the mean for a column in the training data?",machine-learning-zoomcamp,af50bd4d07
"In the Week-2 homework for the 'machine-learning-zoomcamp' course, where is the instruction to apply a log transformation to the 'median_house_value' variable located?",machine-learning-zoomcamp,9346394db7
What specific heading in the Week-2 homework contains the guidance on transforming the target variable using a logarithmic function?,machine-learning-zoomcamp,9346394db7
"If I forget to log-transform the 'median_house_value' before answering Q3 and later questions in the Week-2 homework, what potential problem might I face?",machine-learning-zoomcamp,9346394db7
Is there any reminder or additional note scattered throughout the subsequent questions of the Week-2 homework to ensure consistent application of the log transformation to the target variable?,machine-learning-zoomcamp,9346394db7
What is the recommended action regarding the log transformation of the 'median_house_value' for every question in the Week-2 2023 cohort homework?,machine-learning-zoomcamp,9346394db7
"In the homework for Module 2, is my RMSE result for question 6 significantly different from the provided options?",machine-learning-zoomcamp,bdcc3ae17b
Why does my answer for question 6 deviate so much from the nearest option when previous questions yielded close results?,machine-learning-zoomcamp,bdcc3ae17b
What specific step must I include in the code to ensure correct initialization for questions 5 and 6 of the homework?,machine-learning-zoomcamp,bdcc3ae17b
Can you clarify the exact line of code needed to reinitialize `Idx` correctly for each iteration of `r` in question 5?,machine-learning-zoomcamp,bdcc3ae17b
Is there a common mistake related to variable initialization that could cause a large RMSE discrepancy as observed in my submission?,machine-learning-zoomcamp,bdcc3ae17b
What are some strategies for dealing with missing values before training a regression model?,machine-learning-zoomcamp,80e735cca8
Can certain algorithms inherently manage missing data during the training process?,machine-learning-zoomcamp,80e735cca8
"Is it advisable to delete rows or columns containing missing information, and when might this be appropriate?",machine-learning-zoomcamp,80e735cca8
How can feature engineering techniques assist in addressing incomplete datasets?,machine-learning-zoomcamp,80e735cca8
"Which imputation methods—such as mean, median, or mode—are most effective for filling in absent values prior to model training?",machine-learning-zoomcamp,80e735cca8
"Why does the error ""could not convert string to float: 'Nissan'"" occur when processing car brands in a machine learning model?",machine-learning-zoomcamp,56018d6f07
What is one method to encode categorical variables like car brands into numerical values for use in machine learning?,machine-learning-zoomcamp,56018d6f07
How can I perform one-hot encoding on a DataFrame column containing car brand names using pandas?,machine-learning-zoomcamp,56018d6f07
Which function in pandas facilitates the conversion of categorical data into binary columns for each category?,machine-learning-zoomcamp,56018d6f07
"After applying one-hot encoding, how will the original 'brand' column be represented in the new DataFrame?",machine-learning-zoomcamp,56018d6f07
"In the homework, what type of variable was `median_house_value` before converting it to binary format?",machine-learning-zoomcamp,b8b91119fe
Why is it necessary to convert a continuous target variable into discrete bins when calculating mutual information scores?,machine-learning-zoomcamp,b8b91119fe
What are the potential drawbacks of subjectively binning a continuous variable for mutual information calculation?,machine-learning-zoomcamp,b8b91119fe
How does changing `median_house_value` to binary format affect the interpretation of the mutual information score in our classification model?,machine-learning-zoomcamp,b8b91119fe
"According to Module 3, what is the primary reason we opted to use binary targets instead of continuous ones when evaluating feature importance?",machine-learning-zoomcamp,b8b91119fe
What steps should I follow to compute the correlation matrix for a dataset containing both numerical and categorical variables?,machine-learning-zoomcamp,abfdc60e4a
How can I identify which columns in my DataFrame are numerical versus categorical before calculating correlations?,machine-learning-zoomcamp,abfdc60e4a
Could you provide an example of how to create a correlation matrix using specific numerical columns from a pandas DataFrame?,machine-learning-zoomcamp,abfdc60e4a
What encoding technique is recommended for converting categorical data into a format suitable for correlation analysis?,machine-learning-zoomcamp,abfdc60e4a
"In the context of the Machine Learning for Classification module, which functions or methods are used to generate a correlation matrix after vectorizing categorical variables?",machine-learning-zoomcamp,abfdc60e4a
How can I color the background of a pandas DataFrame's correlation matrix based on numerical values?,machine-learning-zoomcamp,06248fbd4b
"What method in pandas allows me to apply a gradient color scheme to a DataFrame, such as a correlation matrix?",machine-learning-zoomcamp,06248fbd4b
Which color map options are available when using `pandas.io.formats.style.Styler.background_gradient` for visualizing a correlation matrix?,machine-learning-zoomcamp,06248fbd4b
Is it necessary to ensure that the DataFrame contains only numerical values before calculating and styling its correlation matrix?,machine-learning-zoomcamp,06248fbd4b
Can you provide an example of how to use `df_numerical_only.corr()` in conjunction with `style.background_gradient(cmap='viridis')` to visualize a correlation matrix?,machine-learning-zoomcamp,06248fbd4b
How can I use the `unstack()` method to display the absolute values of feature correlations in a sorted DataFrame?,machine-learning-zoomcamp,45482efa5e
What is the purpose of setting `annot=True` and `square=True` when creating a heatmap with Seaborn?,machine-learning-zoomcamp,45482efa5e
Could you explain how to create a triangular mask for a correlation heatmap using NumPy's `triu()` function?,machine-learning-zoomcamp,45482efa5e
What parameters should be used with `sns.diverging_palette()` to generate a colormap ranging from blue to red?,machine-learning-zoomcamp,45482efa5e
How can I customize the title and font size of a Seaborn heatmap displaying numerical feature correlations?,machine-learning-zoomcamp,45482efa5e
Which dataset should be exclusively used for Exploratory Data Analysis (EDA) during the machine learning classification course?,machine-learning-zoomcamp,0c6414cf51
Is it permissible to incorporate the validation set when conducting EDA in Module 3 of the Machine Learning for Classification course?,machine-learning-zoomcamp,0c6414cf51
"Why must we avoid inspecting the test dataset during EDA, as instructed in the Machine Learning Zoomcamp course?",machine-learning-zoomcamp,0c6414cf51
What is the rationale behind treating the test dataset as unseen data during exploratory analysis in this machine learning module?,machine-learning-zoomcamp,0c6414cf51
"In the context of Module 3 from the Machine Learning Zoomcamp, what are the recommended practices for handling datasets during the EDA phase?",machine-learning-zoomcamp,0c6414cf51
What is the purpose of using a validation dataset in model optimization?,machine-learning-zoomcamp,356445714b
How does the `DictVectorizer` class handle categorical features during fitting?,machine-learning-zoomcamp,356445714b
Why should the `fit` method of `DictVectorizer` not be applied to validation data?,machine-learning-zoomcamp,356445714b
What are the correct steps to apply `DictVectorizer` when preparing training and validation datasets?,machine-learning-zoomcamp,356445714b
What potential problem arises if information leakage occurs due to improper use of validation data during model training?,machine-learning-zoomcamp,356445714b
What method should I use instead of `get_feature_names` to retrieve feature names in the latest scikit-learn version?,machine-learning-zoomcamp,c928a85179
How do I retrieve feature names from a `DictVectorizer` object after it has been fitted?,machine-learning-zoomcamp,c928a85179
"What is the specific warning message indicating when using `get_feature_names`, and why is it issued?",machine-learning-zoomcamp,c928a85179
"When will the `get_feature_names` method be completely removed from scikit-learn, and what version should I upgrade to avoid this deprecation?",machine-learning-zoomcamp,c928a85179
Can you provide an example of how to use `.get_feature_names_out()` in a classification task with scikit-learn?,machine-learning-zoomcamp,c928a85179
Why does fitting a logistic regression model in Jupyter take a long time or cause the kernel to crash when using the `predict()` method?,machine-learning-zoomcamp,b27e47d7ca
What should I verify about my target variable to prevent kernel crashes during logistic regression fitting in Module 3 of the Machine Learning Zoomcamp course?,machine-learning-zoomcamp,b27e47d7ca
Are there any common issues with binary classification tasks that might lead to a crashing Jupyter kernel while performing logistic regression?,machine-learning-zoomcamp,b27e47d7ca
"In the context of the Machine Learning Zoomcamp curriculum, what specific condition related to the target variable can cause problems when executing logistic regression predictions?",machine-learning-zoomcamp,b27e47d7ca
How can I troubleshoot a situation where my Jupyter notebook's kernel fails after attempting to fit and predict using a logistic regression model in Module 3?,machine-learning-zoomcamp,b27e47d7ca
What is ridge regression and how does it address multicollinearity in linear models?,machine-learning-zoomcamp,ef52b72189
Can you explain the purpose of the 'sag' solver in Ridge regression and why it is efficient for large datasets?,machine-learning-zoomcamp,ef52b72189
"How does the alpha parameter influence the regularization strength in Ridge regression, and what happens when its value is increased?",machine-learning-zoomcamp,ef52b72189
"In a Python implementation using scikit-learn, how would you specify the ridge regression model with the sag solver and set a random state for reproducibility?",machine-learning-zoomcamp,ef52b72189
What are the key differences between using the 'sag' solver versus other solvers like 'lbfgs' or 'svd' in Ridge regression?,machine-learning-zoomcamp,ef52b72189
How does `DictVectorizer(sparse=True)` differ from `pandas.get_dummies()` in the representation of one-hot encodings?,machine-learning-zoomcamp,947bf26d84
"What is the memory efficiency advantage of using CSR format over a dense matrix for categorical features with many classes, such as car models?",machine-learning-zoomcamp,947bf26d84
Why does `DictVectorizer(sparse=True)` converge faster during model fitting compared to a non-sparse representation?,machine-learning-zoomcamp,947bf26d84
What are the performance implications for Linear/Ridge Regression when using sparse format versus dense one-hot encoding for high-class features?,machine-learning-zoomcamp,947bf26d84
What warning messages might appear if we opt not to use sparse format with a large number of categorical classes in `DictVectorizer`?,machine-learning-zoomcamp,947bf26d84
What does the ConvergenceWarning indicating that max_iter was reached imply about the model's coefficients?,machine-learning-zoomcamp,feed303fc9
How can normalizing numerical features help in addressing convergence issues during Ridge regression?,machine-learning-zoomcamp,feed303fc9
What encoding method should be applied to categorical features to prepare them for use in a Ridge regression model?,machine-learning-zoomcamp,feed303fc9
"After scaling numerical features and encoding categorical features, what is the next step to combine these into a usable feature matrix?",machine-learning-zoomcamp,feed303fc9
Where can I find an example notebook that demonstrates how to scale numerical features and apply one-hot encoding to resolve convergence warnings in Ridge regression?,machine-learning-zoomcamp,feed303fc9
What is the primary advantage of using a sparse matrix over a dense matrix in memory usage?,machine-learning-zoomcamp,0d7b521e27
"How does `DictVectorizer` handle feature representation by default, and why might this be beneficial for large datasets with many zero values?",machine-learning-zoomcamp,0d7b521e27
"In Week 3, Question 6 of the 'machine-learning-zoomcamp' course under Module 3. Machine Learning for Classification, why was using the default sparse configuration preferable to dense mode?",machine-learning-zoomcamp,0d7b521e27
What performance issues could arise when training a model on a dense matrix compared to a sparse matrix for large datasets?,machine-learning-zoomcamp,0d7b521e27
Can you explain how storing only non-zero values and their positions in memory contributes to the efficiency of sparse matrices in handling extensive data with numerous missing or zero entries?,machine-learning-zoomcamp,0d7b521e27
What command should I use in a Jupyter Notebook to suppress all warning messages during machine learning tasks in Module 3 of the 'Machine Learning ZoomCamp' course?,machine-learning-zoomcamp,9610a0de1d
How can I ignore warnings programmatically within a Python script running inside a Jupyter environment for classification models covered in the specified module?,machine-learning-zoomcamp,9610a0de1d
"In the context of the Machine Learning ZoomCamp curriculum, which Python library and function combination is recommended to filter out warning outputs while executing code cells?",machine-learning-zoomcamp,9610a0de1d
What specific line of Python code must be inserted at the beginning of my notebook to prevent warnings from being displayed when working on classification algorithms in Module 3?,machine-learning-zoomcamp,9610a0de1d
"During the execution of machine learning exercises in Jupyter Notebooks as part of Module 3 of the Machine Learning ZoomCamp, which import statement and subsequent call are necessary to disable warning messages effectively?",machine-learning-zoomcamp,9610a0de1d
"For Homework 3 Question 3, which variable should I binarize based on whether its price is above the average to use in calculating the mutual information score?",machine-learning-zoomcamp,f969361ef4
"In the mutual information calculation for HW3 Q3, what categorical variable from the dataset must be paired with the binarized price variable?",machine-learning-zoomcamp,f969361ef4
"When determining the mutual information score for Homework 3 Question 3, which specific column representing property location should I consider alongside the binary price indicator?",machine-learning-zoomcamp,f969361ef4
"For the mutual information computation required in HW3 Q3, apart from the binarized price (above_average), what other feature reflects categorical data that needs to be used?",machine-learning-zoomcamp,f969361ef4
"In calculating the mutual information score for Homework 3 Question 3 using only the training set, which unique categorical attribute related to property proximity must I evaluate together with the binary price variable?",machine-learning-zoomcamp,f969361ef4
How does OneHotEncoder convert categorical data into numerical format compared to DictVectorizer?,machine-learning-zoomcamp,e35e6adc78
What type of input does OneHotEncoder accept versus DictVectorizer for transforming categorical features?,machine-learning-zoomcamp,e35e6adc78
"In terms of output, do both OneHotEncoder and DictVectorizer yield the same encoded feature set, or are there differences in ordering?",machine-learning-zoomcamp,e35e6adc78
"If I prefer a specific order of features in the encoded output, which tool should I choose between OneHotEncoder and DictVectorizer?",machine-learning-zoomcamp,e35e6adc78
What is the primary distinction between using an array input for OneHotEncoder and a dictionary input for DictVectorizer?,machine-learning-zoomcamp,e35e6adc78
What are the primary input and output types for `pandas.get_dummies` compared to `sklearn.OneHotEncoder`?,machine-learning-zoomcamp,146d28247c
How do these two methods differ in their handling of missing values during one-hot encoding?,machine-learning-zoomcamp,146d28247c
In what scenarios would you prefer using `pandas.get_dummies` over `sklearn.OneHotEncoder` for categorical variable encoding?,machine-learning-zoomcamp,146d28247c
Can you provide an example where the results from `pandas.get_dummies` and `sklearn.OneHotEncoder` are identical despite their methodological differences?,machine-learning-zoomcamp,146d28247c
Why might one choose `sklearn.OneHotEncoder` when integrating categorical data into a scikit-learn machine learning pipeline?,machine-learning-zoomcamp,146d28247c
What parameter should I use instead of `sparse` when initializing a OneHotEncoder in scikit-learn version 1.2 or later?,machine-learning-zoomcamp,548dcc8a3c
How can I obtain a dense array output from the OneHotEncoder in the updated scikit-learn API?,machine-learning-zoomcamp,548dcc8a3c
"If my code previously specified `OneHotEncoder(sparse=False)`, what exact modification is required to avoid a TypeError?",machine-learning-zoomcamp,548dcc8a3c
What type of data structure does the OneHotEncoder return when `sparse_output=True`?,machine-learning-zoomcamp,548dcc8a3c
How can I convert a sparse matrix output from the OneHotEncoder into a dense array?,machine-learning-zoomcamp,548dcc8a3c
Should I compute feature correlations on the training set or the entire dataset before splitting?,machine-learning-zoomcamp,c85cd9f595
"After dividing my data into training and testing subsets, how do I identify the two most correlated features in the training data?",machine-learning-zoomcamp,c85cd9f595
What is the recommended approach to calculate correlation coefficients when preparing a classification model?,machine-learning-zoomcamp,c85cd9f595
"In the context of machine learning classification, which dataset should be used to assess feature correlations prior to model training?",machine-learning-zoomcamp,c85cd9f595
How can I programmatically determine the pair of attributes with the highest correlation within my training data set?,machine-learning-zoomcamp,c85cd9f595
How can I convert categorical features into numerical representations using scikit-learn?,machine-learning-zoomcamp,c4be895874
What is the purpose of one-hot encoding in machine learning preprocessing?,machine-learning-zoomcamp,c4be895874
Which scikit-learn encoder should I use to transform ordinal categories into integers?,machine-learning-zoomcamp,c4be895874
"After encoding, how do I standardize numerical features to have zero mean and unit variance?",machine-learning-zoomcamp,c4be895874
In which module of the 'machine-learning-zoomcamp' course is the discussion on transforming non-numerical columns covered?,machine-learning-zoomcamp,c4be895874
When should I prefer using FeatureHasher over DictVectorizer for categorical features?,machine-learning-zoomcamp,862909f457
What memory considerations influence the choice between FeatureHasher and DictVectorizer?,machine-learning-zoomcamp,862909f457
How does the cardinality of categorical features affect the decision to use FeatureHasher or DictVectorizer?,machine-learning-zoomcamp,862909f457
"If maintaining feature names is important and the dataset has a limited number of unique values, which transformer should I select?",machine-learning-zoomcamp,862909f457
Where can I find additional guidance on comparing FeatureHasher and DictVectorizer for text classification tasks?,machine-learning-zoomcamp,862909f457
Why is it important to avoid data leakage when preparing features for machine learning classification tasks?,machine-learning-zoomcamp,03e27c386a
"What are the recommended practices outlined in the scikit-learn documentation regarding the timing of feature transformation steps like `DictVectorizer` or one-hot encoding relative to splitting the dataset into training, validation, and test sets?",machine-learning-zoomcamp,03e27c386a
Could performing feature transformations such as `DictVectorizer` or one-hot encoding before splitting the data potentially compromise model evaluation results?,machine-learning-zoomcamp,03e27c386a
How does the order of operations—splitting the dataset versus transforming features—affect the fairness of cross-validation in classification models?,machine-learning-zoomcamp,03e27c386a
"What specific pitfalls related to data leakage are highlighted in the scikit-learn common pitfalls documentation, and why should these be avoided when using text or categorical feature encoding methods?",machine-learning-zoomcamp,03e27c386a
What are the various encoding techniques discussed in the article about categorical variable encoding?,machine-learning-zoomcamp,6be83091d9
Which URL provides a detailed explanation of all categorical variable encoding methods?,machine-learning-zoomcamp,6be83091d9
In which module of the 'machine-learning-zoomcamp' course is the content about encoding techniques located?,machine-learning-zoomcamp,6be83091d9
What specific section within Module 3 focuses on machine learning for classification tasks involving categorical variables?,machine-learning-zoomcamp,6be83091d9
What is the unique identifier assigned to the FAQ record concerning encoding techniques in this course?,machine-learning-zoomcamp,6be83091d9
"Why am I encountering a `TypeError: 'numpy.float64' object is not callable` when using `accuracy_score(y_val, y_pred >= 0.5)` in Jupyter?",machine-learning-zoomcamp,5686aea16e
"In the context of binary classification with sklearn, how should I correctly compute the accuracy score for predicted probabilities compared to true labels?",machine-learning-zoomcamp,5686aea16e
What import statement resolves the issue where directly calling `accuracy_score` from `sklearn.metrics` results in a `TypeError: 'numpy.float64' object is not callable'` error?,machine-learning-zoomcamp,5686aea16e
How does importing `metrics` from `sklearn` instead of directly using `accuracy_score` from `sklearn` affect the execution of my classification evaluation code?,machine-learning-zoomcamp,5686aea16e
"Within Module 3 of the machine-learning-zoomcamp course, what is the recommended approach to avoid the `TypeError: 'numpy.float64' object is not callable` when evaluating model accuracy in a Jupyter notebook?",machine-learning-zoomcamp,5686aea16e
Can you explain how the `.decision_function()` method works in Scikit-Learn’s LogisticRegression?,machine-learning-zoomcamp,28f7297895
What output does `.predict_proba()` produce when applied to a trained LogisticRegression model?,machine-learning-zoomcamp,28f7297895
How are the raw values obtained from `.decision_function()` transformed into probabilities by `.predict_proba()`?,machine-learning-zoomcamp,28f7297895
In what way does the sigmoid function play a role in converting raw decision function outputs into class probabilities?,machine-learning-zoomcamp,28f7297895
Could you provide an illustration or diagram showing the difference between the outputs of `.decision_function()` and `.predict_proba()` for a LogisticRegression model?,machine-learning-zoomcamp,28f7297895
What causes a KeyError when attempting to drop features after they have been one-hot encoded?,machine-learning-zoomcamp,1fe12ec81c
How can I correctly remove columns that were created by one-hot encoding from my DataFrame?,machine-learning-zoomcamp,1fe12ec81c
"If I one-hot encode a categorical feature like 'marital', which new columns should I drop to avoid a KeyError?",machine-learning-zoomcamp,1fe12ec81c
"What is the relationship between the original column name and the resulting one-hot encoded columns, and how does this affect dropping them?",machine-learning-zoomcamp,1fe12ec81c
"After performing one-hot encoding on a dataset, what steps should I take to safely eliminate all redundant or unnecessary columns without triggering a KeyError?",machine-learning-zoomcamp,1fe12ec81c
"In the 'Machine Learning for Classification' module of the machine-learning-zoomcamp course, why does calling `get_feature_names()` on a DictVectorizer result in an error?",machine-learning-zoomcamp,92d84c1a65
What is the recommended method to retrieve feature names from a DictVectorizer after version 1.0 of scikit-learn?,machine-learning-zoomcamp,92d84c1a65
How can I explicitly list all the transformed feature names generated by a DictVectorizer in the latest scikit-learn versions?,machine-learning-zoomcamp,92d84c1a65
Which function should be used instead of `get_feature_names` for obtaining feature names from a DictVectorizer in sklearn post-2020?,machine-learning-zoomcamp,92d84c1a65
"When working with scikit-learn 1.0 or later, what is the correct syntax to access feature names produced by a DictVectorizer within Module 3 of the machine-learning-zoomcamp course?",machine-learning-zoomcamp,92d84c1a65
Why am I encountering a TypeError when using the corrwith function in pandas?,machine-learning-zoomcamp,babaec2a7d
How can I convert the `totalcharges` column from an object type to a numeric type in my DataFrame?,machine-learning-zoomcamp,babaec2a7d
What should I do if the `churn` column contains string values like 'yes' and needs to be treated as numeric for correlation calculations?,machine-learning-zoomcamp,babaec2a7d
"In the churn dataset, what causes the `totalcharges` column to be stored as an object despite containing numerical data?",machine-learning-zoomcamp,babaec2a7d
How can I handle missing values represented by spaces in the `totalcharges` column before performing correlation analysis?,machine-learning-zoomcamp,babaec2a7d
Why am I encountering an AttributeError stating that 'DataFrame' object has no attribute 'TotalCharges' after executing the cell again?,machine-learning-zoomcamp,e8177805be
What caused the column name 'TotalCharges' to be changed to 'totalcharges' in my DataFrame?,machine-learning-zoomcamp,e8177805be
How can I prevent the error from occurring when trying to access 'TotalCharges' after running the column renaming code twice?,machine-learning-zoomcamp,e8177805be
"Is there a way to ensure that the column renaming operation is applied only once, even if the cell is executed multiple times?",machine-learning-zoomcamp,e8177805be
What are the recommended approaches to handle idempotent operations on DataFrame columns within Module 3 of the Machine Learning Zoomcamp course?,machine-learning-zoomcamp,e8177805be
What delimiter is used in the `bank-full.csv` file?,machine-learning-zoomcamp,61ea97f62e
How can I correctly import a CSV file where columns are separated by semicolons using pandas?,machine-learning-zoomcamp,61ea97f62e
Why isn't pandas automatically detecting the column separators in `bank-full.csv`?,machine-learning-zoomcamp,61ea97f62e
What command should I use in Python to read a dataset with semicolon-separated values into a DataFrame?,machine-learning-zoomcamp,61ea97f62e
In which module of the 'machine-learning-zoomcamp' course do we learn how to handle CSV files with custom delimiters?,machine-learning-zoomcamp,61ea97f62e
What is the recommended way to resolve the `ConvergenceWarning` for `LogisticRegression` due to `lbfgs` not converging?,machine-learning-zoomcamp,6c86147699
"If I increase `max_iter`, how many iterations should I set to help the convergence of `LogisticRegression`?",machine-learning-zoomcamp,6c86147699
Should I preprocess my feature data before fitting a `LogisticRegression` model to mitigate convergence issues?,machine-learning-zoomcamp,6c86147699
How can I temporarily suppress the `ConvergenceWarning` during training without altering the model configuration?,machine-learning-zoomcamp,6c86147699
"Why did this warning not appear in older versions of Python and scikit-learn, but it does in the current environment?",machine-learning-zoomcamp,6c86147699
Which dataset should be used to compute the correlation matrix for feature selection in Module 3 Homework of the machine-learning-zoomcamp course?,machine-learning-zoomcamp,71f360d8eb
"Is `df_train` or `df_train_full` the appropriate choice when calculating correlations among features, particularly for converting `median_house_value` to a binary variable as discussed in question Q2?",machine-learning-zoomcamp,71f360d8eb
Why is it recommended to exclude `df_train_full` from the correlation analysis and focus solely on `df_train` during feature engineering exercises in this course module?,machine-learning-zoomcamp,71f360d8eb
What specific rationale supports using only `df_train` instead of `df_train_full` when determining correlations between features for the upcoming homework assignment?,machine-learning-zoomcamp,71f360d8eb
"Could you confirm whether the correlation matrix should be derived exclusively from `df_train`, and if so, why is it necessary to avoid including `df_train_full` in this computation?",machine-learning-zoomcamp,71f360d8eb
"In Q5 of the Module 3 homework for machine-learning-zoomcamp, when determining the smallest difference in accuracy due to feature elimination, should we consider the actual negative differences or convert them to their absolute values?",machine-learning-zoomcamp,16711f1a2f
"For feature elimination assessment in Homework Q5, does a more negative accuracy difference indicate that removing a feature improved model performance?",machine-learning-zoomcamp,16711f1a2f
How should we interpret a negative accuracy difference when evaluating feature importance in the Module 3 homework of machine-learning-zoomcamp?,machine-learning-zoomcamp,16711f1a2f
"In the context of feature elimination for the Module 3 Homework, what criterion defines the 'smallest' difference between accuracies after adding or removing a feature?",machine-learning-zoomcamp,16711f1a2f
"When comparing accuracy differences resulting from feature removal in the machine-learning-zoomcamp course's Module 3 Homework Q5, does the comparison rely on absolute values rather than signed values?",machine-learning-zoomcamp,16711f1a2f
What is the method to determine the optimal alpha parameter for model performance in Module 3 of Machine Learning ZoomCamp?,machine-learning-zoomcamp,cbd581f803
"How should I compare different RMSE scores when selecting an alpha value, and what should be done if two alphas yield identical RMSE values?",machine-learning-zoomcamp,cbd581f803
Which criteria are used to choose between multiple alpha parameters that produce the same root mean squared error (RMSE) during model evaluation in Homework of Module 3?,machine-learning-zoomcamp,cbd581f803
"In the context of Machine Learning ZoomCamp's Module 3 Homework, what procedure should be followed when RMSE scores for various alpha candidates are equal?",machine-learning-zoomcamp,cbd581f803
What guideline is provided for selecting the alpha parameter when evaluating models with respect to their RMSE metrics in the Q6 section of the Machine Learning ZoomCamp curriculum?,machine-learning-zoomcamp,cbd581f803
Should I train the initial model using all available features before evaluating the impact of each individual feature?,machine-learning-zoomcamp,4b0519f085
What is the process for systematically removing one feature at a time to assess its effect on model accuracy?,machine-learning-zoomcamp,4b0519f085
How do I calculate the change in accuracy when each feature is individually excluded from the training set?,machine-learning-zoomcamp,4b0519f085
Which method should be used to determine the least impactful feature based on accuracy differences?,machine-learning-zoomcamp,4b0519f085
"If the accuracy improvements are -4 and -2 after removing different features, which absolute difference should guide my decision?",machine-learning-zoomcamp,4b0519f085
"In Homework 3, Week 3's 'test_train_split' question, should I set `random_state` to 42 for both the training and testing data splits?",machine-learning-zoomcamp,40abba5fd9
Does the FAQ indicate whether using a specific random seed value is required for reproducibility in the dataset splitting process of Homework 3?,machine-learning-zoomcamp,40abba5fd9
"When performing the data split exercise in Homework 3, am I expected to maintain consistency by applying `random_state=42` across all instances where randomness is involved?",machine-learning-zoomcamp,40abba5fd9
"Is there guidance on the necessity of using a fixed random seed throughout the homework assignments, particularly for ensuring identical results when running the code multiple times?",machine-learning-zoomcamp,40abba5fd9
"For the splitting operation described in Homework 3's Week 3 assignment, does the FAQ specify that the `random_state` parameter must be uniformly set to 42 for guaranteeing repeatable outcomes?",machine-learning-zoomcamp,40abba5fd9
"In Module 3 of the machine-learning-zoomcamp course, during Homework Q6, what is the primary objective when selecting a smaller `C` value for a model?",machine-learning-zoomcamp,b5c44e4f07
How should we evaluate different `C` values to determine which one yields the best performance on our dataset according to the FAQ record from Homework Q6 in Module 3 of the machine-learning-zoomcamp course?,machine-learning-zoomcamp,b5c44e4f07
"What trade-off must be considered while choosing the smallest `C` that results in the highest accuracy, as outlined in the FAQ for Homework Q6 in Module 3 of the machine-learning-zoomcamp course?",machine-learning-zoomcamp,b5c44e4f07
"According to the FAQ for Homework Q6 in Module 3 of the machine-learning-zoomcamp course, which metric should take precedence when finding an optimal `C` value—accuracy or the magnitude of `C`?",machine-learning-zoomcamp,b5c44e4f07
What specific guidance does the FAQ provide for balancing the minimization of `C` with the maximization of accuracy during the Homework Q6 exercise in Module 3 of the machine-learning-zoomcamp course?,machine-learning-zoomcamp,b5c44e4f07
Why am I achieving an accuracy of 1.0 on my homework model?,machine-learning-zoomcamp,1a96e5837b
Could overfitting be the reason for my perfect accuracy result?,machine-learning-zoomcamp,1a96e5837b
What specific column should I remove to potentially reduce overfitting in my model?,machine-learning-zoomcamp,1a96e5837b
How might dropping the `msrp/price` column impact the performance of my machine learning model?,machine-learning-zoomcamp,1a96e5837b
"After removing the `msrp/price` column, what steps should I take to re-evaluate my model's accuracy?",machine-learning-zoomcamp,1a96e5837b
What happens if we set the regularization strength parameter C to 0.0 in logistic regression?,machine-learning-zoomcamp,a7e230bfb4
Why does setting `C` to 0 cause an error in scikit-learn's Logistic Regression implementation?,machine-learning-zoomcamp,a7e230bfb4
Can infinite regularization be achieved by configuring the `C` parameter in a regularized logistic regression model?,machine-learning-zoomcamp,a7e230bfb4
What specific exception is raised when attempting to train a logistic regression model with `C=0.0` using scikit-learn?,machine-learning-zoomcamp,a7e230bfb4
"In the context of logistic regression, how does the value of `C` relate to the amount of regularization applied?",machine-learning-zoomcamp,a7e230bfb4
When should I fill missing values before or after splitting the dataset for question Q4?,machine-learning-zoomcamp,ce78527441
What are the trade-offs between handling missing data prior to splitting versus within each individual question script in module 3 homework of the machine-learning-zoomcamp course?,machine-learning-zoomcamp,ce78527441
"Does filling numerical features with a mean (computed from train data only) constitute data leakage, and how should I handle it for Q4?",machine-learning-zoomcamp,ce78527441
"If the homework specifies filling categorical columns with 'NA' and numerical columns with 0.0, is it safe to perform these fillna operations before splitting the data without risking data leakage?",machine-learning-zoomcamp,ce78527441
"In a production environment where source data often contains missing values, why might it be preferable not to fill them during initial ingestion, and how does this relate to the Q4 question of handling missing data?",machine-learning-zoomcamp,ce78527441
"In Module 4 of machine-learning-zoomcamp, how can I correctly import a CSV file named 'bank-full.csv' into a pandas DataFrame?",machine-learning-zoomcamp,56ebfe8111
What specific delimiter should I specify when reading the 'bank-full.csv' file using pandas' read_csv function?,machine-learning-zoomcamp,56ebfe8111
Which Python statement is used to load external data from a CSV file into a pandas DataFrame in this course's Module 4?,machine-learning-zoomcamp,56ebfe8111
Where can I find the relevant code snippet for importing data from 'bank-full.csv' within the machine-learning-zoomcamp curriculum?,machine-learning-zoomcamp,56ebfe8111
What caution should I keep in mind regarding the data separator when working with the 'bank-full.csv' dataset in Module 4 of the machine-learning-zoomcamp course?,machine-learning-zoomcamp,56ebfe8111
What specific evaluation metrics are covered in Module 4 of the Machine Learning ZoomCamp?,machine-learning-zoomcamp,afd915ae5b
"How does the module address common pitfalls, such as data leakage and improper validation, when evaluating classification models?",machine-learning-zoomcamp,afd915ae5b
"Can you explain how precision, recall, ROC curves, and precision‑recall curves are used to critically assess model performance in real‑world scenarios?",machine-learning-zoomcamp,afd915ae5b
What strategies does the evaluation module suggest for selecting appropriate metrics based on class balance and the costs associated with different types of errors?,machine-learning-zoomcamp,afd915ae5b
"How is the conceptual knowledge from Module 4 applied practically in model comparison, threshold selection, and reporting outcomes during actual machine learning projects?",machine-learning-zoomcamp,afd915ae5b
When is it necessary to specify the `random_state` parameter in scikit-learn functions?,machine-learning-zoomcamp,636cd61ba8
How does setting a specific value for `random_state` affect the results of machine learning algorithms that involve random processes?,machine-learning-zoomcamp,636cd61ba8
In which scenarios should both `random_state` and `shuffle` be explicitly set when working with datasets in sklearn?,machine-learning-zoomcamp,636cd61ba8
What role does the `random_state` parameter play in ensuring reproducibility during model training and evaluation?,machine-learning-zoomcamp,636cd61ba8
Can you explain how the `random_state` parameter interacts with other parameters like `shuffle` to control randomness in data splitting or feature selection procedures?,machine-learning-zoomcamp,636cd61ba8
"What function in scikit-learn provides a comprehensive report of classification metrics such as precision, recall, F1 score, and accuracy?",machine-learning-zoomcamp,234fd096e4
Where can I find the documentation for generating a detailed classification report using scikit-learn?,machine-learning-zoomcamp,234fd096e4
Which module in our machine learning course covers evaluation metrics specifically for classification tasks?,machine-learning-zoomcamp,234fd096e4
"How can I simultaneously obtain multiple performance measures (precision, recall, F1 score, accuracy) for a classifier in Python?",machine-learning-zoomcamp,234fd096e4
What is the identifier for the FAQ entry that explains how to retrieve all classification metrics in the 'machine-learning-zoomcamp' course?,machine-learning-zoomcamp,234fd096e4
"Why am I encountering a `ValueError` that states 'This solver needs samples of at least 2 classes in the data, but the data contains only one class: 0' during my classification model training?",machine-learning-zoomcamp,fd83a2e6ad
"What specific line of code is responsible for converting the `churn` column to binary values, and how can I verify its correctness?",machine-learning-zoomcamp,fd83a2e6ad
How can I ensure that my dataset includes both the classes '0' and '1' after applying the conversion `df.churn = (df.churn == 'yes').astype(int)`?,machine-learning-zoomcamp,fd83a2e6ad
What steps should I take to confirm that no preprocessing or data filtering operations are unintentionally removing records with class '1'?,machine-learning-zoomcamp,fd83a2e6ad
In what ways can I check my dataset prior to model training to guarantee it contains examples of both churn and non-churn customers?,machine-learning-zoomcamp,fd83a2e6ad
What library can I use to generate visually appealing classification reports in Python?,machine-learning-zoomcamp,ebcd9b6783
How can I combine scikit-learn models with visualization tools to create colorful output for model evaluation?,machine-learning-zoomcamp,ebcd9b6783
Which module of the 'machine-learning-zoomcamp' course covers techniques for creating attractive classification metrics?,machine-learning-zoomcamp,ebcd9b6783
"In the context of evaluating classification models, what tool is recommended for producing high-quality visual reports?",machine-learning-zoomcamp,ebcd9b6783
What specific library integrates with scikit-learn to provide enhanced visualizations for classification tasks?,machine-learning-zoomcamp,ebcd9b6783
How can I assess the significance of numerical features in a classification model using the area under the ROC curve?,machine-learning-zoomcamp,573c63b800
What function from scikit-learn should I employ to compute the ROC AUC score for evaluating numerical feature importance?,machine-learning-zoomcamp,573c63b800
In which module of the 'machine-learning-zoomcamp' course do I find guidance on utilizing AUC to rank numerical variables by their contribution to model performance?,machine-learning-zoomcamp,573c63b800
Where can I locate the solution examples demonstrating the application of `roc_auc_score` from 2021's iteration of this course?,machine-learning-zoomcamp,573c63b800
"Which evaluation metric, as introduced in Module 4, is recommended for quantifying how well numerical predictors distinguish between classes?",machine-learning-zoomcamp,573c63b800
What are the required parameters for the `roc_auc_score` function in scikit-learn?,machine-learning-zoomcamp,c213e31ea0
How should the numerical features be formatted when calculating AUC using `sklearn.metrics.roc_auc_score`?,machine-learning-zoomcamp,c213e31ea0
In which module of the Machine Learning Zoomcamp course is the ROC AUC score discussed?,machine-learning-zoomcamp,c213e31ea0
What specific function from scikit-learn is used to compute the ROC AUC score?,machine-learning-zoomcamp,c213e31ea0
Where can I find detailed documentation for the `roc_auc_score` function within the course materials?,machine-learning-zoomcamp,c213e31ea0
"How does the KFold cross-validation technique split the dataset, and what is its purpose in evaluating model performance?",machine-learning-zoomcamp,24d2042733
"In the provided code snippet `KFold(n_splits=n_splits, shuffle=True, random_state=1)`, what role does the `random_state` parameter play, and why might changing it affect the results?",machine-learning-zoomcamp,24d2042733
"Should the KFold object be instantiated inside or outside a loop that iterates over different regularization parameters, and why does this placement matter?",machine-learning-zoomcamp,24d2042733
"What is the significance of using `shuffle=True` in the KFold setup, and how does it influence the training and validation splits across folds?",machine-learning-zoomcamp,24d2042733
Where can I find more detailed information about the implementation and usage of KFold as described in the scikit-learn documentation?,machine-learning-zoomcamp,24d2042733
What is the correct way to call `roc_auc_score` when evaluating feature importance of a single numerical variable?,machine-learning-zoomcamp,2488656439
"Why does passing incorrect parameters to `roc_auc_score` result in the error ""multi_class must be in ('ovo', 'ovr')""?",machine-learning-zoomcamp,2488656439
Which module of the machine-learning-zoomcamp course covers evaluation metrics for classification that includes `roc_auc_score`?,machine-learning-zoomcamp,2488656439
How can I avoid the ValueError when using `roc_auc_score` to assess a numerical feature’s importance as described in question 1?,machine-learning-zoomcamp,2488656439
What parameters should be included in the function call to `roc_auc_score` to prevent the raised ValueError during model evaluation?,machine-learning-zoomcamp,2488656439
Why is it beneficial to invert variables with ROC AUC scores below a specific threshold when working with negatively correlated features?,machine-learning-zoomcamp,6a8dccc107
How does inverting lower-performing features impact the overall importance of features in a machine learning model?,machine-learning-zoomcamp,6a8dccc107
What problem does aligning feature correlations with algorithm expectations solve during model training?,machine-learning-zoomcamp,6a8dccc107
In which module of the 'machine-learning-zoomcamp' course is the technique of inverting variables based on ROC AUC scores discussed?,machine-learning-zoomcamp,6a8dccc107
What specific evaluation metric mentioned in Module 4 pertains to assessing classification models where inverting features might be applied?,machine-learning-zoomcamp,6a8dccc107
"What is the primary difference between using `predict(X)` and `predict_proba(X)[:, 1]` in a binary classification model?",machine-learning-zoomcamp,139ae54c4f
"How does `predict_proba(X)[:, 1]` enhance evaluation accuracy compared to `predict(X)`?",machine-learning-zoomcamp,139ae54c4f
"In what scenarios should one prefer `predict_proba(X)[:, 1]` over `predict(X)` for assessing class membership probabilities?",machine-learning-zoomcamp,139ae54c4f
Can you explain why direct predictions from `predict(X)` might lead to misleading evaluation metrics in classification tasks?,machine-learning-zoomcamp,139ae54c4f
"What output does `predict_proba(X)` generate, and how is the specific column `[:, 1]` relevant to binary outcomes?",machine-learning-zoomcamp,139ae54c4f
"When the threshold in a binary classification model using a sigmoid function is set to 1.0, why do both the False Positive Rate (FPR) and True Positive Rate (TPR) become zero?",machine-learning-zoomcamp,921879ea38
"What happens to the predictions of a churn/not churn model when the decision threshold is increased to 1.0, given that the model's output `g(x)` from a sigmoid function ranges between 0 and 1?",machine-learning-zoomcamp,921879ea38
Why does no sample meet the criteria for being classified as churn (positive class) when the threshold is set to 1.0 in a model using a sigmoid activation function?,machine-learning-zoomcamp,921879ea38
"In a binary classification context with a sigmoid function, how does setting the decision threshold to its maximum possible value (1.0) affect the calculation of FPR and TPR?",machine-learning-zoomcamp,921879ea38
"Explain why achieving a true positive or false positive rate of zero occurs when the prediction threshold for a churn model is set to 1.0, despite the sigmoid output never exactly reaching these boundary values.",machine-learning-zoomcamp,921879ea38
What is the purpose of annotating a graph in Matplotlib?,machine-learning-zoomcamp,80176f658d
Which method should I use to annotate specific coordinates on a plot with text and an arrow?,machine-learning-zoomcamp,80176f658d
How can I specify the position of the annotation text relative to the target point on the plot?,machine-learning-zoomcamp,80176f658d
What parameters are required when using `plt.annotate()` to label a point with its optimal threshold and F1 score?,machine-learning-zoomcamp,80176f658d
Can you provide an example of how to annotate a graph at the coordinates corresponding to the optimal threshold and maximum F1 score?,machine-learning-zoomcamp,80176f658d
What exactly does the ROC curve represent in binary classification?,machine-learning-zoomcamp,3c04f56b5d
Why is the ROC AUC considered one of the most important metrics for evaluating classification models?,machine-learning-zoomcamp,3c04f56b5d
"Can you recommend any additional resources (videos, lectures, notes) that explain the ROC curve concept more thoroughly?",machine-learning-zoomcamp,3c04f56b5d
Is it acceptable to proceed with the next module even if I don't fully grasp the ROC curve at this point?,machine-learning-zoomcamp,3c04f56b5d
How can understanding the ROC curve benefit me when selecting and interpreting models for binary classification tasks?,machine-learning-zoomcamp,3c04f56b5d
What functions from numpy are used to determine the intersection point between precision and recall curves?,machine-learning-zoomcamp,fed6cad07b
Could you provide a step-by-step guide on how to locate the threshold where precision equals recall using numpy's `diff` and `sign` functions?,machine-learning-zoomcamp,fed6cad07b
"Given a DataFrame named `df_scores` with columns 'threshold', 'precision', and 'recall', how can I identify the index of intersection between these two metrics?",machine-learning-zoomcamp,fed6cad07b
"What does the expression `np.sign(np.array(df_scores['precision']) - np.array(df_scores['recall']))` compute, and why is it necessary for finding the intersection?",machine-learning-zoomcamp,fed6cad07b
How do I extract and display the threshold value where precision and recall curves intersect after identifying the relevant index in `df_scores`?,machine-learning-zoomcamp,fed6cad07b
"How can I compute precision, recall, and F1 score using the scikit-learn library without manually calculating true positives, true negatives, false positives, and false negatives?",machine-learning-zoomcamp,02cd286eb8
"What are the specific functions in scikit-learn to calculate precision, recall, and F1 score for a binary classification problem?",machine-learning-zoomcamp,02cd286eb8
"Can you provide an example code snippet showing how to use `precision_score`, `recall_score`, and `f1_score` from scikit-learn with the parameters `y_true` and `y_pred`?",machine-learning-zoomcamp,02cd286eb8
"What does the `average` parameter do in the precision, recall, and F1 score functions of scikit-learn, and which value should be used for a binary classification task?",machine-learning-zoomcamp,02cd286eb8
Which module of the 'machine-learning-zoomcamp' course covers the evaluation metrics for classification using scikit-learn?,machine-learning-zoomcamp,02cd286eb8
What is cross-validation and how does it evaluate model performance?,machine-learning-zoomcamp,4c3e29589e
How is the dataset divided in a typical k-fold cross-validation process?,machine-learning-zoomcamp,4c3e29589e
"What role does the hyperparameter ""C"" play in models such as Support Vector Machines and logistic regression?",machine-learning-zoomcamp,4c3e29589e
"Explain the difference between smaller and larger values of the hyperparameter ""C"" in terms of regularization and model fitting.",machine-learning-zoomcamp,4c3e29589e
"In which module of the 'machine-learning-zoomcamp' course is this information about cross-validation and the ""C"" hyperparameter discussed?",machine-learning-zoomcamp,4c3e29589e
"How can I compute accuracy, precision, recall, F1-score, and ROC AUC for a classification model using scikit-learn?",machine-learning-zoomcamp,861531763b
What are the advantages of using scikit-learn's built-in evaluation metrics over manual calculations with numpy and pandas?,machine-learning-zoomcamp,861531763b
Can you provide an example code snippet to evaluate a trained model on validation data using scikit-learn's metric functions?,machine-learning-zoomcamp,861531763b
Which specific functions from scikit-learn should I import to calculate common classification evaluation metrics?,machine-learning-zoomcamp,861531763b
"In the context of module 4 on evaluation metrics for classification, how do accuracy, precision, recall, F1-score, and ROC AUC differ in measuring model performance?",machine-learning-zoomcamp,861531763b
"How can I compute Precision, Recall, and F1 score using scikit-learn?",machine-learning-zoomcamp,70eceb1a01
"What function in scikit-learn provides a combined calculation of Precision, Recall, and F1 score?",machine-learning-zoomcamp,70eceb1a01
Can you demonstrate an example of using `precision_recall_fscore_support` from scikit-learn to evaluate classification metrics?,machine-learning-zoomcamp,70eceb1a01
What does the `zero_division` parameter do in `precision_recall_fscore_support`?,machine-learning-zoomcamp,70eceb1a01
In which module of the 'machine-learning-zoomcamp' course is the explanation of alternative methods for computing evaluation metrics located?,machine-learning-zoomcamp,70eceb1a01
In what situation should I prefer ROC curves over precision-recall curves when evaluating a classification model?,machine-learning-zoomcamp,18e9b4b2a2
Why do ROC curves tend to be misleading for imbalanced datasets compared to precision-recall curves?,machine-learning-zoomcamp,18e9b4b2a2
How does the class distribution affect the interpretation of ROC curves versus precision-recall curves?,machine-learning-zoomcamp,18e9b4b2a2
What is the main reason that makes ROC curves suitable for balanced datasets?,machine-learning-zoomcamp,18e9b4b2a2
"When would changing the proportion of positive to negative instances in a test set affect accuracy, lift, and F scores more than ROC curve performance?",machine-learning-zoomcamp,18e9b4b2a2
How does the F-score change with varying ratios of positive to negative instances in a classification problem?,machine-learning-zoomcamp,bdc4c489fd
Why can comparing F-scores across datasets with different class distributions be misleading?,machine-learning-zoomcamp,bdc4c489fd
What method is suggested to ensure fair comparisons of the F-score across problems with unequal class balances?,machine-learning-zoomcamp,bdc4c489fd
"In which module of the 'machine-learning-zoomcamp' course are evaluation metrics for classification discussed, particularly focusing on the dependence of precision-recall curves and the F-score on class imbalance?",machine-learning-zoomcamp,bdc4c489fd
What specific issue arises when using precision-recall curves to evaluate model performance in datasets where the positive and negative class counts differ significantly?,machine-learning-zoomcamp,bdc4c489fd
How can I quickly plot a Precision-Recall curve using scikit-learn?,machine-learning-zoomcamp,ce5f41e600
What function from scikit-learn is used to compute the precision and recall values for plotting a Precision-Recall curve?,machine-learning-zoomcamp,ce5f41e600
What are the arguments required by the `precision_recall_curve` function from scikit-learn?,machine-learning-zoomcamp,ce5f41e600
"After obtaining precision, recall, and thresholds from `precision_recall_curve`, how should I plot them on a graph?",machine-learning-zoomcamp,ce5f41e600
"In the provided code snippet for plotting a Precision-Recall curve, what does the line `plt.plot(thresholds, precision[:-1], label='Precision')` do?",machine-learning-zoomcamp,ce5f41e600
How does Stratified k-fold maintain class balance during dataset splitting?,machine-learning-zoomcamp,f29b4790fc
What is the purpose of using Stratified k-fold in multiclass classification tasks?,machine-learning-zoomcamp,f29b4790fc
Where can I find the implementation details of Stratified k-fold in scikit-learn?,machine-learning-zoomcamp,f29b4790fc
Which module of the 'machine-learning-zoomcamp' course covers Stratified k-fold?,machine-learning-zoomcamp,f29b4790fc
What is the ID associated with the FAQ record explaining Stratified k-fold?,machine-learning-zoomcamp,f29b4790fc
"What makes accuracy an unreliable metric for classification models, particularly in datasets with imbalanced class distributions?",machine-learning-zoomcamp,f6aa440092
Can you explain why a model that always predicts the majority class in an imbalanced dataset can still achieve high accuracy?,machine-learning-zoomcamp,f6aa440092
Which alternative metrics are recommended over accuracy when evaluating the performance of a classification model on imbalanced data?,machine-learning-zoomcamp,f6aa440092
"How do precision, recall, F1-score, and AUROC provide more insight into a model's ability to handle minority classes compared to accuracy?",machine-learning-zoomcamp,f6aa440092
In what scenarios might using accuracy as an evaluation metric lead to misleading conclusions about a model's effectiveness?,machine-learning-zoomcamp,f6aa440092
What is the formula to calculate precision in a classification model?,machine-learning-zoomcamp,13102dfe14
How is recall defined in terms of true positives and actual positive instances?,machine-learning-zoomcamp,13102dfe14
Can you explain why precision focuses on the accuracy of positive predictions while recall addresses the completeness of identified positive cases?,machine-learning-zoomcamp,13102dfe14
"In the context of evaluating a binary classifier, what do `TruePositive/PredictedPositive` and `TruePositive/ActualPositive` represent respectively?",machine-learning-zoomcamp,13102dfe14
How can one intuitively understand the trade-off between precision and recall for optimizing model performance in practical applications?,machine-learning-zoomcamp,13102dfe14
What does high precision imply about the reliability of positive predictions in our model?,machine-learning-zoomcamp,79b2760cc5
In what type of application should we prioritize precision over recall to minimize false positives?,machine-learning-zoomcamp,79b2760cc5
"How is recall defined, and why might it be critical in situations where missing a true positive has significant consequences?",machine-learning-zoomcamp,79b2760cc5
"Can you explain how improving one metric (e.g., precision) might affect the other (e.g., recall) when tuning a classification model?",machine-learning-zoomcamp,79b2760cc5
"Under what circumstances would we need to balance precision and recall, and what factors influence this trade-off?",machine-learning-zoomcamp,79b2760cc5
What does the UndefinedMetricWarning indicate when calculating the F-score in a classification model?,machine-learning-zoomcamp,385807829b
How can I configure scikit-learn's `f1_score` function to handle cases where no samples are predicted for certain labels?,machine-learning-zoomcamp,385807829b
"If I set `zero_division=1` in the `precision_score` function, what will be the output when there are no positive predictions for a label?",machine-learning-zoomcamp,385807829b
What is the default behavior of the `recall_score` and `f1_score` functions from scikit-learn regarding zero division?,machine-learning-zoomcamp,385807829b
Can I suppress the warning that appears when using the `f1_score` function with labels that have no predicted samples?,machine-learning-zoomcamp,385807829b
How do I calculate the Area Under the Curve (AUC) when using a numerical feature directly as predicted scores?,machine-learning-zoomcamp,866f5d58d2
"What happens if the computed AUC from a numerical variable is less than 0.5, and how should I adjust the scores?",machine-learning-zoomcamp,866f5d58d2
"In the context of computing AUC, does the range of the numerical feature values matter, such as needing them to be between 0 and 1?",machine-learning-zoomcamp,866f5d58d2
"Can you explain why the ranking of predictions, rather than their absolute magnitudes, is crucial for calculating AUC?",machine-learning-zoomcamp,866f5d58d2
What function from the scikit-learn library should I use to compute the AUC when the model's predicted scores are stored in a DataFrame column?,machine-learning-zoomcamp,866f5d58d2
What is the difference between `predict_log_proba` and `predict_proba` in terms of their output?,machine-learning-zoomcamp,6739977244
Why do log-probabilities from `predict_log_proba` result in values less than or equal to zero?,machine-learning-zoomcamp,6739977244
How can I obtain the predicted probabilities for the positive class after training a model?,machine-learning-zoomcamp,6739977244
Which method should I use when calculating AUC for a binary classification model?,machine-learning-zoomcamp,6739977244
What steps are required to convert log-probabilities into standard probabilities for threshold-based evaluation?,machine-learning-zoomcamp,6739977244
Why am I encountering multiple thresholds that yield the same F1 score in my Q4 homework?,machine-learning-zoomcamp,a64b95ea2c
Is there a standard method to select among several thresholds when they all result in identical F1 scores for the classification task in Module 4?,machine-learning-zoomcamp,a64b95ea2c
"Should I opt for the lowest threshold value when multiple thresholds produce the same F1 score, or is there another criterion to consider?",machine-learning-zoomcamp,a64b95ea2c
How can I confirm the correctness of my computed thresholds and corresponding F1 scores using scikit-learn's `classification_report` function?,machine-learning-zoomcamp,a64b95ea2c
"Where can I find detailed documentation on utilizing scikit-learn’s `classification_report` to evaluate precision, recall, and F1-score for my machine learning homework?",machine-learning-zoomcamp,a64b95ea2c
"In Module 4 Homework for the machine-learning-zoomcamp course, what should I do if my homework answer doesn’t match the expected result exactly?",machine-learning-zoomcamp,186ed3fc35
"For the machine learning Zoom Camp module on assignments, how precise does my submission need to be regarding results?",machine-learning-zoomcamp,186ed3fc35
What guideline is provided in the FAQ for handling discrepancies between my calculated homework answers and the given options in Module 4?,machine-learning-zoomcamp,186ed3fc35
"When completing Homework in Module 4 of the course 'machine-learning-zoomcamp', what action should I take if I obtain a result that isn’t perfectly aligned with the provided choices?",machine-learning-zoomcamp,186ed3fc35
"In the context of the machine-learning-zoomcamp curriculum, specifically under Module 4's homework section, how is it advised to proceed when the obtained outcome differs from the anticipated one?",machine-learning-zoomcamp,186ed3fc35
Which dataset is required to calculate the metrics mentioned in Question 3 and subsequent questions?,machine-learning-zoomcamp,7c90af9692
"For evaluating the performance of models in Questions 3 onward, what specific dataset should be utilized?",machine-learning-zoomcamp,7c90af9692
What is the designated dataset for computing the evaluation metrics starting from Question 3?,machine-learning-zoomcamp,7c90af9692
"In accordance with the homework instructions for Module 4, which dataset must be employed to derive the metrics outlined in Question 3 and later?",machine-learning-zoomcamp,7c90af9692
"As per the guidelines of the Machine Learning Zoomcamp course, which data set should be applied to perform the metric calculations beginning with Question 3?",machine-learning-zoomcamp,7c90af9692
"In Module 4 Homework, why might my accuracy results differ from the provided options despite using a 60%/20%/20% train/validation/test split?",machine-learning-zoomcamp,8351543816
"What are the two different methods shown for splitting data into train, validation, and test sets, and how do they affect the resulting accuracy values?",machine-learning-zoomcamp,8351543816
Which method of data splitting is recommended in Module 4 Homework to ensure more consistent accuracy results with the lessons?,machine-learning-zoomcamp,8351543816
How does the use of `random_state` in `train_test_split` influence the reproducibility of data splits across different methods?,machine-learning-zoomcamp,8351543816
"If I follow Method 2 for splitting my dataset, how should I set the `test_size` parameters to achieve a final train/validation/test ratio of 60%/20%/20%?",machine-learning-zoomcamp,8351543816
What function in the `sklearn.metrics` module is used to compute the AUC score for a numerical feature?,machine-learning-zoomcamp,f7f0800d02
How do you pass the target variable and feature values to calculate the AUC using the specified function?,machine-learning-zoomcamp,f7f0800d02
Can you provide an example of how to call the `roc_auc_score` function with appropriate arguments?,machine-learning-zoomcamp,f7f0800d02
Is the `roc_auc_score` function suitable for evaluating importance in classification tasks involving numerical variables?,machine-learning-zoomcamp,f7f0800d02
What does the `roc_auc_score` function return after processing the target and feature vectors?,machine-learning-zoomcamp,f7f0800d02
What is the purpose of evaluating the importance of features in relation to predicting a binary target variable?,machine-learning-zoomcamp,1b89887a15
How did you identify which numerical features to consider for feature importance evaluation?,machine-learning-zoomcamp,1b89887a15
Can you explain the steps involved in calculating the AUC for each numerical feature using `roc_auc_score`?,machine-learning-zoomcamp,1b89887a15
What does the sorted data frame with feature names and ROC AUC scores tell us about the most influential numerical feature?,machine-learning-zoomcamp,1b89887a15
"Why might the ROC curve graph not display the model line when computing `roc_curve(df_train['age'], y)`?",machine-learning-zoomcamp,1b89887a15
What are the specific dependencies and abstraction layers introduced in Week 5 that require a prepared 'homework environment'?,machine-learning-zoomcamp,a638d65685
Can you provide a detailed step-by-step guide for setting up a homework environment using an AWS EC2 instance as mentioned in the video?,machine-learning-zoomcamp,a638d65685
"Are there any free-tier options available for running instances, or will billing occur hourly based on usage?",machine-learning-zoomcamp,a638d65685
"If I choose not to use AWS EC2, what alternative methods are suggested for preparing the 'homework environment'?",machine-learning-zoomcamp,a638d65685
How can I ensure that my homework environment is properly configured with the correct Python version and pipenv installation?,machine-learning-zoomcamp,a638d65685
What is the first step to enable downloading CSV data from Kaggle using a Jupyter Notebook?,machine-learning-zoomcamp,85fa1b961a
How should I place the `kaggle.json` file to ensure it works with my Jupyter environment?,machine-learning-zoomcamp,85fa1b961a
Which command is used to set the appropriate permissions for the `kaggle.json` file in the terminal?,machine-learning-zoomcamp,85fa1b961a
What Python code snippet sets the Kaggle configuration directory variable before downloading data?,machine-learning-zoomcamp,85fa1b961a
"Which shell command downloads a specific dataset, such as 'bank-credit-scoring', from Kaggle via the API?",machine-learning-zoomcamp,85fa1b961a
How do I navigate to a specific directory in Ubuntu?,machine-learning-zoomcamp,faa864b7f6
What command is used to list all files and directories within the current working directory?,machine-learning-zoomcamp,faa864b7f6
Which command allows me to view the entire contents of a text file directly from the terminal?,machine-learning-zoomcamp,faa864b7f6
"If I want to see where I currently am in the filesystem, which command should I use?",machine-learning-zoomcamp,faa864b7f6
How can I move one level up in the directory hierarchy using a basic Ubuntu command?,machine-learning-zoomcamp,faa864b7f6
How can I verify the current version of Python installed on my system?,machine-learning-zoomcamp,dce5e4842c
What steps should I follow to download and install Python 3.10 or a higher version on Windows?,machine-learning-zoomcamp,dce5e4842c
"During the installation process, what specific option must be selected to ensure Python is added to the PATH environment variable?",machine-learning-zoomcamp,dce5e4842c
"After installing Python 3.X, which command should I execute in the terminal to upgrade it to the latest available version?",machine-learning-zoomcamp,dce5e4842c
Is there a direct pip command I can use to upgrade my existing Python installation to version 3.10 or newer?,machine-learning-zoomcamp,dce5e4842c
What are the specific steps to install WSL on Windows 10?,machine-learning-zoomcamp,accd08bead
How do I configure a specific Linux distribution like Ubuntu during WSL installation on Windows 11?,machine-learning-zoomcamp,accd08bead
"Can you explain how to verify that the ""Virtual Machine Platform"" feature is activated for WSL installation?",machine-learning-zoomcamp,accd08bead
"After installing WSL, how can I set my current Windows folder as the default starting directory in the Linux terminal?",machine-learning-zoomcamp,accd08bead
What should I do if I encounter the error `Can't link /usr/lib/wsl/lib/libnvoptix_loader.so.1 to libnvoptix.so.1` while trying to install pipenv?,machine-learning-zoomcamp,accd08bead
I encounter an error stating 'Could not open '/lib64/ld-linux-x86-64.so.2': No such file or directory' when attempting to build Docker images on my Mac equipped with the M1 chip. What steps can I take to resolve this issue?,machine-learning-zoomcamp,9df18c830e
"In the context of building a Docker image for the machine learning Zoomcamp course on an Apple Silicon (M1) Mac, what specific modification should be made to the `Dockerfile` to ensure compatibility?",machine-learning-zoomcamp,9df18c830e
"After modifying the Dockerfile as instructed for an M1-based Mac, why does the image build process potentially require over two hours of execution time?",machine-learning-zoomcamp,9df18c830e
Could you clarify the significance of adding the `--platform=linux/amd64` flag in the FROM instruction when configuring a Dockerfile for use on an Apple Silicon Mac?,machine-learning-zoomcamp,9df18c830e
"Following the adjustment to the Dockerfile for M1 silicon, what is the expected outcome upon successfully executing the build command for the machine learning Zoomcamp course?",machine-learning-zoomcamp,9df18c830e
How can I check the version of a Python package installed in a Jupyter Notebook?,machine-learning-zoomcamp,7064ef8f01
"What command should I use within a Jupyter cell to print the version of a specific library, such as `numpy`, during the deployment of machine learning models?",machine-learning-zoomcamp,7064ef8f01
"In Module 5 of the 'Machine Learning ZoomCamp' course, what is the recommended approach to verify which version of the `waitress` package is currently active in my notebook environment?",machine-learning-zoomcamp,7064ef8f01
"Could you explain the syntax for querying the version attribute of any library within a Jupyter Notebook, as demonstrated in the provided FAQ record?",machine-learning-zoomcamp,7064ef8f01
"When deploying machine learning models in Jupyter, how do I programmatically display the installed version of a third-party module like `matplotlib`?",machine-learning-zoomcamp,7064ef8f01
How can I verify whether the Docker daemon is running on my Windows system?,machine-learning-zoomcamp,371f4a6519
"What command do I need to execute on Linux to start the Docker daemon, and how can I confirm it's active?",machine-learning-zoomcamp,371f4a6519
"If I'm not a member of the Docker group in Linux, which command should I use to add myself to it?",machine-learning-zoomcamp,371f4a6519
"After adding myself to the Docker group on Linux, what steps must I take to ensure the changes take effect?",machine-learning-zoomcamp,371f4a6519
What is the correct procedure to test if my Docker setup is functioning correctly after ensuring the daemon is running?,machine-learning-zoomcamp,371f4a6519
Why am I encountering a non-zero exit code (1) when executing the command `docker build -t churn-prediction .`?,machine-learning-zoomcamp,a43ed572fa
What specific change in the Dockerfile is required to resolve the Python version mismatch error during image creation?,machine-learning-zoomcamp,a43ed572fa
How can I verify the installed Python version on my local system before modifying the Dockerfile?,machine-learning-zoomcamp,a43ed572fa
"After adjusting the Python base image in the Dockerfile, what command should be used to rebuild the Docker image successfully?",machine-learning-zoomcamp,a43ed572fa
Where in the course material does it discuss troubleshooting Docker build failures related to Python versions?,machine-learning-zoomcamp,a43ed572fa
I tried installing sklearn version 1.0.2 with the command `pipenv install sklearn==1.0.2` but received errors. What is the correct package name to use for this installation?,machine-learning-zoomcamp,b2781bc5f8
"What should I type in the terminal to successfully install scikit-learn version 1.0.2 using pipenv, as mentioned in Module 5 of machine-learning-zoomcamp?",machine-learning-zoomcamp,b2781bc5f8
"If my assignment requires scikit-learn version 1.3.1 instead of 1.0.2, how do I specify the correct version when running `pipenv install`?",machine-learning-zoomcamp,b2781bc5f8
Why does attempting to install sklearn without its full name cause errors in Module 5's deployment instructions for the machine-learning-zoomcamp course?,machine-learning-zoomcamp,b2781bc5f8
Can you provide the exact pipenv command needed to resolve installation errors for scikit-learn version 1.0.2 as outlined in the FAQ record?,machine-learning-zoomcamp,b2781bc5f8
"What command should I run to install `numpy`, `scikit-learn==0.24.2`, and `flask` within a Pipenv virtual environment?",machine-learning-zoomcamp,af2a35cdf2
Why might someone using Python 3.11 or later encounter an error when locking files with `Pipfile.lock` during the installation of libraries in lesson 5.5?,machine-learning-zoomcamp,af2a35cdf2
Which specific version of `scikit-learn` should be installed to resolve the lock file error encountered by users on Python 3.11 or later?,machine-learning-zoomcamp,af2a35cdf2
What steps should I follow if the issue persists after attempting the initial solution provided for the `Pipfile.lock` error?,machine-learning-zoomcamp,af2a35cdf2
"How can I completely remove a Pipenv environment and associated files (`Pipfile`, `Pipfile.lock`) if all other troubleshooting methods fail?",machine-learning-zoomcamp,af2a35cdf2
"Why did I encounter a ""No module named flask"" error after installing Flask with pipenv?",machine-learning-zoomcamp,ec6919a46b
What command should I use to successfully install and import the Flask module?,machine-learning-zoomcamp,ec6919a46b
Is there a specific package manager that ensures compatibility with all third-party libraries for Flask?,machine-learning-zoomcamp,ec6919a46b
"After reinstalling Flask using pip, what steps should I follow to verify that Flask is correctly imported in my Python environment?",machine-learning-zoomcamp,ec6919a46b
"In the context of Module 5 on deploying machine learning models, how does the installation method affect the availability of external modules like Flask?",machine-learning-zoomcamp,ec6919a46b
What is the purpose of using the `--rm` flag when running Docker containers?,machine-learning-zoomcamp,2dc4089953
How does the `--rm` flag help in managing disk space during development and testing phases?,machine-learning-zoomcamp,2dc4089953
"Can you explain the difference between images and containers in Docker, and how the `--rm` flag specifically affects containers?",machine-learning-zoomcamp,2dc4089953
"What commands should be used to list existing Docker images and all running containers, including stopped ones?",machine-learning-zoomcamp,2dc4089953
"If a Pipfile changes, how does rebuilding an image relate to using the `--rm` flag for maintaining a clean environment?",machine-learning-zoomcamp,2dc4089953
What is the exact filename required for a Dockerfile to be correctly recognized during image building?,machine-learning-zoomcamp,9802179265
Why does adding an extension like `.dockerfile` to the file name cause a failure when reading the Dockerfile?,machine-learning-zoomcamp,9802179265
Can you provide an example of how to properly name and create a Dockerfile in a project directory?,machine-learning-zoomcamp,9802179265
"What error message do I encounter if I mistakenly include an extension with the Dockerfile name, and how can this be avoided?",machine-learning-zoomcamp,9802179265
"In the context of deploying machine learning models via Docker, what should be the precise file naming convention for the Dockerfile to prevent build failures?",machine-learning-zoomcamp,9802179265
What are the steps to install Docker on a Mac running macOS?,machine-learning-zoomcamp,951b79cf6b
Where can I find detailed instructions for installing Docker Desktop on my MacBook?,machine-learning-zoomcamp,951b79cf6b
"Do I need to check my processor type before installing Docker on macOS, and how do I determine if I have an Apple or Intel chip?",machine-learning-zoomcamp,951b79cf6b
Which specific page should I visit to learn about the installation process for Docker on a Mac in the 'Machine Learning ZoomCamp' course under Module 5?,machine-learning-zoomcamp,951b79cf6b
"After accessing the provided link, what additional considerations should I keep in mind following the Docker installation instructions for macOS?",machine-learning-zoomcamp,951b79cf6b
How can I list all local Docker images along with their details?,machine-learning-zoomcamp,acdd201a06
What command should I use to view information for a specific Docker image named 'myimage'?,machine-learning-zoomcamp,acdd201a06
"How do I retrieve only the size of a particular Docker image, such as 'ubuntu:latest'?",machine-learning-zoomcamp,acdd201a06
Which option allows me to display just the size of a given Docker image in the output?,machine-learning-zoomcamp,acdd201a06
Are there alternative commands to obtain information for all images or a single specified image besides `docker image ls` and `docker images`?,machine-learning-zoomcamp,acdd201a06
What directories does Pipenv use to store virtual environments on different operating systems?,machine-learning-zoomcamp,768fa21d6b
How is the name of a Pipenv-created environment determined based on the project directory?,machine-learning-zoomcamp,768fa21d6b
"Can you provide an example of how Pipenv names an environment when installed in a specific folder, such as `~/home/user/Churn-Flask-app`?",machine-learning-zoomcamp,768fa21d6b
What command do I need to execute to activate the virtual environment created by Pipenv after installation?,machine-learning-zoomcamp,768fa21d6b
Where exactly is the path for a Pipenv environment located on Windows compared to macOS/Linux?,machine-learning-zoomcamp,768fa21d6b
What command should I use to start a Docker container interactively with bash as the entrypoint?,machine-learning-zoomcamp,2acc8ec64a
How can I identify the running containers to execute an interactive bash session in one of them?,machine-learning-zoomcamp,2acc8ec64a
"If my Docker container is already up and running, what steps do I need to take to access its bash shell?",machine-learning-zoomcamp,2acc8ec64a
What flag should be included when running `docker run` to ensure the container starts with a Bash command instead of its default entrypoint?,machine-learning-zoomcamp,2acc8ec64a
"In the context of debugging a Docker container, why is it necessary to override the entrypoint with a Bash command?",machine-learning-zoomcamp,2acc8ec64a
Why do I encounter the error 'the input device is not a TTY' when trying to run an interactive Docker container in GitBash on Windows?,machine-learning-zoomcamp,10316840ce
What command should I use to properly interact with a running Docker container from within GitBash on a Windows system?,machine-learning-zoomcamp,10316840ce
How does prefixing a Docker exec command with 'winpty' resolve the TTY issue on Windows?,machine-learning-zoomcamp,10316840ce
Can you explain what a TTY is and why it's necessary for interacting with certain terminal-based applications in Docker?,machine-learning-zoomcamp,10316840ce
"Where can I find additional resources to understand the differences between terminals, shells, and consoles as mentioned in the fix section?",machine-learning-zoomcamp,10316840ce
How can I create a virtual environment for deploying machine learning models?,machine-learning-zoomcamp,26a0558e81
What command should I use to capture installed package dependencies in a text file?,machine-learning-zoomcamp,26a0558e81
Where are the Pipfile and Pipfile.lock files located after setting up the project environment?,machine-learning-zoomcamp,26a0558e81
What is the purpose of generating a requirements.txt file during model deployment?,machine-learning-zoomcamp,26a0558e81
Which module of the 'Machine Learning Zoomcamp' course covers virtual environment setup and dependency management?,machine-learning-zoomcamp,26a0558e81
"What does the error message 'pipenv' is not recognized as an internal or external command, operable program or batch file mean?",machine-learning-zoomcamp,3e4e288e93
Why might I encounter this error when running `pipenv --version` or `pipenv shell`?,machine-learning-zoomcamp,3e4e288e93
What steps should I follow to resolve this issue on Windows if `pipenv` is installed but not accessible from the PATH?,machine-learning-zoomcamp,3e4e288e93
Which specific directories need to be added to the PATH environment variable to fix the `pipenv` command recognition problem on Windows?,machine-learning-zoomcamp,3e4e288e93
Is Anaconda a recommended alternative for users encountering persistent issues with `pipenv` on Windows?,machine-learning-zoomcamp,3e4e288e93
Why am I encountering an `AttributeError: module 'collections' has no attribute 'MutableMapping'` when trying to install a package using pipenv?,machine-learning-zoomcamp,4b501f0a25
What Python version is required to resolve the `MutableMapping` attribute error in pipenv installations?,machine-learning-zoomcamp,4b501f0a25
"In the context of Module 5 (Deploying Machine Learning Models) from the machine-learning-zoomcamp course, how can I fix the collection module issue during pipenv setup?",machine-learning-zoomcamp,4b501f0a25
Could you explain the relationship between the pipenv installation process and the collections library that leads to the `MutableMapping` attribute error?,machine-learning-zoomcamp,4b501f0a25
"After upgrading my Python version as suggested, will the pipenv installation of libraries like numpy proceed without the `collections.MutableMapping` error?",machine-learning-zoomcamp,4b501f0a25
What should I do if I encounter a `ValueError: Path not found or generated` error after running `pipenv shell`?,machine-learning-zoomcamp,f6d64d22b9
How can I correctly exit the Pipenv virtual environment on Windows before removing it with `pipenv --rm`?,machine-learning-zoomcamp,f6d64d22b9
What commands are needed to fix the PATH on Windows after an incorrect use of `pipenv`?,machine-learning-zoomcamp,f6d64d22b9
How do I manually recreate a deleted Pipenv environment folder located at `C:/Users/username/.virtualenvs/removed-envname`?,machine-learning-zoomcamp,f6d64d22b9
Where can I find more information about managing and troubleshooting Pipenv environments in Module 5 of the machine-learning-zoomcamp course?,machine-learning-zoomcamp,f6d64d22b9
"How can I resolve the `ConnectionError: ('Connection aborted.', RemoteDisconnected('Remote end closed connection without response'))` issue when deploying my Flask application using Docker?",machine-learning-zoomcamp,f2f7180201
What specific configuration changes are required in the Flask app and Dockerfile to ensure that the application is accessible via localhost after deployment?,machine-learning-zoomcamp,f2f7180201
"In Module 5 of the 'machine-learning-zoomcamp' course, what steps should I follow to correctly set up the host for seamless local access to my deployed machine learning model?",machine-learning-zoomcamp,f2f7180201
What value must be assigned to the `host` parameter in both the Flask application configuration and the Dockerfile to eliminate connection errors during deployment?,machine-learning-zoomcamp,f2f7180201
"When deploying machine learning models as described in Module 5 of the 'machine-learning-zoomcamp' course, why is it necessary to use `0.0.0.0` for the host setting, and how does this affect accessing the service through localhost?",machine-learning-zoomcamp,f2f7180201
Why did my Docker build fail with an error on the COPY instruction referencing Pipfile and Pipfile.lock?,machine-learning-zoomcamp,ced071dd97
What is the correct syntax for specifying multiple files in a COPY command within a Dockerfile?,machine-learning-zoomcamp,ced071dd97
How can I resolve the issue when using single quotes instead of double quotes around filenames in a Dockerfile?,machine-learning-zoomcamp,ced071dd97
"What steps should I take to ensure successful copying of Pipfile, Pipfile.lock, q5_predict.py, model1.bin, and dv.bin during a Docker build?",machine-learning-zoomcamp,ced071dd97
"In Module 5 of the machine-learning-zoomcamp course, what specific change is required to fix the COPY [Pipfile, Pipfile.lock] error in the provided Dockerfile example?",machine-learning-zoomcamp,ced071dd97
How can I resolve the error indicating that my Pipfile.lock is out of date during a Docker container installation?,machine-learning-zoomcamp,efae76d03c
What command should I use within the Docker RUN instruction to install packages while ignoring discrepancies between the Pipfile and Pipfile.lock?,machine-learning-zoomcamp,efae76d03c
"After running `pipenv lock`, why does the deployment still fail with an outdated Pipfile.lock error?",machine-learning-zoomcamp,efae76d03c
"In the context of Module 5 on deploying machine learning models, what specific flag in `pipenv install` allows installation despite an inconsistent Pipfile.lock?",machine-learning-zoomcamp,efae76d03c
"When encountering a 'Your Pipfile.lock (65dad0) is out of date' error, which alternative installation method ensures successful package deployment inside a Docker container?",machine-learning-zoomcamp,efae76d03c
What does the error message 'driver failed programming external connectivity on endpoint ... Bind for 0.0.0.0:9696 failed: port is already allocated' indicate?,machine-learning-zoomcamp,ed90e0f589
How can I resolve the Docker port allocation conflict mentioned in the error response from the daemon?,machine-learning-zoomcamp,ed90e0f589
Why might I encounter this specific port allocation error even though the port appears to be free and my application is functioning correctly?,machine-learning-zoomcamp,ed90e0f589
What command should I execute to clear any lingering port allocations that cause the 'port is already allocated' issue during a Docker rebuild?,machine-learning-zoomcamp,ed90e0f589
"Where can I find additional context or discussion regarding similar Docker for Windows issues, particularly those related to port conflicts?",machine-learning-zoomcamp,ed90e0f589
What is the specific error message indicating a connection failure when trying to bind to `127.0.0.1:5000`?,machine-learning-zoomcamp,84301e35dd
"Where does this error originate—is it from the client or the server side, and how can we differentiate between them during troubleshooting?",machine-learning-zoomcamp,84301e35dd
Why does using the IP address `0.0.0.0:8000` resolve the connection issue while `127.0.0.1:5000` does not?,machine-learning-zoomcamp,84301e35dd
What alternative binding addresses (`0.0.0.0:9696`) should be tried if `0.0.0.0:8000` is unavailable or ineffective?,machine-learning-zoomcamp,84301e35dd
In what module of the 'machine-learning-zoomcamp' course is this deployment problem addressed?,machine-learning-zoomcamp,84301e35dd
How can I install the `md5sum` utility on a macOS system?,machine-learning-zoomcamp,f884543e2c
What command should I use to verify the integrity of a file named `model1.bin` using `md5sum` after installation?,machine-learning-zoomcamp,f884543e2c
"In the context of Module 5 on deploying machine learning models, which package manager is recommended for installing `md5sha1sum`?",machine-learning-zoomcamp,f884543e2c
"Once `md5sha1sum` is installed via Homebrew, what syntax should I employ to check the MD5 hash of both `model1.bin` and another file called `dv.bin`?",machine-learning-zoomcamp,f884543e2c
Which section of the 'machine-learning-zoomcamp' course covers the procedure for installing `md5sum` on macOS?,machine-learning-zoomcamp,f884543e2c
Can I execute a separate Python script while my web server is already running in the terminal?,machine-learning-zoomcamp,de0726d5ea
What steps are required to run another script that interacts with an existing web server without interrupting it?,machine-learning-zoomcamp,de0726d5ea
How do I initiate a new terminal session to allow concurrent execution of additional scripts alongside an active web-server process?,machine-learning-zoomcamp,de0726d5ea
Is there a specific method to ensure a Python script can make requests to a web server that was started in a different terminal window?,machine-learning-zoomcamp,de0726d5ea
"What is the recommended approach for running multiple scripts, including one that communicates with a web server, without causing conflicts or stopping the server?",machine-learning-zoomcamp,de0726d5ea
What warning appears when unpickling a DictVectorizer from version 1.1.1 to use with version 0.24.2?,machine-learning-zoomcamp,e8e58afd7b
How can I ensure compatibility between the Scikit-Learn version used for training and deployment of my machine learning model?,machine-learning-zoomcamp,e8e58afd7b
What steps should I follow to resolve potential issues arising from using different versions of Scikit-Learn during model prediction?,machine-learning-zoomcamp,e8e58afd7b
"When executing `pipenv run gunicorn --bind 0.0.0.0:9696 predict:app`, what precaution should I take regarding the virtual environment's Scikit-Learn version?",machine-learning-zoomcamp,e8e58afd7b
What risk is associated with using a mismatched version of DictVectorizer in my machine learning application?,machine-learning-zoomcamp,e8e58afd7b
What error occurs when `pipenv install` is run and how can it be resolved?,machine-learning-zoomcamp,8a8f00802a
"In a Pipfile, which lines should be removed to fix the `ValidationError` related to `python_version` and `python_full_version`?",machine-learning-zoomcamp,8a8f00802a
"After modifying the Pipfile, what command must be executed to regenerate the `Pipfile.lock` file?",machine-learning-zoomcamp,8a8f00802a
Which text editor can be used to open and edit the Pipfile mentioned in the error resolution steps?,machine-learning-zoomcamp,8a8f00802a
What are the exact keystrokes needed to save changes and exit the Nano text editor as described in the FAQ?,machine-learning-zoomcamp,8a8f00802a
"What does the error message ""Your Pipfile.lock (221d14) is out of date (939fe0)"" indicate during a Docker build?",machine-learning-zoomcamp,554fac782d
How can I delete and rebuild the Pipfile.lock to resolve this issue?,machine-learning-zoomcamp,554fac782d
"If deleting and rebuilding the Pipfile.lock doesn't work, what alternative steps should I take?",machine-learning-zoomcamp,554fac782d
What commands are used to remove an existing pipenv environment and recreate it for deployment?,machine-learning-zoomcamp,554fac782d
"After recreating the pipenv environment, which command should be executed to attempt the Docker build again?",machine-learning-zoomcamp,554fac782d
Why can't I see the locally created environment on AWS?,machine-learning-zoomcamp,03331f413e
What should I verify if my Elastic Beanstalk environment is missing from the AWS console?,machine-learning-zoomcamp,03331f413e
Could being in the wrong AWS region cause the local environment not to appear?,machine-learning-zoomcamp,03331f413e
How do I confirm that I am using eu-west-1 (Ireland) when checking Elastic Beanstalk environments?,machine-learning-zoomcamp,03331f413e
What step should I take to resolve the issue where my newly created environment is not listed on AWS?,machine-learning-zoomcamp,03331f413e
Why does the command 'waitress-serve' result in 'command not found' error on Windows or Git Bash?,machine-learning-zoomcamp,f580e98fdc
What warning is displayed during the installation of the 'waitress' package that indicates a missing path?,machine-learning-zoomcamp,f580e98fdc
How can I permanently add the Python Scripts directory to Git Bash's PATH environment variable?,machine-learning-zoomcamp,f580e98fdc
"After modifying the .bashrc file, what steps should I take to ensure the changes take effect?",machine-learning-zoomcamp,f580e98fdc
"Is there an alternative method to run 'waitress-serve' without adding its directory to the PATH, especially if using a virtual environment with 'uv'?",machine-learning-zoomcamp,f580e98fdc
"What does the warning ""Warning: the environment variable LANG is not set!"" signify when installing Scikit-Learn version 1.3.1 in the ml-zoomcamp conda environment using Pipenv?",machine-learning-zoomcamp,8b15cafd96
Is this error encountered during the installation process a critical issue that requires immediate attention?,machine-learning-zoomcamp,8b15cafd96
Where can I find more information or a potential solution to address the warning about the unset LANG environment variable while using Pipenv?,machine-learning-zoomcamp,8b15cafd96
Does ignoring this warning pose any risks to the successful installation of Scikit-Learn in the specified conda environment?,machine-learning-zoomcamp,8b15cafd96
What is the recommended course of action if I decide to proceed without fixing the LANG environment variable warning during the Pipenv installation process?,machine-learning-zoomcamp,8b15cafd96
Which terminal application was used in the Week 5 videos of the 'Machine Learning ZoomCamp' course?,machine-learning-zoomcamp,0e2b70a390
Where can I download the terminal specified for deploying machine learning models in Module 5 of the Machine Learning ZoomCamp course?,machine-learning-zoomcamp,0e2b70a390
What is the official link to obtain the Windows Terminal as demonstrated in the Week 5 instructional materials?,machine-learning-zoomcamp,0e2b70a390
How do I access the terminal tool referenced in the deployment section of Module 5 for machine learning model execution?,machine-learning-zoomcamp,0e2b70a390
Can you provide the URL to install the exact version of the terminal used throughout the Week 5 videos in the Machine Learning ZoomCamp curriculum?,machine-learning-zoomcamp,0e2b70a390
Why does the command `pipenv run waitress-serve --listen=localhost:9696 q4-predict:app` result in a 'Malformed application' error?,machine-learning-zoomcamp,748ffe7992
"What specific issue causes Waitress to reject the Python file name containing a dash, such as `q4-predict.py`?",machine-learning-zoomcamp,748ffe7992
How should I modify the filename of my module to avoid encountering the ValueError when serving with Waitress?,machine-learning-zoomcamp,748ffe7992
"After renaming the file, what is the correct command to run the application without the 'Malformed application' error?",machine-learning-zoomcamp,748ffe7992
"In the context of deploying machine learning models for Module 5, what naming convention should be followed for Python files to ensure compatibility with Waitress?",machine-learning-zoomcamp,748ffe7992
How can I use `curl` to send a JSON payload in an HTTP POST request from the command line?,machine-learning-zoomcamp,cde1c48afc
What is the syntax for piping JSON data directly from a file or an echo statement into a `curl` POST request?,machine-learning-zoomcamp,cde1c48afc
Can you provide a step-by-step example of testing a POST request to `http://localhost:9696/predict` with specific JSON content using the command line?,machine-learning-zoomcamp,cde1c48afc
"Is it necessary to install any additional tools on Windows Subsystem for Linux 2 (WSL2) to execute this `curl` command, or does it work out-of-the-box?",machine-learning-zoomcamp,cde1c48afc
What flags are required in the `curl` command to ensure the request is interpreted as a JSON POST?,machine-learning-zoomcamp,cde1c48afc
Why am I receiving the 'NotSupportedError' when trying to run `eb local` with my current setup?,machine-learning-zoomcamp,5ba1e7ba64
What specific changes need to be made in the `.elasticbeanstalk/config.yml` file to resolve the 'NotSupportedError' for the Docker platform?,machine-learning-zoomcamp,5ba1e7ba64
How do I reinitialize my Elastic Beanstalk environment to correctly support the 'eb local' command?,machine-learning-zoomcamp,5ba1e7ba64
What is the recommended alternative flag to use with `eb init` to ensure compatibility with `eb local run` in a 64bit Amazon Linux environment?,machine-learning-zoomcamp,5ba1e7ba64
Where can I find additional troubleshooting steps for similar initialization errors encountered during the deployment of machine learning models in AWS Elastic Beanstalk?,machine-learning-zoomcamp,5ba1e7ba64
What error occurs when attempting to connect to 'localhost:9696/predict' without a protocol scheme?,machine-learning-zoomcamp,4d94846cbe
How should the URL be formatted to successfully establish a connection for making predictions in this module?,machine-learning-zoomcamp,4d94846cbe
Why does including the `http://` prefix resolve the issue with no connection adapters found?,machine-learning-zoomcamp,4d94846cbe
What case sensitivity rule applies to the protocol scheme when configuring the Requests library?,machine-learning-zoomcamp,4d94846cbe
In which module of the 'machine-learning-zoomcamp' course is the solution for connecting to a local prediction endpoint discussed?,machine-learning-zoomcamp,4d94846cbe
Why am I receiving identical outcomes after executing the Docker image?,machine-learning-zoomcamp,cee7450404
What specific model am I currently employing in my Docker environment?,machine-learning-zoomcamp,cee7450404
How can I verify that the correct model and Python version are set for prediction testing?,machine-learning-zoomcamp,cee7450404
Where should I locate the downloaded model file to ensure it matches my intended model?,machine-learning-zoomcamp,cee7450404
What steps are necessary to update the model reference within my script before initiating a new prediction?,machine-learning-zoomcamp,cee7450404
"I built a Docker image for my machine learning model, but when I try to run it, I encounter an error stating that the container process cannot start. What steps should I take to resolve this issue?",machine-learning-zoomcamp,6d91bd8f56
"In Module 5 of the Machine Learning Zoomcamp course, what specific command must be executed after entering the virtual environment to ensure all dependencies are correctly installed before building and running my Docker image?",machine-learning-zoomcamp,6d91bd8f56
What is the name of the HTTP web server that needs to be installed via `pipenv` to successfully run a containerized machine learning model in Docker within the context of Module 5 of the Machine Learning Zoomcamp course?,machine-learning-zoomcamp,6d91bd8f56
"If I encounter an error while starting a Docker container for my built image, which file should I verify to confirm that all required dependencies are listed appropriately to avoid such issues in the Machine Learning Zoomcamp deployment module?",machine-learning-zoomcamp,6d91bd8f56
"During the deployment process outlined in Module 5 of the Machine Learning Zoomcamp course, what terminal command is used to activate the virtual environment created by `pipenv` prior to building and running my Docker container?",machine-learning-zoomcamp,6d91bd8f56
What command is used to transfer files from my local system into a Docker container?,machine-learning-zoomcamp,f5b6e3f04b
Can you provide the exact syntax for copying a file from my computer to a specific location inside a running Docker container?,machine-learning-zoomcamp,f5b6e3f04b
How do I specify the source path on my local machine and the target path within the container when using `docker cp`?,machine-learning-zoomcamp,f5b6e3f04b
Is there a particular order or format required for the parameters in the `docker cp` command?,machine-learning-zoomcamp,f5b6e3f04b
"After executing the `docker cp` command, where should I place the file or directory on my local system to ensure it is correctly copied into the container?",machine-learning-zoomcamp,f5b6e3f04b
What command is used to transfer files from the host system into a running Docker container?,machine-learning-zoomcamp,993a359b90
"In the provided Dockerfile snippet, which directories are being copied and where are they being placed inside the container?",machine-learning-zoomcamp,993a359b90
Can you explain the significance of the backslashes and quotation marks in the `COPY` instruction within a Dockerfile?,machine-learning-zoomcamp,993a359b90
"If I have multiple files that need to be moved into different locations within my container's filesystem, how would I modify the Dockerfile to accommodate this?",machine-learning-zoomcamp,993a359b90
What steps should I follow to verify that the copied files have been successfully placed inside the Docker container after using the `docker cp` command?,machine-learning-zoomcamp,993a359b90
Why did I encounter an error when trying to run `eb local` with the command `eb init -p docker tumor-diagnosis-serving -r eu-west-1`?,machine-learning-zoomcamp,9e5f381432
What specific error message was displayed during the execution of `eb local run --port 9696` after initializing the environment with the Docker platform?,machine-learning-zoomcamp,9e5f381432
Which alternative platform setting resolved the issue and allowed the Dockerfile to be recognized for building and running the container?,machine-learning-zoomcamp,9e5f381432
How did changing the platform parameter in the `eb init` command affect the ability to use `eb local`?,machine-learning-zoomcamp,9e5f381432
"What is the correct platform identifier to use when initializing an Elastic Beanstalk environment that includes a Dockerfile, as demonstrated in Module 5?",machine-learning-zoomcamp,9e5f381432
What error message do I receive if both 'Dockerfile' and 'Dockerrun.aws.json' are missing when creating an AWS ElasticBean environment?,machine-learning-zoomcamp,01514d66d5
Which command is used to create the AWS ElasticBean environment for the tumor-diagnosis-env?,machine-learning-zoomcamp,01514d66d5
Why does the deployment fail when the Dockerfile is not committed in Git?,machine-learning-zoomcamp,01514d66d5
What Git operations must be performed to ensure the Dockerfile and necessary files are included in the source bundle for successful deployment?,machine-learning-zoomcamp,01514d66d5
In which module of the machine-learning-zoomcamp course does this issue pertain?,machine-learning-zoomcamp,01514d66d5
What does the error 'git could not find the HEAD' mean when using `eb create` in AWS Elastic Beanstalk?,machine-learning-zoomcamp,d66d501514
How can I check if my project directory is initialized as a Git repository before running `eb create`?,machine-learning-zoomcamp,d66d501514
What steps should I take if my git status indicates that there are no commits present for an Elastic Beanstalk deployment?,machine-learning-zoomcamp,d66d501514
"If I encounter a 'detached HEAD' state while trying to deploy with `eb create`, how do I resolve it by managing branches in Git?",machine-learning-zoomcamp,d66d501514
"After initializing a Git repository and creating an initial commit, what command should I run to successfully launch my AWS Elastic Beanstalk environment?",machine-learning-zoomcamp,d66d501514
What happens if I make changes to the Dockerfile locally without committing them before running `eb create`?,machine-learning-zoomcamp,57ec9fbb5d
How can I deploy my latest local Dockerfile changes using AWS Elastic Beanstalk CLI without first committing them in Git?,machine-learning-zoomcamp,57ec9fbb5d
"If the Docker image creation fails during an `eb create` operation, what alternative command should I use to still proceed with deployment?",machine-learning-zoomcamp,57ec9fbb5d
Can you explain the steps required to add new or modified files to the staging area for deployment via the EB CLI?,machine-learning-zoomcamp,57ec9fbb5d
What specific flag or option must be included in the `eb deploy` command to ensure that staged changes are deployed?,machine-learning-zoomcamp,57ec9fbb5d
What does the error message 'The Launch Configuration creation operation is not available in your account' mean when running `eb create`?,machine-learning-zoomcamp,6ae0381ba8
How can I resolve the error related to auto scaling launch configuration during an Elastic Beanstalk environment creation?,machine-learning-zoomcamp,6ae0381ba8
"Is it possible to use Launch Templates instead of Launch Configurations with the `eb create` command, and if so, how?",machine-learning-zoomcamp,6ae0381ba8
What is the purpose of the `--enable-spot` flag in the `eb create` command?,machine-learning-zoomcamp,6ae0381ba8
Can you outline the steps I need to follow if I choose to run `eb create` interactively to set up an environment?,machine-learning-zoomcamp,6ae0381ba8
What is the effective date for discontinuing support for launch configurations by AWS EC2 Auto Scaling?,machine-learning-zoomcamp,a6755bdf4d
Why are launch configurations being phased out in favor of launch templates?,machine-learning-zoomcamp,a6755bdf4d
How will this change affect existing accounts that currently use launch configurations?,machine-learning-zoomcamp,a6755bdf4d
Where can I find detailed information about migrating from launch configurations to launch templates?,machine-learning-zoomcamp,a6755bdf4d
"What error message might appear if an attempt is made to create a launch configuration after October 1, 2024?",machine-learning-zoomcamp,a6755bdf4d
What should I do if I receive a VPC configuration error while deploying an application to AWS Elastic Beanstalk?,machine-learning-zoomcamp,cc8c2d4b32
How can I check whether a default VPC exists for my selected AWS region before creating an Elastic Beanstalk environment?,machine-learning-zoomcamp,cc8c2d4b32
What command is used to initiate the creation of an Elastic Beanstalk environment named 'churn-prediction-env'?,machine-learning-zoomcamp,cc8c2d4b32
"If no VPCs are found in the selected region, what action should I take to resolve the VPC configuration error during deployment?",machine-learning-zoomcamp,cc8c2d4b32
"After creating a default VPC in my AWS region, what is the next step to successfully deploy my application to Elastic Beanstalk?",machine-learning-zoomcamp,cc8c2d4b32
Why is Gunicorn preferred over the default Flask development server for production deployments in a Docker environment?,machine-learning-zoomcamp,11f27e4673
What specific changes are required in the Dockerfile to configure Gunicorn with Flask?,machine-learning-zoomcamp,11f27e4673
How does Gunicorn improve the handling of multiple simultaneous HTTP requests compared to the default Flask server?,machine-learning-zoomcamp,11f27e4673
Can you explain the purpose of the `--bind` flag used in the Gunicorn command within the Dockerfile?,machine-learning-zoomcamp,11f27e4673
What is the role of the `app:app` argument in the Gunicorn command provided for running a Flask application?,machine-learning-zoomcamp,11f27e4673
Why am I receiving a warning that Python 3.12 is not found on my system when neither 'pyenv' nor 'asdf' could be used to install it?,machine-learning-zoomcamp,c8d2668615
What specific version of Python should I specify in the Dockerfile to match the one expected by the Pipfile?,machine-learning-zoomcamp,c8d2668615
How can I ensure compatibility between the local Python version shown in the Pipfile and the container's Python version after updating the Dockerfile?,machine-learning-zoomcamp,c8d2668615
Where in the video tutorial can I find details about managing environments with Docker for this course?,machine-learning-zoomcamp,c8d2668615
"What steps should I take if my current container is running a different Python version, such as 3.8.12-slim, instead of the required Python 3.12?",machine-learning-zoomcamp,c8d2668615
How can I ensure Pipenv uses Python version 3.11 for my project?,machine-learning-zoomcamp,a173b94288
What command do I use with `uv` to install Python 3.11 specifically?,machine-learning-zoomcamp,a173b94288
"After installing a particular Python version via `uv`, how do I set Pipenv to utilize that interpreter?",machine-learning-zoomcamp,a173b94288
Is there a way to directly specify the path of an installed Python 3.11 binary when initializing a Pipenv environment?,machine-learning-zoomcamp,a173b94288
What precautions should be taken when configuring Pipenv to avoid conflicts with other virtual environments?,machine-learning-zoomcamp,a173b94288
Why is Pipenv taking a long time to lock the file even after deleting the lockfile and restarting my PC?,machine-learning-zoomcamp,a75f85c9da
Could using GitHub Codespaces for running the homework alleviate the slow locking issue with Pipenv?,machine-learning-zoomcamp,a75f85c9da
What are the compute resources available on GitHub Codespaces that might address the performance problem?,machine-learning-zoomcamp,a75f85c9da
Is there any documented experience suggesting that Homework 5 runs smoothly on GitHub Codespaces without speed issues?,machine-learning-zoomcamp,a75f85c9da
How does switching to GitHub Codespaces compare to using a local computer for executing this particular homework in terms of efficiency?,machine-learning-zoomcamp,a75f85c9da
What command should I enter in the terminal to convert a Jupyter notebook into a Python script?,machine-learning-zoomcamp,9db5014252
How can I convert a Jupyter notebook to an executable Python script using the graphical user interface?,machine-learning-zoomcamp,9db5014252
Where will the converted Python script be saved after using the Jupyter Notebook interface method?,machine-learning-zoomcamp,9db5014252
Is there a specific file extension for the resulting Python script when converting from a Jupyter notebook?,machine-learning-zoomcamp,9db5014252
Which module of the 'machine-learning-zoomcamp' course covers the process of saving a Jupyter notebook as a Python script?,machine-learning-zoomcamp,9db5014252
Is there any difference in functionality between having the Python file initiate the server and running Gunicorn directly?,machine-learning-zoomcamp,e842ae080e
Does choosing to let a Python script start the server affect performance compared to executing Gunicorn separately?,machine-learning-zoomcamp,e842ae080e
Are there advantages or disadvantages to embedding server startup within the Python script versus invoking Gunicorn independently?,machine-learning-zoomcamp,e842ae080e
Will using the Python file to create the server simplify the deployment process relative to directly running Gunicorn?,machine-learning-zoomcamp,e842ae080e
"Apart from convenience, are there other reasons for preferring one method over the other when setting up a server in this course?",machine-learning-zoomcamp,e842ae080e
How do I import a specific `ping` function from another file in Python when I encounter the error 'No module named ‘ping’'?,machine-learning-zoomcamp,1b08427cd4
What should I replace `[file name]` with to successfully import the `ping` function after receiving the 'No module named ‘ping’' error?,machine-learning-zoomcamp,1b08427cd4
In which section of the 'machine-learning-zoomcamp' course is the solution for the missing `ping` module error discussed?,machine-learning-zoomcamp,1b08427cd4
"Why does the error 'No module named ‘ping’' occur, and what is the recommended approach to resolve it in Python?",machine-learning-zoomcamp,1b08427cd4
Can you provide a code snippet showing how to import the `ping` function directly from its defining file to fix the 'No module named ‘ping’' issue?,machine-learning-zoomcamp,1b08427cd4
"What does the error message ""docker: Error response from daemon: failed to create task for container: ... unable to start container process: exec: ""gunicorn"": executable file not found in $PATH: unknown."" indicate?",machine-learning-zoomcamp,80a2e18431
How can I resolve the issue where the `gunicorn` executable is missing in my Docker container's `$PATH`?,machine-learning-zoomcamp,80a2e18431
What specific changes should be made to the `Pipfile` to ensure that `gunicorn` and `flask` are included for deployment?,machine-learning-zoomcamp,80a2e18431
"After updating the `Pipfile`, what commands must I execute to regenerate dependencies and rebuild the Docker image?",machine-learning-zoomcamp,80a2e18431
"In the context of Module 5, Deploying Machine Learning Models, which steps should be followed post-`pipenv lock` to successfully run a containerized application?",machine-learning-zoomcamp,80a2e18431
Is it permissible to utilize pre-trained machine learning models for the project?,machine-learning-zoomcamp,fca4671a69
What training modifications are acceptable if I choose to use a pre-trained model?,machine-learning-zoomcamp,fca4671a69
Will using only deployment techniques without any training adjustments affect my grade negatively?,machine-learning-zoomcamp,fca4671a69
How much of the project should be dedicated to deploying a pre-trained model versus implementing new training procedures?,machine-learning-zoomcamp,fca4671a69
Can I achieve a satisfactory overall score if I focus on deploying a pre-trained model but still incorporate some form of training?,machine-learning-zoomcamp,fca4671a69
"What is the exact command to start a FastAPI application named `your_script_fastapi_app.py` that contains an instance of `FastAPI` called `app`, ensuring it runs on port 9696 with reload enabled?",machine-learning-zoomcamp,69e5f9cbf8
"If I encounter a startup error when deploying my FastAPI app locally, what should I verify first regarding the script and module definitions?",machine-learning-zoomcamp,69e5f9cbf8
"How can I troubleshoot if the specified port (e.g., 9696) is already in use by another application while trying to start the FastAPI server?",machine-learning-zoomcamp,69e5f9cbf8
"What does the `--host 0.0.0.0` flag accomplish when running an Uvicorn server for a FastAPI app, and why might it be necessary?",machine-learning-zoomcamp,69e5f9cbf8
"Apart from ensuring the correct module import syntax (`uvicorn your_script_fastapi_app:app`), what additional steps should I take to prevent common FastAPI startup errors during local deployment?",machine-learning-zoomcamp,69e5f9cbf8
1. What does the warning message 'UserWarning: Trying to unpickle estimator from version X.Y.Z when using version A.B.C' indicate?,machine-learning-zoomcamp,2d5c32331e
2. Why might unpickling a model saved with a different scikit-learn version work sometimes but fail other times?,machine-learning-zoomcamp,2d5c32331e
3. How can I ensure that the same scikit-learn version used during training is available in my deployment environment?,machine-learning-zoomcamp,2d5c32331e
4. What steps should I take if I am unsure of the scikit-learn version under which my trained model was pickled?,machine-learning-zoomcamp,2d5c32331e
"5. Is there a risk of errors when unpickling a machine learning model across different versions of scikit-learn, and how can this be mitigated?",machine-learning-zoomcamp,2d5c32331e
What should I do if `pipenv install` fails with the error 'Failed to lock Pipfile.lock'?,machine-learning-zoomcamp,91b5235316
How can I resolve the issue when `pipenv install` reports 'Python X.Y was not found'?,machine-learning-zoomcamp,91b5235316
"If a required Python version is missing, what are the steps to either install it or adjust the Pipfile?",machine-learning-zoomcamp,91b5235316
What alternative methods can I use if the Pipfile.lock locking process is slow or hangs during installation?,machine-learning-zoomcamp,91b5235316
"In case of local resolution problems with Pipenv, which environment cleanup command should I execute before retrying `pipenv install`?",machine-learning-zoomcamp,91b5235316
. what does the ModuleNotFoundError indicate in this context? ,machine-learning-zoomcamp,fe5fb33959
. how can I resolve the version mismatch between the training environment and the deployment environment?,machine-learning-zoomcamp,fe5fb33959
. which specific versions of numpy should I use to ensure compatibility with sklearn?,machine-learning-zoomcamp,fe5fb33959
". if I am using Docker, where should I pin the required versions for consistency across environments?",machine-learning-zoomcamp,fe5fb33959
. what command is used to install a specific version of numpy within a pipenv environment?,machine-learning-zoomcamp,fe5fb33959
Why does my Docker container throw the error 'gunicorn: executable file not found in $PATH'?,machine-learning-zoomcamp,bbabf5b235
How can I resolve the missing `gunicorn` executable when running a Docker container for deploying a machine learning model?,machine-learning-zoomcamp,bbabf5b235
What steps should I take to ensure that `gunicorn` is available inside my Docker image after modifying the Pipfile?,machine-learning-zoomcamp,bbabf5b235
"After adding `gunicorn = ""*""` under `[packages]` in the Pipfile, what command do I need to run to update the lockfile and rebuild the Docker container?",machine-learning-zoomcamp,bbabf5b235
"If I am using Windows and prefer `waitress` over `gunicorn`, what changes should I make to my Pipfile to avoid deployment errors?",machine-learning-zoomcamp,bbabf5b235
Why does Docker report 'requested image's platform (linux/amd64) does not match' when running an image on a Mac with Apple Silicon?,machine-learning-zoomcamp,15daf894c7
How can I resolve the 'executable not found' error when attempting to run a container built for amd64 on an arm64 macOS system using Docker?,machine-learning-zoomcamp,15daf894c7
What command should I use to specify the platform as linux/amd64 during both the Docker build and run processes on an M1/M2/M3 Mac?,machine-learning-zoomcamp,15daf894c7
"Is there a way to configure my Dockerfile so that the platform is consistently set to linux/amd64, avoiding mismatches between amd64 base images and arm64 hosts?",machine-learning-zoomcamp,15daf894c7
"If I continue to face issues running amd64 containers on Apple Silicon despite setting the correct platform, what alternative solution can I use for development?",machine-learning-zoomcamp,15daf894c7
Why do the image sizes reported by `docker images` and Docker Hub differ?,machine-learning-zoomcamp,7fd7378773
How should I choose a homework option when my local image size doesn't exactly match any listed choices?,machine-learning-zoomcamp,7fd7378773
What factors contribute to variations in Docker image sizes across different environments?,machine-learning-zoomcamp,7fd7378773
"In case of a tie between two homework options, which one should I select based on the image size?",machine-learning-zoomcamp,7fd7378773
Does the uncompressed local size and compressed download size from Docker Hub affect the performance of my deployed model?,machine-learning-zoomcamp,7fd7378773
Why did the `eb create` command fail with a message about creating an Auto Scaling launch configuration?,machine-learning-zoomcamp,f6dbc97ce3
What is the recommended fix for the error when creating an Elastic Beanstalk environment in October 2024?,machine-learning-zoomcamp,f6dbc97ce3
How can I ensure that my `eb create` command uses launch templates instead of deprecated launch configurations?,machine-learning-zoomcamp,f6dbc97ce3
What specific flag should I pass to the `eb create` command to force the use of spot instances and avoid the launch configuration issue?,machine-learning-zoomcamp,f6dbc97ce3
"If I run the interactive `eb create` wizard, what question do I need to answer affirmatively to enable spot fleet requests?",machine-learning-zoomcamp,f6dbc97ce3
Why does running `eb local` result in a 'NotSupportedError' when using the default Docker platform?,machine-learning-zoomcamp,55c1151596
What specific configuration change should I make to `.elasticbeanstalk/config.yml` to enable `eb local` with the Amazon Linux 2023 Docker platform?,machine-learning-zoomcamp,55c1151596
How can I downgrade the AWS Elastic Beanstalk CLI to version 3.19.4 to regain support for `eb local`?,machine-learning-zoomcamp,55c1151596
"If I cannot use `eb local`, what alternative commands should I employ in my local environment to build and run a Docker container for deploying machine learning models?",machine-learning-zoomcamp,55c1151596
Which init option must I select during `eb init` to configure the application with the generic Docker platform compatible with `eb local`?,machine-learning-zoomcamp,55c1151596
How can I specify a particular AWS profile when initializing Elastic Beanstalk?,machine-learning-zoomcamp,675f59049a
What command should I use to deploy my Docker-based application to the eu-west-3 region in Elastic Beanstalk?,machine-learning-zoomcamp,675f59049a
"Why does Elastic Beanstalk sometimes choose the wrong AWS region during initialization, and how can I override it?",machine-learning-zoomcamp,675f59049a
"In the context of deploying a machine learning model with Elastic Beanstalk, what flags are required to set both the profile and region explicitly?",machine-learning-zoomcamp,675f59049a
"During the `eb init` process for a machine learning project, how do I ensure that the correct AWS credentials and region are applied?",machine-learning-zoomcamp,675f59049a
Is FastAPI supported as a framework for the project in this course?,machine-learning-zoomcamp,2aa1a84ee3
What should I mention in my project README if I decide to use FastAPI instead of Flask?,machine-learning-zoomcamp,2aa1a84ee3
Will using FastAPI affect my peer review process or grading?,machine-learning-zoomcamp,2aa1a84ee3
Are there any additional workshops available that focus on FastAPI and its integration with machine learning models?,machine-learning-zoomcamp,2aa1a84ee3
How does the choice between Flask and FastAPI impact the deployment of machine learning models covered in Module 5?,machine-learning-zoomcamp,2aa1a84ee3
Why am I encountering a `ConnectionRefusedError` when attempting to call my Flask application from the `predict-test.py` script?,machine-learning-zoomcamp,07c4486da9
How can I verify that the Flask server is actually running and listening on the expected port before executing `predict-test.py`?,machine-learning-zoomcamp,07c4486da9
What steps should I take if changing the host address from `localhost` to `127.0.0.1` or vice versa does not resolve the connection issue in my Flask application?,machine-learning-zoomcamp,07c4486da9
"On a Windows system, how can I determine whether another process is occupying the port (e.g., 9696) that my Flask app attempts to use, and how can I free it if necessary?",machine-learning-zoomcamp,07c4486da9
"Before integrating my Python code with Flask, what simple command-line test can I perform to confirm that the Flask endpoint (`/predict`) responds correctly?",machine-learning-zoomcamp,07c4486da9
"In Module 5 of the machine-learning-zoomcamp course, should I complete the Pipenv + Flask version or the uv + FastAPI workshop for deployment?",machine-learning-zoomcamp,29ada2d598
Which deployment workshop is considered the canonical path for current cohorts in Module 5?,machine-learning-zoomcamp,29ada2d598
"Are the original Pipenv + Flask lectures still relevant, or have they been replaced by the new uv + FastAPI workshop?",machine-learning-zoomcamp,29ada2d598
"If I follow the homework assignments after Module 5, which version of the deployment workshop should I use to ensure compatibility?",machine-learning-zoomcamp,29ada2d598
What is the purpose of keeping the original Pipenv + Flask lectures in the course repository if the uv + FastAPI workshop is now recommended?,machine-learning-zoomcamp,29ada2d598
"Why does `uv.lock` contain the package after running `uv add`, but `pyproject.toml` still shows an empty dependencies list?",machine-learning-zoomcamp,65cbd9be62
What command should I execute to ensure that `pyproject.toml` reflects the packages added with `uv add`?,machine-learning-zoomcamp,65cbd9be62
Should I manually edit the `dependencies` section in `pyproject.toml` if `uv.lock` already includes the necessary package?,machine-learning-zoomcamp,65cbd9be62
Where must I run the `uv add` command to correctly update both `pyproject.toml` and `uv.lock`?,machine-learning-zoomcamp,65cbd9be62
What happens if I try to modify the `dependencies` manually instead of using `uv sync` after adding a package?,machine-learning-zoomcamp,65cbd9be62
Why am I encountering a `ModuleNotFoundError: No module named 'sklearn'` when running Homework 5 inside the Docker container?,machine-learning-zoomcamp,0767b0bd38
What steps should I include in my Dockerfile to ensure that dependencies are installed for system Python during container startup?,machine-learning-zoomcamp,0767b0bd38
How can I correctly set up the working directory in my Dockerfile so that `uv sync` installs packages in the right location?,machine-learning-zoomcamp,0767b0bd38
"What is the purpose of the `WORKDIR /code` directive, and why is it necessary for syncing dependencies with `uv`?",machine-learning-zoomcamp,0767b0bd38
"Should I copy the file `pipeline_v2.bin` into my project directory when using a base image that already contains it at `/code/pipeline_v2.bin`, or should I directly reference the existing file?",machine-learning-zoomcamp,0767b0bd38
What is the step-by-step process to deploy a Dockerized API on Render's free tier?,machine-learning-zoomcamp,aa92a4f1b1
How do I configure the start command for my API when deploying via Render?,machine-learning-zoomcamp,aa92a4f1b1
"After deploying, how long does it take for the service to wake up after being idle in Render's free tier?",machine-learning-zoomcamp,aa92a4f1b1
Are there any alternative platforms similar to Render that can be used for free-tier deployment without a credit card?,machine-learning-zoomcamp,aa92a4f1b1
Why is it recommended not to use Docker Hub directly as the deployment target in this course?,machine-learning-zoomcamp,aa92a4f1b1
What error message do I encounter when attempting to pull the `svizor/zoomcamp-model` image using the `docker pull` command?,machine-learning-zoomcamp,a5ee2dc890
Why does Docker default to the `latest` tag and how does this cause the manifest not to be found?,machine-learning-zoomcamp,a5ee2dc890
Which specific tag should I use to successfully pull the `svizor/zoomcamp-model` image without encountering a manifest error?,machine-learning-zoomcamp,a5ee2dc890
"In the provided solution, what is the exact command to execute to resolve the issue of pulling the correct Docker image?",machine-learning-zoomcamp,a5ee2dc890
How can I ensure that future attempts to pull Docker images from repositories avoid similar manifest-related errors?,machine-learning-zoomcamp,a5ee2dc890
Why did I encounter an error stating that '/model2.bin' was not found when attempting to load the file in the Docker environment?,machine-learning-zoomcamp,32c95df124
What steps were taken to address the absence of 'model2.bin' during the Dockerfile COPY command execution on Windows using MINGW64 (git bash)?,machine-learning-zoomcamp,32c95df124
How does the temporary solution involving `COPY [,machine-learning-zoomcamp,32c95df124
Homework Q6: What specific model file should be utilized for the task in question 6?,machine-learning-zoomcamp,3ab0a03ad2
Homework Q6: Which serialized vectorizer file is recommended for processing feature dictionaries in question 6?,machine-learning-zoomcamp,3ab0a03ad2
"In Module 5 Homework of the machine-learning-zoomcamp course, what Docker image contains the necessary model and DictVectorizer files for question 6?",machine-learning-zoomcamp,3ab0a03ad2
"For question 6 in the provided FAQ record under ID `3ab0a03ad2`, which binary files are referenced as the model and vectorizer?",machine-learning-zoomcamp,3ab0a03ad2
Which files named `model2.bin` and `dv.bin` are mentioned in the FAQ to be located within the Docker image for completing Homework Q6?,machine-learning-zoomcamp,3ab0a03ad2
"In the Module 5 Homework, does the new pipeline require modifications to the existing code?",machine-learning-zoomcamp,0b60cbb594
What filename should I use to load the updated pipeline in my Python script for the homework assignment?,machine-learning-zoomcamp,0b60cbb594
Could you provide the exact code snippet needed to replace the old pipeline loading statement with the new one specified in the homework instructions?,machine-learning-zoomcamp,0b60cbb594
"Is there any additional setup required after updating the pipeline file name in the homework, or is the provided code sufficient?",machine-learning-zoomcamp,0b60cbb594
Will using `pipeline_v2.bin` instead of `pipeline_v1.bin` affect the functionality of my existing model predictions as part of the Module 5 Homework?,machine-learning-zoomcamp,0b60cbb594
How can I set up Docker to run on macOS without using Docker Desktop?,machine-learning-zoomcamp,fa4068ee43
What is the process for creating a Lima instance with the provided template for running Docker on M1 Macs?,machine-learning-zoomcamp,fa4068ee43
"After setting up Lima, how do I switch my Docker context to the new image instance?",machine-learning-zoomcamp,fa4068ee43
Which base image should I use to ensure compatibility with my built image on an M1 machine without Docker Desktop?,machine-learning-zoomcamp,fa4068ee43
What command is required to run a Docker container on an M1 Mac when specifying the platform explicitly?,machine-learning-zoomcamp,fa4068ee43
Why am I encountering a `TypeError` with xgb.DMatrix due to feature names being a NumPy array instead of strings?,machine-learning-zoomcamp,091cf6f73e
How can I resolve the error where `xgb.DMatrix` expects feature names as a list of strings but receives a NumPy array from `dv.get_feature_names_out()`?,machine-learning-zoomcamp,091cf6f73e
What is the correct way to convert the output of `dv.get_feature_names_out()` to be compatible with `xgb.DMatrix`'s `feature_names` parameter in recent versions of XGBoost?,machine-learning-zoomcamp,091cf6f73e
"In the context of creating DMatrix objects for training and testing data, what modification should I apply to ensure the feature names are correctly formatted as required by the latest xgboost library?",machine-learning-zoomcamp,091cf6f73e
"When updating older code examples that use `dv.get_feature_names_out()` directly for feature names in an xgb.DMatrix, which method call should be used to avoid the TypeError related to sequence type expectations?",machine-learning-zoomcamp,091cf6f73e
"What parameter should I set to `False` when reading a CSV file in Pandas to prevent automatic NaN conversion of string values like ""None""?",machine-learning-zoomcamp,dc86b83814
Which parameter allows me to specify additional strings that should be treated as NaN when reading a CSV with Pandas?,machine-learning-zoomcamp,dc86b83814
"Can you provide an example of how to configure `pd.read_csv()` to read ""None"" as a valid string instead of converting it to NaN?",machine-learning-zoomcamp,dc86b83814
What is the purpose of using `keep_default_na=False` in conjunction with the `na_values` parameter during CSV file reading in Pandas?,machine-learning-zoomcamp,dc86b83814
"How can I ensure that values such as """", 'NaN', and 'null' are recognized as NaN while ""None"" remains a regular string when importing data into a Pandas DataFrame?",machine-learning-zoomcamp,dc86b83814
What should I import at the beginning of my Google Collab Notebook to capture output correctly?,machine-learning-zoomcamp,c6f2a2afe5
How can I redirect standard output (stdout) to a buffer for capturing model training results in XGBoost?,machine-learning-zoomcamp,c6f2a2afe5
"After capturing the output using `io.StringIO`, how do I reset stdout back to its original state?",machine-learning-zoomcamp,c6f2a2afe5
What modification is required in Alexey's parser function to handle the captured output string correctly?,machine-learning-zoomcamp,c6f2a2afe5
"Once the output is captured, what function call should be used to parse the output and obtain a DataFrame with model scores?",machine-learning-zoomcamp,c6f2a2afe5
What parameter in XGBoost allows us to retrieve training and validation metrics after each boosting round?,machine-learning-zoomcamp,7ec4b76943
How can we store the evaluation results obtained from XGBoost for easier visualization or further analysis?,machine-learning-zoomcamp,7ec4b76943
In which module of the 'machine-learning-zoomcamp' course do we learn about extracting AUC metrics from XGBoost's output?,machine-learning-zoomcamp,7ec4b76943
What is a simpler method to obtain training and validation AUC values during an XGBoost training session as demonstrated in the lesson?,machine-learning-zoomcamp,7ec4b76943
Can you describe how the `evals_result` parameter functions within XGBoost when tracking model performance across boosting iterations?,machine-learning-zoomcamp,7ec4b76943
What is the specific class in scikit-learn for performing regression using Random Forest?,machine-learning-zoomcamp,049c4cee4e
How does the RandomForestRegressor differ from RandomForestClassifier when dealing with numerical target variables?,machine-learning-zoomcamp,049c4cee4e
Where can I find detailed documentation on implementing a RandomForestRegressor for regression tasks in scikit-learn?,machine-learning-zoomcamp,049c4cee4e
Which module of the machine-learning-zoomcamp course covers the application of Random Forest to regression problems?,machine-learning-zoomcamp,049c4cee4e
Is there an official scikit-learn reference that explains the usage of RandomForestRegressor with examples?,machine-learning-zoomcamp,049c4cee4e
.,machine-learning-zoomcamp,b78f247dc5
"What characters in feature names cause the ValueError `feature_names must be string, and may not contain [, ] or <:` when creating a DMatrix?",machine-learning-zoomcamp,b78f247dc5
How can I modify feature names containing special characters like `<` and `=` to avoid this error?,machine-learning-zoomcamp,b78f247dc5
Is it possible to keep an equal sign (`=`) in feature names without triggering the ValueError when using DMatrix?,machine-learning-zoomcamp,b78f247dc5
What is an alternative replacement for the substring `=<` in feature names to ensure compatibility with DMatrix?,machine-learning-zoomcamp,b78f247dc5
"Can you provide a code snippet that safely transforms feature names by replacing `=<` and `=` with underscores, ensuring they meet DMatrix requirements?",machine-learning-zoomcamp,b78f247dc5
What type of error do I encounter if `feature_names` is set to a numpy array when creating an `xgb.DMatrix`?,machine-learning-zoomcamp,23f66acd0a
Why does using `list(dv.get_feature_names_out())` cause a ValueError in `xgb.DMatrix`?,machine-learning-zoomcamp,23f66acd0a
"How can I clean feature names that contain symbols like `[`, `]`, or `<` to use them with XGBoost?",machine-learning-zoomcamp,23f66acd0a
Is it possible to avoid specifying `feature_names=` when constructing an `xgb.DMatrix` without losing important information?,machine-learning-zoomcamp,23f66acd0a
What regex pattern should I apply to remove incompatible symbols from feature names for compatibility with XGBoost?,machine-learning-zoomcamp,23f66acd0a
What command should I run in my Jupyter Notebook to install Xgboost?,machine-learning-zoomcamp,bc2d83ddc7
Is there a specific version of pip required for installing Xgboost?,machine-learning-zoomcamp,bc2d83ddc7
"After running the installation command, what additional step might be necessary if my current pip is outdated?",machine-learning-zoomcamp,bc2d83ddc7
Where can I find more detailed information about Xgboost installation?,machine-learning-zoomcamp,bc2d83ddc7
Which module of the 'machine-learning-zoomcamp' course covers the installation of Xgboost?,machine-learning-zoomcamp,bc2d83ddc7
Can you explain what the eta hyperparameter controls in XGBoost?,machine-learning-zoomcamp,c33a1ac422
How does adjusting the learning rate (eta) affect the training process of an XGBoost model?,machine-learning-zoomcamp,c33a1ac422
What is the role of learning rate in gradient descent within XGBoost's boosting algorithm?,machine-learning-zoomcamp,c33a1ac422
Why might we need to tune the learning rate when using XGBoost for a machine learning task?,machine-learning-zoomcamp,c33a1ac422
"In the context of gradient boosting, how does the eta parameter influence the convergence of the model toward minimizing feature weights?",machine-learning-zoomcamp,c33a1ac422
Can you explain how Random Forest implements bagging in the context of ensemble learning?,machine-learning-zoomcamp,11783b6524
How does XGBoost utilize boosting to improve model performance sequentially?,machine-learning-zoomcamp,11783b6524
What are the primary advantages and disadvantages of using bagging compared to boosting?,machine-learning-zoomcamp,11783b6524
In what scenarios might one choose Random Forest over XGBoost for a predictive modeling task?,machine-learning-zoomcamp,11783b6524
Could you describe how observation weights are adjusted during the boosting process in XGBoost?,machine-learning-zoomcamp,11783b6524
How can I capture the standard output from each iteration of a loop separately in Python when training an XGBoost model with varying eta values?,machine-learning-zoomcamp,609792b49e
Is there a way to avoid manually editing the code or running multiple cells to collect training outputs for different learning rates (eta) during an XGBoost regression task?,machine-learning-zoomcamp,609792b49e
What technique should I use within an IPython environment to store the stdout of each loop iteration in a dictionary without merging all outputs into a single capture?,machine-learning-zoomcamp,609792b49e
"Can you provide an example of using `IPython.utils.capture.capture_output` inside a loop to record distinct stdout messages for each step, such as when incrementing through a range of eta values?",machine-learning-zoomcamp,609792b49e
"How do I implement a solution that allows me to directly map each iteration's output (e.g., from a print statement) to its corresponding parameter value (like eta) in an XGBoost training process?",machine-learning-zoomcamp,609792b49e
"What is the error message ""ValueError: continuous format is not supported"" indicating when using `roc_auc_score()`?",machine-learning-zoomcamp,3a1f2deaa8
How should I correctly pass the arguments to `roc_auc_score()` to avoid this error?,machine-learning-zoomcamp,3a1f2deaa8
In which module of the Machine Learning Zoomcamp course does this issue occur?,machine-learning-zoomcamp,3a1f2deaa8
What are `y_actuals` and `y_pred` in the context of calculating ROC AUC score?,machine-learning-zoomcamp,3a1f2deaa8
Can you provide a code snippet that demonstrates the proper usage of `roc_auc_score()` to prevent the ValueError?,machine-learning-zoomcamp,3a1f2deaa8
How can I visualize a trained decision tree using Scikit-learn and Graphviz?,machine-learning-zoomcamp,04109cf821
What specific function in Scikit-learn exports a decision tree to Graphviz format?,machine-learning-zoomcamp,04109cf821
Can you provide an example code snippet for visualizing a decision tree with the `export_graphviz` method?,machine-learning-zoomcamp,04109cf821
Is there another built-in Scikit-learn function besides `export_graphviz` that can plot a decision tree directly?,machine-learning-zoomcamp,04109cf821
Which parameters should I set in `tree.export_graphviz` to generate a filled and labeled decision tree diagram?,machine-learning-zoomcamp,04109cf821
I encountered a `ValueError: Unknown label type: 'continuous'` while trying to fit a decision tree model. What did I likely do wrong?,machine-learning-zoomcamp,2ab69926dc
When should I use `DecisionTreeClassifier` versus `DecisionTreeRegressor` in scikit-learn?,machine-learning-zoomcamp,2ab69926dc
How can I fix the error `ValueError: Unknown label type: 'continuous'` when working with decision trees?,machine-learning-zoomcamp,2ab69926dc
What is the difference between classification and regression tasks in the context of decision trees?,machine-learning-zoomcamp,2ab69926dc
"In Module 6 of the Machine Learning Zoomcamp, which class should I use for a regression problem involving continuous target values?",machine-learning-zoomcamp,2ab69926dc
Why does the Area Under the Curve (AUC) vary each time I re-run the decision tree classifier in Jupyter?,machine-learning-zoomcamp,744f73a640
What specific segment of the course discusses the variability of AUC values when running a DecisionTreeClassifier?,machine-learning-zoomcamp,744f73a640
How can I ensure that the AUC value remains consistent across multiple runs of the same decision tree model?,machine-learning-zoomcamp,744f73a640
"During which part of section 6.3 is the issue of fluctuating AUC scores addressed, and what is the time range?",machine-learning-zoomcamp,744f73a640
What parameter should be set in the DecisionTreeClassifier to achieve reproducible AUC results on a single laptop?,machine-learning-zoomcamp,744f73a640
How can I retrieve the list of feature names generated by the DictVectorizer in my machine learning model?,machine-learning-zoomcamp,e80cb08772
"What method does the DictVectorizer provide to obtain its feature names, and what are the considerations when using this method?",machine-learning-zoomcamp,e80cb08772
"After fitting a predictor and response array with DictVectorizer, how do I convert the output from `get_feature_names_out()` into a usable Python list?",machine-learning-zoomcamp,e80cb08772
"In the context of one-hot encoding using DictVectorizer, why is it important to access the feature names after fitting the model?",machine-learning-zoomcamp,e80cb08772
"What type of object does `dv.get_feature_names_out()` return, and how should I handle this type when incorporating the feature names into further analysis?",machine-learning-zoomcamp,e80cb08772
Is there any difference in functionality between having the Python script create the server and running Gunicorn directly?,machine-learning-zoomcamp,74c19141ab
Does executing the setup through a script require fewer steps compared to initiating Gunicorn manually?,machine-learning-zoomcamp,74c19141ab
Will both methods yield identical results when deploying a web application using Flask or similar frameworks?,machine-learning-zoomcamp,74c19141ab
Are there performance implications if we opt for the scripted approach over direct Gunicorn invocation?,machine-learning-zoomcamp,74c19141ab
Can you confirm that choosing either method will not affect the core operation of our machine learning service?,machine-learning-zoomcamp,74c19141ab
How can I extract the feature importances from a trained Random Forest model in Python?,machine-learning-zoomcamp,fee2e5fbda
What steps are required to sort a DataFrame of feature names and their corresponding importance values in descending order?,machine-learning-zoomcamp,fee2e5fbda
"Could you provide the code snippet for generating a horizontal bar chart that visualizes feature importance using Seaborn, with appropriate labels and title?",machine-learning-zoomcamp,fee2e5fbda
Which library functions or methods should I use to create a visualization that clearly indicates which features contribute most to the model's predictions?,machine-learning-zoomcamp,fee2e5fbda
"In the context of Module 6 of the machine-learning-zoomcamp course, how do I ensure the bar chart accurately reflects the relative importance of each feature?",machine-learning-zoomcamp,fee2e5fbda
How can I compute the root mean square error directly without using `np.sqrt()` in the machine learning course?,machine-learning-zoomcamp,7fa434b922
What function should I use to obtain RMSE when predicting values with decision trees or ensemble methods in Module 6 of Machine Learning Zoomcamp?,machine-learning-zoomcamp,7fa434b922
"In the context of gradient boosting, is there a built-in metric to calculate RMSE that avoids an additional square root operation?",machine-learning-zoomcamp,7fa434b922
"When evaluating model performance on validation data after training an ensemble model, which method provides RMSE instead of MSE?",machine-learning-zoomcamp,7fa434b922
"For the machine-learning-zoomcamp course, specifically in Module 6, what alternative to squaring and then taking the square root is available for computing RMSE?",machine-learning-zoomcamp,7fa434b922
How can I visualize feature importance in scikit-learn for a decision tree model?,machine-learning-zoomcamp,9b9e23bca0
What does the inclusion of standard errors in the features importance plot indicate about model stability?,machine-learning-zoomcamp,9b9e23bca0
Where can I find an example implementation of plotting feature importance with standard errors using scikit-learn?,machine-learning-zoomcamp,9b9e23bca0
Which section of the 'machine-learning-zoomcamp' course covers visualization techniques for model explainability?,machine-learning-zoomcamp,9b9e23bca0
How might adjusting model parameters affect the stability and interpretability of features as shown in the importance graph?,machine-learning-zoomcamp,9b9e23bca0
Why am I encountering an XGBoost error stating that sklearn needs to be installed?,machine-learning-zoomcamp,a51d605063
What should I do if the error message 'sklearn needs to be installed in order to use this module' appears while working on Module 6 of the machine-learning-zoomcamp course?,machine-learning-zoomcamp,a51d605063
"Could you explain how installing sklearn resolves the XGBoostError related to missing dependencies in Decision Trees, Ensembles & Gradient Boosting?",machine-learning-zoomcamp,a51d605063
"In the context of the machine-learning-zoomcamp curriculum, what is the recommended step to prevent the redacted error message from appearing during hands-on exercises for Module 6?",machine-learning-zoomcamp,a51d605063
"How can I verify that sklearn has been correctly installed to avoid the XGBoostError in the 'Decision Trees, Ensembles & Gradient Boosting' section of my course?",machine-learning-zoomcamp,a51d605063
What is the formula for calculating the information gain of Y given X in a decision tree?,machine-learning-zoomcamp,c0dcde5293
How does an uninformative feature contribute to the mutual information between two variables?,machine-learning-zoomcamp,c0dcde5293
In what situation would the information gain equal the entropy of Y?,machine-learning-zoomcamp,c0dcde5293
What are the extreme values of information gain when X provides perfect or no information about Y?,machine-learning-zoomcamp,c0dcde5293
Can you explain how information gain is used to determine the best splitting criterion in decision tree algorithms?,machine-learning-zoomcamp,c0dcde5293
What is data leakage in the context of machine learning?,machine-learning-zoomcamp,025c1ba06b
How does filling in missing values using an entire dataset before splitting for training/testing/validation lead to data leakage?,machine-learning-zoomcamp,025c1ba06b
Which module of the 'machine-learning-zoomcamp' course discusses the issue of data leakage?,machine-learning-zoomcamp,025c1ba06b
"In which section of Module 6, Decision Trees, Ensembles & Gradient Boosting, is the topic of data leakage addressed?",machine-learning-zoomcamp,025c1ba06b
What precaution should be taken to avoid data leakage when handling missing values before model training?,machine-learning-zoomcamp,025c1ba06b
How can I save an XGBoost model in Python?,machine-learning-zoomcamp,8a5d89cbae
What function should I use to load a previously saved XGBoost model?,machine-learning-zoomcamp,8a5d89cbae
Is there an alternative method to pickle XGBoost models for saving and loading?,machine-learning-zoomcamp,8a5d89cbae
What are the steps to save an XGBoost model using `save_model`?,machine-learning-zoomcamp,8a5d89cbae
How do I load a binary file containing an XGBoost model back into memory?,machine-learning-zoomcamp,8a5d89cbae
What change in Scikit-learn version introduced support for handling missing values in `DecisionTreeClassifier` and `DecisionTreeRegressor`?,machine-learning-zoomcamp,c0444b72ca
"How did earlier versions of Scikit-learn handle missing values when using decision tree classifiers or regressors, and what method was used to address this issue?",machine-learning-zoomcamp,c0444b72ca
"At which timestamp in lesson 6.3 does the video discuss an error caused by missing values, and what technique is demonstrated to mitigate it?",machine-learning-zoomcamp,c0444b72ca
Where can I find the official documentation detailing the enhancements made to `sklearn.tree` in version 1.3 regarding missing value support?,machine-learning-zoomcamp,c0444b72ca
"In the context of Module 6 on Decision Trees, Ensembles & Gradient Boosting for the Machine Learning Zoomcamp course, what specific update in Sklearn version 1.3 affects the treatment of NaN values in feature matrices for decision tree models?",machine-learning-zoomcamp,c0444b72ca
How can I retrieve the feature names from a DictVectorizer after training a RandomForest model?,machine-learning-zoomcamp,0655982228
What attribute of a trained RandomForest model provides the importance values for each feature?,machine-learning-zoomcamp,0655982228
Which function should I use to combine feature names with their corresponding importance values in Python?,machine-learning-zoomcamp,0655982228
Is there a way to sort the features by their importance using the output from `rf.feature_importances_` and `dv.get_feature_names_out()`?,machine-learning-zoomcamp,0655982228
"What is the purpose of using `zip(feature_names, importances)` when linking feature names with their importance scores?",machine-learning-zoomcamp,0655982228
What is the role of the learning_rate parameter in XGBoost and how should I choose its value?,machine-learning-zoomcamp,257c14ccec
"How does adjusting n_estimators affect the performance of an XGBoost model, especially in relation to learning_rate?",machine-learning-zoomcamp,257c14ccec
"What is the purpose of max_depth in XGBoost, and what guidelines can help in selecting an appropriate depth?",machine-learning-zoomcamp,257c14ccec
"How does the subsample parameter influence the training of individual trees within an XGBoost ensemble, and why is it important for generalization?",machine-learning-zoomcamp,257c14ccec
"After tuning learning_rate, n_estimators, max_depth, and subsample, which additional parameters might I consider to fine-tune my XGBoost model further?",machine-learning-zoomcamp,257c14ccec
What is the correct method to obtain feature importance values from an XGBoost model trained using `xgb.train`?,machine-learning-zoomcamp,c2f713127c
Why does using `model.feature_importances_` result in an AttributeError when working with XGBoost?,machine-learning-zoomcamp,c2f713127c
"In the context of gradient boosting, which function should be utilized to retrieve feature importances after training a model with `xgb.train`?",machine-learning-zoomcamp,c2f713127c
How can I access the importance scores for each feature in my XGBoost model without encountering attribute errors?,machine-learning-zoomcamp,c2f713127c
What approach is recommended for evaluating and interpreting feature contributions from an XGBoost classifier trained through the `train` function?,machine-learning-zoomcamp,c2f713127c
Why does reading a CSV file with Pandas convert the string 'None' to NaN?,machine-learning-zoomcamp,c04cf606ed
How can I prevent Pandas from treating 'None' as a missing value when importing a CSV?,machine-learning-zoomcamp,c04cf606ed
What parameter should be set in `pd.read_csv()` to preserve literal strings like 'None' in categorical columns?,machine-learning-zoomcamp,c04cf606ed
Which values can be specified in the `na_values` argument of `pd.read_csv()` to control how missing values are recognized?,machine-learning-zoomcamp,c04cf606ed
"In the context of reading a dataset for machine learning, why is it important to distinguish between actual categories such as 'Parent_Education_Level' and genuine missing data?",machine-learning-zoomcamp,c04cf606ed
Why does my Random Forest model produce identical RMSE scores across different numbers of estimators?,machine-learning-zoomcamp,a9dddac58b
What mistake might cause the same untrained model to be scored repeatedly in each iteration of an n_estimators loop?,machine-learning-zoomcamp,a9dddac58b
How can using `predict_proba` instead of `predict` affect the evaluation of a regression task with a Random Forest?,machine-learning-zoomcamp,a9dddac58b
"If I set `max_depth=1` for all trees, what implicit effect does this have on the ensemble's performance?",machine-learning-zoomcamp,a9dddac58b
What steps should I ensure to correctly train and validate each RandomForestRegressor within a loop over n_estimators?,machine-learning-zoomcamp,a9dddac58b
"In Module 6 Homework, what does it signify when the Root Mean Square Error (RMSE) ceases to improve during a model training process?",machine-learning-zoomcamp,66c3aaa71f
"For Homework Q3 in the Machine Learning Zoomcamp course, should I identify the number of `n_estimators` at which RMSE first increases or at which RMSE reaches its lowest point after an initial increase?",machine-learning-zoomcamp,66c3aaa71f
What is the definition of 'RMSE stops improving' as mentioned in the FAQ for Module 6 Homework of the Machine Learning Zoomcamp program?,machine-learning-zoomcamp,66c3aaa71f
"When analyzing the behavior of RMSE with respect to `n_estimators`, how should I determine the optimal number of estimators if RMSE initially rises and then stabilizes at a lower value than before?",machine-learning-zoomcamp,66c3aaa71f
"According to the FAQ record for Module 6 Homework in the Machine Learning Zoomcamp course, what is the criteria for concluding that RMSE has stopped improving?",machine-learning-zoomcamp,66c3aaa71f
Is collaboration allowed on the mid-term project?,machine-learning-zoomcamp,04b9f695e8
Can I work with a partner for the capstone project?,machine-learning-zoomcamp,04b9f695e8
Are there any restrictions on discussing the weekly lectures with classmates?,machine-learning-zoomcamp,04b9f695e8
What forms of collaboration are permitted during the course projects?,machine-learning-zoomcamp,04b9f695e8
May I share ideas or receive feedback from peers while completing my individual projects?,machine-learning-zoomcamp,04b9f695e8
"Will I be working alone on the midterm project, or is group work allowed?",machine-learning-zoomcamp,6e943f57bc
Is it mandatory to complete the capstone project individually without collaboration?,machine-learning-zoomcamp,6e943f57bc
Can I collaborate with classmates on any part of the midterm assignment?,machine-learning-zoomcamp,6e943f57bc
Are there any provisions for joint submissions in the capstone project?,machine-learning-zoomcamp,6e943f57bc
What are the guidelines regarding teamwork for solo projects like the midterms and capstones?,machine-learning-zoomcamp,6e943f57bc
Which modules should be included in a midterm project according to the syllabus?,machine-learning-zoomcamp,d8f72f3007
What is the scope of topics allowed for a capstone project beyond the listed modules?,machine-learning-zoomcamp,d8f72f3007
Are there any restrictions on incorporating additional topics not covered in class for either project type?,machine-learning-zoomcamp,d8f72f3007
Where can I find office hour recordings from previous cohorts to help with my project preparation?,machine-learning-zoomcamp,d8f72f3007
"How can I access discussions related to project work, and are there specific Slack channels dedicated to this purpose?",machine-learning-zoomcamp,d8f72f3007
Where can I find detailed guidelines on how to perform peer reviews for the midterm project?,machine-learning-zoomcamp,2c1cb358cb
Is there a video tutorial available that demonstrates the process of conducting peer reviews?,machine-learning-zoomcamp,2c1cb358cb
How will the instructors compile and distribute the list of projects for us to review?,machine-learning-zoomcamp,2c1cb358cb
"What platform (e.g., Google Sheet) will be used to assign and track our peer review tasks?",machine-learning-zoomcamp,2c1cb358cb
"When is the deadline for submitting our peer reviews, and how long do we have to complete them?",machine-learning-zoomcamp,2c1cb358cb
What is the total number of required posts for the learning in public component of the midterm project?,machine-learning-zoomcamp,6834d136c1
"Does each post contribute equally to the total value, or are there specific types of posts with different values?",machine-learning-zoomcamp,6834d136c1
"How many days should I spread these posts over, and what additional posts must I create besides those linked to each day?",machine-learning-zoomcamp,6834d136c1
Are the evaluation posts intended to assess peers' projects directly or to provide general feedback on the community's learning journey?,machine-learning-zoomcamp,6834d136c1
"Is there a recommended format for these posts, such as daily reflections, tutorials, or Q&A sessions?",machine-learning-zoomcamp,6834d136c1
How can I upload a large dataset to my GitHub repository without encountering size limitations?,machine-learning-zoomcamp,307139bab1
What tool or method is recommended for handling big files when collaborating on a machine learning project hosted on GitHub?,machine-learning-zoomcamp,307139bab1
I'm facing difficulties loading a substantial data file into my GitHub repo. Is there an alternative approach suggested in the course for GitHub projects?,machine-learning-zoomcamp,307139bab1
"For the midterm and capstone assignments, what solution does the 'machine-learning-zoomcamp' course propose to manage datasets that exceed typical GitHub repository size constraints?",machine-learning-zoomcamp,307139bab1
"In the context of the 'Projects (Midterm and Capstone)' section of the 'machine-learning-zoomcamp' course, what specific tool is advised for dealing with large files in a GitHub environment?",machine-learning-zoomcamp,307139bab1
How many of the three projects must I successfully complete to obtain the certificate for the machine learning Zoom camp?,machine-learning-zoomcamp,8ea1e7e31f
What is displayed on the certificate regarding my performance in the course?,machine-learning-zoomcamp,8ea1e7e31f
"Besides completing projects, what additional requirements must I meet to be eligible for the certificate?",machine-learning-zoomcamp,8ea1e7e31f
Are the midterm and capstone projects conducted individually or as part of a team effort?,machine-learning-zoomcamp,8ea1e7e31f
How does the grading system determine whether a student passes or fails the certification criteria?,machine-learning-zoomcamp,8ea1e7e31f
Which types of datasets are suitable for the midterm and capstone projects in the machine-learning-zoomcamp course?,machine-learning-zoomcamp,9f4011849d
What is the minimum number of rows required for a project dataset to be considered appropriate?,machine-learning-zoomcamp,9f4011849d
"Can students create their own data for the project, or must they use existing datasets?",machine-learning-zoomcamp,9f4011849d
What stages does the full ML pipeline encompass that should be demonstrated using the chosen dataset?,machine-learning-zoomcamp,9f4011849d
Are toy datasets (with fewer than 100 rows) allowed for the projects in this course?,machine-learning-zoomcamp,9f4011849d
How many peer reviews are required for each project in the Machine Learning ZoomCamp course?,machine-learning-zoomcamp,0291007215
Is it permissible to skip submitting a final capstone project while still being enrolled in the course?,machine-learning-zoomcamp,0291007215
What happens if I submit my project late for evaluation in the second capstone module?,machine-learning-zoomcamp,0291007215
Will I receive feedback from peers even if I choose not to participate in the peer review process?,machine-learning-zoomcamp,0291007215
Does skipping a project affect my overall grade or completion status for the Machine Learning ZoomCamp course?,machine-learning-zoomcamp,0291007215
What is the requirement for model training in the midterm deliverables?,machine-learning-zoomcamp,9a458a7035
How many distinct machine learning models must be trained to satisfy Point 4 of the midterm project?,machine-learning-zoomcamp,9a458a7035
Is there a minimum number of models that need to be trained according to the course guidelines?,machine-learning-zoomcamp,9a458a7035
"Can I train an unlimited number of models for the midterm, or is there an upper limit specified?",machine-learning-zoomcamp,9a458a7035
What does the term 'multiple' imply in the context of training models for Point 4 of the midterm deliverables?,machine-learning-zoomcamp,9a458a7035
"Is the project grading determined by averaging classmates' scores, or is it calculated from my individual total score?",machine-learning-zoomcamp,1480ed67d4
How does the course ensure that most students pass the midterm and capstone projects through scoring methods?,machine-learning-zoomcamp,1480ed67d4
"If multiple students achieve similar scores, how does the evaluation process guarantee a fair outcome for passing criteria?",machine-learning-zoomcamp,1480ed67d4
What specific grading method is employed to assess project submissions in order to maintain consistent pass rates across participants?,machine-learning-zoomcamp,1480ed67d4
Can you explain whether the project assessment involves comparing individual performance against an average or relies on independent total score calculations?,machine-learning-zoomcamp,1480ed67d4
Is implementing a neural network mandatory for achieving the highest score on the midterm project?,machine-learning-zoomcamp,2a71bf594b
What are some alternative approaches that can be employed besides using a neural network for the midterm project to still qualify for top marks?,machine-learning-zoomcamp,2a71bf594b
Does the marking rubric penalize students who choose not to incorporate a neural network into their midterm project submission?,machine-learning-zoomcamp,2a71bf594b
Are there any specific criteria within the projects section of the course outline that dictate the necessity of neural networks for the midterm and capstone projects?,machine-learning-zoomcamp,2a71bf594b
Could you provide examples of other methodologies or algorithms that students might effectively utilize in lieu of a neural network for the midterm project while still meeting the grading standards?,machine-learning-zoomcamp,2a71bf594b
"What is the typical duration allocated for building a project, and how long does the peer review phase last?",machine-learning-zoomcamp,e06817165e
How many successful peer reviews are required to successfully complete each project?,machine-learning-zoomcamp,e06817165e
Which aspects of machine learning engineering and deployment are emphasized in the grading rubrics for projects?,machine-learning-zoomcamp,e06817165e
Are there any specific deadlines or checkpoints within the three-week project timeline that students should be aware of?,machine-learning-zoomcamp,e06817165e
Can you provide examples of practical ML engineering tasks that might be evaluated during the project assessment?,machine-learning-zoomcamp,e06817165e
"Is it permissible to submit a medical project for the final assignment when deploying it is not feasible, and how will this affect my grading?",machine-learning-zoomcamp,a71cea59c0
What are the consequences on my grade if I choose a medical project that cannot be deployed for the capstone project?,machine-learning-zoomcamp,a71cea59c0
"Can students opt for a non-deployable medical project as their final project without facing a penalty, and what is the exact reduction in points?",machine-learning-zoomcamp,a71cea59c0
"If I select a medical project that lacks deployability for the midterm or capstone, will my score be adjusted downward, and by how much?",machine-learning-zoomcamp,a71cea59c0
"Does the academic policy allow submitting a medical-related project for the final evaluation under conditions where deployment isn't possible, and what grade adjustment is applied?",machine-learning-zoomcamp,a71cea59c0
Is Streamlit sufficient for deploying my machine learning project without additional frameworks?,machine-learning-zoomcamp,27b149393b
What are the minimal requirements for a valid deployment in this course?,machine-learning-zoomcamp,27b149393b
Can I integrate Streamlit with another web framework to meet the deployment criteria?,machine-learning-zoomcamp,27b149393b
Does using Streamlit alone prevent me from passing the deployment evaluation?,machine-learning-zoomcamp,27b149393b
Are there alternatives to Streamlit that could serve as both the UI and service for my project?,machine-learning-zoomcamp,27b149393b
"Is it permissible to substitute FastAPI or PyTorch with other frameworks like LightGBM, CatBoost, Hugging Face, etc., for the project?",machine-learning-zoomcamp,066863566f
Do I need to provide detailed instructions in the README if I choose a framework that my peer reviewer might not be familiar with?,machine-learning-zoomcamp,066863566f
Has PyTorch been officially added to the syllabus alongside TensorFlow for this course?,machine-learning-zoomcamp,066863566f
Will the grading rubric consider frameworks other than those specifically mentioned in the teaching materials?,machine-learning-zoomcamp,066863566f
What documentation should I include in the README to ensure clarity about the chosen framework and its execution?,machine-learning-zoomcamp,066863566f
"Is it necessary to train several models for the midterm evaluation, or will a single model suffice?",machine-learning-zoomcamp,96e6c5ea38
"According to the rubric, what is the point allocation for training multiple models without extensive hyperparameter tuning?",machine-learning-zoomcamp,96e6c5ea38
How many distinct models am I required to implement in my `train.py` and `predict.py` scripts for the midterm project?,machine-learning-zoomcamp,96e6c5ea38
Does the rubric award additional points if I tune the hyperparameters of multiple trained models?,machine-learning-zoomcamp,96e6c5ea38
Where does the comparison of different model performances take place within the midterm submission process?,machine-learning-zoomcamp,96e6c5ea38
What are the steps to install TensorFlow with CUDA support on Ubuntu running in WSL2?,machine-learning-zoomcamp,89f4d77539
Which NVIDIA documentation page provides guidance for setting up CUDA within Windows Subsystem for Linux (WSL)?,machine-learning-zoomcamp,89f4d77539
How can I ensure that TensorFlow is installed correctly after enabling GPU acceleration through CUDA on my local machine?,machine-learning-zoomcamp,89f4d77539
"Where can I find instructions to install PyTorch alongside TensorFlow, specifically choosing CUDA 11.7 for the computer platform option?",machine-learning-zoomcamp,89f4d77539
"If I encounter issues with GPU support during TensorFlow installation on WSL2, what external article might offer additional troubleshooting steps?",machine-learning-zoomcamp,89f4d77539
What are the steps to set up a notebook for deep learning on Kaggle?,machine-learning-zoomcamp,7ab955e247
How can I access accelerated computing resources like T4 GPUs in my Kaggle notebook?,machine-learning-zoomcamp,7ab955e247
Where is the option located in the interface to change the hardware accelerator of my Kaggle notebook?,machine-learning-zoomcamp,7ab955e247
Which specific GPU type should I select for efficient deep learning tasks in Kaggle?,machine-learning-zoomcamp,7ab955e247
What initial action must be taken before accessing advanced hardware options on Kaggle?,machine-learning-zoomcamp,7ab955e247
What are the steps to set up a Google Colab notebook for executing deep learning code?,machine-learning-zoomcamp,76134388e5
How can I switch the runtime type to utilize a T4 GPU in Google Colab?,machine-learning-zoomcamp,76134388e5
Where do I find the option to change the runtime configuration in a Colab notebook?,machine-learning-zoomcamp,76134388e5
What specific hardware accelerator should be selected to optimize performance for deep learning tasks on Google Colab?,machine-learning-zoomcamp,76134388e5
Could you provide visual guidance on navigating through the steps of configuring Google Colab for neural network training?,machine-learning-zoomcamp,76134388e5
What specific steps are outlined in the guide for installing CUDA on Ubuntu 22.04?,machine-learning-zoomcamp,f3254c8c94
How can I verify that CUDA and cuDNN have been successfully installed after following the guide?,machine-learning-zoomcamp,f3254c8c94
Are there any prerequisites or dependencies required before starting the installation process mentioned in the FAQ record?,machine-learning-zoomcamp,f3254c8c94
Does the provided guide include troubleshooting tips for common issues encountered during the CUDA and cuDNN setup on Ubuntu 22.04?,machine-learning-zoomcamp,f3254c8c94
In which module of the 'machine-learning-zoomcamp' course is the information about installing CUDA and cuDNN located?,machine-learning-zoomcamp,f3254c8c94
Why do I receive a `ValueError` when trying to load weights saved in HDF5 format into a subclassed Keras Model?,machine-learning-zoomcamp,7915e5968b
What steps should I follow to successfully load pre-saved model weights into a subclassed TensorFlow/Keras Model without encountering the error mentioned?,machine-learning-zoomcamp,7915e5968b
In what order must I evaluate and then load weights for a subclassed Model in TensorFlow to avoid the `ValueError` related to variable creation?,machine-learning-zoomcamp,7915e5968b
Can you explain why calling the Model before loading weights is necessary when using HDF5 format with a subclassed Model in deep learning frameworks like Keras?,machine-learning-zoomcamp,7915e5968b
"What specific code change ensures that variables are created in a subclassed Model prior to loading weights, thus preventing the `ValueError` during model restoration?",machine-learning-zoomcamp,7915e5968b
"When I try to clone the 'clothing-dataset-small' repository using SSH, I encounter a 'Host key verification failed' error. What could be causing this issue?",machine-learning-zoomcamp,4538b68902
How can I resolve the 'Host key verification failed' message when attempting to clone the GitHub repository for the clothing dataset in Module 8 of the machine-learning-zoomcamp course?,machine-learning-zoomcamp,4538b68902
"What alternative URL should I use to clone the 'clothing-dataset-small' repository if my SSH keys are not properly configured, as indicated by the error during cloning?",machine-learning-zoomcamp,4538b68902
"In the context of Module 8 from the machine-learning-zoomcamp course, what steps are required to successfully download the clothing dataset when encountering a host key verification failure with SSH?",machine-learning-zoomcamp,4538b68902
Why does switching from an SSH URL to an HTTPS URL eliminate the 'Host key verification failed' error when cloning the repository for the clothing dataset in my deep learning project?,machine-learning-zoomcamp,4538b68902
Why does the accuracy remain constant across epochs during training?,machine-learning-zoomcamp,cd934427d8
What should I set for `class_mode` when reading data in the homework to avoid constant accuracy?,machine-learning-zoomcamp,cd934427d8
"Which optimizer, batch size, or learning rate choices could lead to unchanged accuracy and loss values?",machine-learning-zoomcamp,cd934427d8
How can I verify if the chosen optimizer is appropriate for my neural network model?,machine-learning-zoomcamp,cd934427d8
What steps should I follow to troubleshoot persistent accuracy issues during the training of a binary classification model?,machine-learning-zoomcamp,cd934427d8
What should I verify to prevent the loss from skyrocketing after applying data augmentation during model training?,machine-learning-zoomcamp,57e17a3e5f
How can I ensure that my `ImageDataGenerator` maintains the correct settings when resuming a training session following augmentation?,machine-learning-zoomcamp,57e17a3e5f
"Why does my model's accuracy drop to about 0.5 after augmenting the dataset, resulting in performance comparable to random guessing?",machine-learning-zoomcamp,57e17a3e5f
What specific parameter in the `ImageDataGenerator` might be missing or incorrectly set if the loss exceeds 1000 during the first epoch post-augmentation?,machine-learning-zoomcamp,57e17a3e5f
"In the context of Module 8 on Neural Networks and Deep Learning for the machine-learning-zoomcamp course, what corrective action is recommended to address a sudden high loss and poor accuracy after data augmentation?",machine-learning-zoomcamp,57e17a3e5f
What causes the ValueError mentioning 'channel dimension of the inputs should be defined' while reloading a TensorFlow model?,machine-learning-zoomcamp,2ab8be1a97
How can I prevent this error when defining the input shape for a neural network in TensorFlow?,machine-learning-zoomcamp,2ab8be1a97
"In the provided example, what specific line of code resolves the missing channel value issue during model reloading?",machine-learning-zoomcamp,2ab8be1a97
"What is the significance of specifying the number of channels (e.g., 3 for RGB images) in the Input layer's shape parameter?",machine-learning-zoomcamp,2ab8be1a97
Can you explain why setting `training=False` on a base model within the architecture helps avoid channel dimension errors?,machine-learning-zoomcamp,2ab8be1a97
What command can I use in a Jupyter Notebook to unzip a dataset without displaying detailed output messages for each file?,machine-learning-zoomcamp,0e58ef1736
How do I suppress the extensive output when unzipping files using the `! unzip` command within a Jupyter environment?,machine-learning-zoomcamp,0e58ef1736
"Is there an alternative method to unzip a ZIP archive in Python that avoids terminal output clutter, and if so, what is it?",machine-learning-zoomcamp,0e58ef1736
What are the steps to extract all contents of a ZIP file named 'data.zip' into a folder called 'data' using Python's built-in `zipfile` library?,machine-learning-zoomcamp,0e58ef1736
"In the context of Module 8 on Neural Networks and Deep Learning from the machine-learning-zoomcamp course, which approach is recommended for unzipping datasets silently within a Jupyter Notebook?",machine-learning-zoomcamp,0e58ef1736
"When configuring `train_gen.flow_from_directory`, how does Keras determine the class labels for image data?",machine-learning-zoomcamp,6c51e7d7bb
"If I organize my training images into separate folders named after each class, what will happen when `flow_from_directory` processes this structure?",machine-learning-zoomcamp,6c51e7d7bb
Can you explain why the folder names in a directory used with Keras' `flow_from_directory` function represent class categories?,machine-learning-zoomcamp,6c51e7d7bb
What is the significance of the tutorial [here](https://vijayabhaskar96.medium.com/tutorial-image-classification-with-keras-flow-from-directory-and-generators-95f75ebe5720) regarding class naming in Keras' image data loading process?,machine-learning-zoomcamp,6c51e7d7bb
"In the context of using `flow_from_directory` for neural network training, how exactly does Keras infer the number of classes present?",machine-learning-zoomcamp,6c51e7d7bb
"In TensorFlow's `flow_from_directory`, how are numeric class labels assigned to folders when using binary classification mode?",machine-learning-zoomcamp,98f2d2b078
"What does the single probability output by a binary Keras model represent, and how is it related to the class probabilities?",machine-learning-zoomcamp,98f2d2b078
"If I have two folders named `dino` and `dragon` in my dataset directory, what will be their respective class labels when processed with `flow_from_directory` in alphabetical order?",machine-learning-zoomcamp,98f2d2b078
How can I compute the probability of class 0 if a binary Keras model outputs the probability for class 1 using a sigmoid activation function in the final dense layer?,machine-learning-zoomcamp,98f2d2b078
"When making predictions with a binary classification Keras model, what does an output value of 0.8 signify regarding the likelihood of each class?",machine-learning-zoomcamp,98f2d2b078
Why might the accuracy and standard deviation of training loss reported on a Mac laptop differ from those provided in the homework answers?,machine-learning-zoomcamp,55a29a88a1
How does the version of the SGD optimizer affect the results when executing the wasp/bee model on different platforms?,machine-learning-zoomcamp,55a29a88a1
What steps can be taken to ensure that the model's performance metrics align more closely with the expected homework answers?,machine-learning-zoomcamp,55a29a88a1
"Is there a specific computational environment, such as Google Colab or a T4 GPU runtime, that yields results more consistent with the homework expectations?",machine-learning-zoomcamp,55a29a88a1
What message might appear if there is an issue related to using different versions of the SGD optimizer during model execution?,machine-learning-zoomcamp,55a29a88a1
How can I utilize multi-threading to enhance data generation during the `model.fit()` process in TensorFlow?,machine-learning-zoomcamp,c0ceddd1a3
"What is the default setting for the `workers` parameter when executing `model.fit()`, and how does it affect performance?",machine-learning-zoomcamp,c0ceddd1a3
In what range should I experiment with the `workers` value to potentially improve training speed on my machine?,machine-learning-zoomcamp,c0ceddd1a3
Where can I find detailed documentation about the `workers` argument in the context of TensorFlow's `model.fit()` method?,machine-learning-zoomcamp,c0ceddd1a3
Does adjusting the `workers` parameter during `model.fit()` require any specific considerations regarding system CPU resources?,machine-learning-zoomcamp,c0ceddd1a3
What steps are required to ensure reproducibility in TensorFlow training runs?,machine-learning-zoomcamp,ee14ae778d
How can I set a random seed for consistent results across multiple executions of my TensorFlow script?,machine-learning-zoomcamp,ee14ae778d
Where can I find the official TensorFlow documentation that details how to enable deterministic operations?,machine-learning-zoomcamp,ee14ae778d
What specific function from tf.keras.utils is used to establish a global random seed in TensorFlow?,machine-learning-zoomcamp,ee14ae778d
In which part of the `tensorflow` package can I locate the method to enable operation determinism for reproducible training?,machine-learning-zoomcamp,ee14ae778d
Is it permissible to implement the neural network assignments using PyTorch instead of Keras?,machine-learning-zoomcamp,05c264fddf
What are the main differences in syntax between using Keras and PyTorch for constructing a convolutional neural network as covered in Module 8?,machine-learning-zoomcamp,05c264fddf
Could I submit a pull request that provides a PyTorch version of the CNN examples from the 'Writing CNNs from Scratch in PyTorch' tutorial for the course assignments?,machine-learning-zoomcamp,05c264fddf
Will learning how to build models with both Keras and PyTorch be beneficial for understanding deep learning concepts covered in this machine-learning-zoomcamp course?,machine-learning-zoomcamp,05c264fddf
Are there any specific guidelines or preferences regarding which deep learning framework (Keras vs. PyTorch) should be used for homework submissions in Module 8?,machine-learning-zoomcamp,05c264fddf
"What is the specific error message encountered during Keras model training, and why does it occur?",machine-learning-zoomcamp,ace84c3970
How can I correctly pass the data to the `model.fit()` method when using an `ImageDataGenerator` in Keras?,machine-learning-zoomcamp,ace84c3970
What are the common mistakes when configuring the `train_gen` and `validation_data` arguments for a Keras model?,machine-learning-zoomcamp,ace84c3970
"If I see the error 'Failed to find data adapter that can handle input: <class 'keras.src.preprocessing.image.ImageDataGenerator'>, <class 'NoneType'>', what should I verify in my code?",machine-learning-zoomcamp,ace84c3970
What are the steps to ensure proper training of a Keras model using datasets generated by `ImageDataGenerator.flow_from_directory()`?,machine-learning-zoomcamp,ace84c3970
How can I continuously monitor my GPU's status using the `nvidia-smi` command without repeatedly typing it in the terminal?,machine-learning-zoomcamp,e3c5c81223
"Is there a built-in option within the `nvidia-smi` utility that allows for periodic updates of GPU information, similar to what the `watch` command provides?",machine-learning-zoomcamp,e3c5c81223
What is the syntax to configure `nvidia-smi` to refresh its output every 2 seconds automatically?,machine-learning-zoomcamp,e3c5c81223
Can I specify an interval in seconds when executing `nvidia-smi` so it runs in a loop until manually stopped with CTRL+C?,machine-learning-zoomcamp,e3c5c81223
What command should be used to make `nvidia-smi` update the display of GPU utilization and temperature every few seconds without invoking `watch`?,machine-learning-zoomcamp,e3c5c81223
How can I visualize GPU process utilization interactively using a tool similar to `htop` for CPU monitoring?,machine-learning-zoomcamp,38c419b57c
What Python package provides an interactive interface for monitoring GPU usage during deep learning tasks?,machine-learning-zoomcamp,38c419b57c
Where can I find the installation instructions and documentation for the `nvitop` Python package used to observe GPU processes?,machine-learning-zoomcamp,38c419b57c
Is there an image available that demonstrates the `nvitop` interface for monitoring GPU utilization in a machine learning context?,machine-learning-zoomcamp,38c419b57c
"In which module of the 'machine-learning-zoomcamp' course is the `nvitop` tool discussed, and what is its purpose?",machine-learning-zoomcamp,38c419b57c
How can I accurately determine the number of input features for the first Linear layer after a Flatten operation in a CNN-based model?,machine-learning-zoomcamp,52fbe7351e
"What utility or method is recommended to view the output shape of each layer, including the Flatten layer, in a PyTorch model?",machine-learning-zoomcamp,52fbe7351e
Can you demonstrate how to use torchinfo (or an equivalent) to inspect the feature map size after the final pooling layer before flattening?,machine-learning-zoomcamp,52fbe7351e
Is there a way to avoid manually computing the flattened tensor size by letting PyTorch infer it during the first forward pass of my network?,machine-learning-zoomcamp,52fbe7351e
"Given a CNN with specific convolutional and pooling layers, how do I calculate the dimensions of the output feature map that will be fed into the Linear layer?",machine-learning-zoomcamp,52fbe7351e
What is the difference between the Sequential Model API and the Functional Model API in Keras for TensorFlow 2?,machine-learning-zoomcamp,ddc7d09c3d
How can I create a model using an empty starting point and add layers sequentially in Keras?,machine-learning-zoomcamp,ddc7d09c3d
"Why might the Functional Model API be preferred over the Sequential Model API, especially in scenarios involving Transfer Learning?",machine-learning-zoomcamp,ddc7d09c3d
Where can I find a tutorial that provides a deep learning example with TensorFlow and Keras?,machine-learning-zoomcamp,ddc7d09c3d
"Is there a practical example of a Sequential model implementation available for reference, such as one used in a Kaggle notebook?",machine-learning-zoomcamp,ddc7d09c3d
How can I prevent out-of-memory errors when executing TensorFlow models on a GPU?,machine-learning-zoomcamp,92eac8d507
What is the purpose of the `tf.config.experimental.set_memory_growth` function in TensorFlow?,machine-learning-zoomcamp,92eac8d507
Could you provide a code example for configuring memory growth for a single GPU to avoid OOM issues in TensorFlow?,machine-learning-zoomcamp,92eac8d507
Is there a difference in handling out-of-memory errors between running TensorFlow on a GPU versus running it on a CPU?,machine-learning-zoomcamp,92eac8d507
Where can I find the official TensorFlow documentation that discusses setting memory growth for GPUs?,machine-learning-zoomcamp,92eac8d507
What command should I use to check the current GPU memory usage and identify which processes are consuming it?,machine-learning-zoomcamp,bc8bd71f9c
How can I find the process ID (PID) of a Python script running on my GPU that is using excessive memory?,machine-learning-zoomcamp,bc8bd71f9c
"What is the exact `kill` command syntax to terminate a specific process by its PID, such as 11208?",machine-learning-zoomcamp,bc8bd71f9c
"After terminating the problematic process, why did the Jupyter kernel automatically restart, and how does this help free up GPU memory?",machine-learning-zoomcamp,bc8bd71f9c
"Following the steps outlined, what should I do to verify that the GPU memory usage has been successfully reduced after resolving the OOM issue?",machine-learning-zoomcamp,bc8bd71f9c
Why does model training appear to be very slow when using a T4 GPU in Google Colab?,machine-learning-zoomcamp,39112d0ede
How can I specify the number of workers/threads in the `fit` function to improve performance during model training in Google Colab?,machine-learning-zoomcamp,39112d0ede
"What is the default value for the `workers` variable in Google Colab's GPU environment, and why might it lead to slow processing?",machine-learning-zoomcamp,39112d0ede
By what factor should I increase the `workers` variable to potentially accelerate model training on a T4 GPU within Google Colab?,machine-learning-zoomcamp,39112d0ede
Where can I find additional information or a discussion related to determining the number of cores available in Google Colab’s GPU for optimizing model training performance?,machine-learning-zoomcamp,39112d0ede
What is the recommended method for loading image data in new TensorFlow code?,machine-learning-zoomcamp,2584892a72
Why is `ImageDataGenerator` deprecated according to the Keras documentation?,machine-learning-zoomcamp,2584892a72
How can I use `image_dataset_from_directory` to load images in my TensorFlow project?,machine-learning-zoomcamp,2584892a72
Where can I find tutorials on loading and augmenting images with TensorFlow?,machine-learning-zoomcamp,2584892a72
What guide should I refer to for using preprocessing layers with image datasets in Keras?,machine-learning-zoomcamp,2584892a72
What specific transformations are commonly used in data augmentation for neural networks?,machine-learning-zoomcamp,56e523f708
How does exposing a model to transformed data help prevent overfitting during training?,machine-learning-zoomcamp,56e523f708
Can you explain the process by which data augmentation artificially expands the training dataset?,machine-learning-zoomcamp,56e523f708
"In what ways might flipping, cropping, and adjusting brightness or contrast improve a model's robustness?",machine-learning-zoomcamp,56e523f708
Which module of the 'machine-learning-zoomcamp' course covers techniques to enhance model performance through augmented datasets?,machine-learning-zoomcamp,56e523f708
"What is the shape of the output tensor produced by a PyTorch Conv2D layer, and how do the dimensions relate to `N`, `C_out`, `H_out`, and `W_out`?",machine-learning-zoomcamp,ad7e934f1c
"How does the spatial output size (`H_out`, `W_out`) of a Conv2D layer depend on input dimensions (`H_in`, `W_in`), kernel size `(K_H, K_W)`, stride `(S_H, S_W)`, padding `(P_H, P_W)`, and dilation `D`?",machine-learning-zoomcamp,ad7e934f1c
Can you provide the simplified formula for calculating `H_out` and `W_out` when dilation is set to 1?,machine-learning-zoomcamp,ad7e934f1c
"If I define a Conv2d layer with `in_channels=3`, `out_channels=16`, `kernel_size=(2,2)`, `stride=(2,2)`, and `padding=(2,2)`, what will be the resulting tensor shape after applying it to an input of shape `[1, 3, 150, 150]`?",machine-learning-zoomcamp,ad7e934f1c
What tools or methods can I use to verify the spatial output size produced by a Conv2D layer in my PyTorch model without manually computing the formulas?,machine-learning-zoomcamp,ad7e934f1c
Why am I encountering an ImportError when trying to import `load_img` from `tensorflow.keras.preprocessing.image`?,machine-learning-zoomcamp,f5e5120ecb
What is the correct way to import the `load_img` function in TensorFlow Keras as of the latest version?,machine-learning-zoomcamp,f5e5120ecb
"Has the location of the `load_img` utility changed recently, and if so, where should I now find it?",machine-learning-zoomcamp,f5e5120ecb
In which module or utility namespace does the updated `load_img` function reside after the recent TensorFlow/Keras migration?,machine-learning-zoomcamp,f5e5120ecb
Can you provide an example of how to correctly use the new import path for `load_img` in a TensorFlow Keras script?,machine-learning-zoomcamp,f5e5120ecb
How should I correctly save only the weights of a model in Keras version 3?,machine-learning-zoomcamp,2d0e38492f
What is the required file extension when saving weights using `model.save_weights()` in newer versions of Keras?,machine-learning-zoomcamp,2d0e38492f
"Has the `save_format` argument been removed from `model.save_weights()` in recent Keras updates, and if so, how should I configure it for a `ModelCheckpoint` callback?",machine-learning-zoomcamp,2d0e38492f
What format should I use to save both the model architecture and weights together in the latest Keras version?,machine-learning-zoomcamp,2d0e38492f
"When using `ModelCheckpoint`, what settings are necessary to ensure only the weights are saved with the correct file extension?",machine-learning-zoomcamp,2d0e38492f
"Is the CPU-only version of PyTorch sufficient for completing the coursework and assignments in the 'machine-learning-zoomcamp' course, specifically within Module 8 on Neural Networks and Deep Learning?",machine-learning-zoomcamp,f7bef3f0f8
"What is the size difference between the CPU-only and CUDA builds of PyTorch, and which one should I choose if I plan to use Google Colab with a free GPU runtime for training models?",machine-learning-zoomcamp,f7bef3f0f8
"How can I install the CPU-only version of PyTorch using pip or uv commands in my local environment, as suggested for learning purposes in Module 8?",machine-learning-zoomcamp,f7bef3f0f8
Will installing the CUDA build of PyTorch impact the performance of my assignments if I do not have an NVIDIA GPU connected to my machine during the course?,machine-learning-zoomcamp,f7bef3f0f8
Are there any specific advantages or disadvantages to using a Google Colab free GPU runtime over running CPU-only PyTorch locally when working on deep learning tasks in Module 8?,machine-learning-zoomcamp,f7bef3f0f8
What is causing the 'TypeError: Unable to convert function return value to a Python type!' when I try to import tensorflow?,machine-learning-zoomcamp,b14f3a1086
How can I resolve the incompatibility between numpy 2.x and older versions of TensorFlow?,machine-learning-zoomcamp,b14f3a1086
Which version of TensorFlow is compatible with numpy 2.x?,machine-learning-zoomcamp,b14f3a1086
"If upgrading TensorFlow does not solve the issue, what alternative step can I take regarding numpy?",machine-learning-zoomcamp,b14f3a1086
"After applying a fix for this error, do I need to restart my Python kernel?",machine-learning-zoomcamp,b14f3a1086
How can I access the model for Week 9 in the machine-learning-zoomcamp course?,machine-learning-zoomcamp,07cc362868
What is the GitHub repository link provided for fetching the models used in Module 9: Serverless Deep Learning?,machine-learning-zoomcamp,07cc362868
"Has the original link for the Week 9 model been updated, and if so, where can I find it now?",machine-learning-zoomcamp,07cc362868
In which section of the machine-learning-zoomcamp curriculum are the serverless deep learning concepts covered?,machine-learning-zoomcamp,07cc362868
Could you provide the direct URL to download the models specified for Week 9 from the GitHub repository?,machine-learning-zoomcamp,07cc362868
What is the primary benefit of using ONNX Runtime for deploying deep learning models?,machine-learning-zoomcamp,5f69e4c975
How does exporting a model to the ONNX format facilitate deployment across different environments?,machine-learning-zoomcamp,5f69e4c975
In what scenarios would ONNX Runtime simplify serverless deployments compared to maintaining separate framework-specific runtimes like TensorFlow Serving or TorchServe?,machine-learning-zoomcamp,5f69e4c975
Can you explain how ONNX Runtime contributes to reducing complexity in Lambda and Kubernetes serving setups for trained models from TensorFlow or PyTorch?,machine-learning-zoomcamp,5f69e4c975
What specific optimizations does ONNX Runtime offer that enhance model inference performance beyond the capabilities of individual framework runtimes?,machine-learning-zoomcamp,5f69e4c975
Why does the command `echo ${REMOTE_URI}` return an empty output in Unit 9.6?,machine-learning-zoomcamp,b634303091
How can I set a local variable to correctly store the URI address for logging into the registry without it being lost after session termination?,machine-learning-zoomcamp,b634303091
What is the correct syntax to assign a value to the environment variable `REMOTE_URI` on an Ubuntu terminal as demonstrated in the solution?,machine-learning-zoomcamp,b634303091
"Is there any difference in using `echo $REMOTE_URI` versus `echo ${REMOTE_URI}` when checking the variable's value, and why does one work but not the other?",machine-learning-zoomcamp,b634303091
What steps should I follow to ensure that the URI address is correctly logged into the registry after setting the environment variable as shown in the provided example?,machine-learning-zoomcamp,b634303091
I encountered an error stating 'Invalid choice' when executing `aws ecr get-login --no-include-email`. What is the correct command to retrieve the login password for AWS ECR?,machine-learning-zoomcamp,ac62d9ccf0
How do I properly set up the Docker login command using the retrieved password from AWS ECR in a Linux terminal?,machine-learning-zoomcamp,ac62d9ccf0
"In the context of Module 9 Serverless Deep Learning, what environment variables should I define to automate the Docker authentication process with AWS ECR?",machine-learning-zoomcamp,ac62d9ccf0
What specific `<ACCOUNT_NUMBER>` and `<REGION>` placeholders must be replaced in the Docker login command for AWS ECR authentication?,machine-learning-zoomcamp,ac62d9ccf0
Can you explain why using `aws ecr get-login-password` resolves the syntax error encountered with the older `aws ecr get-login --no-include-email` command?,machine-learning-zoomcamp,ac62d9ccf0
How can I configure multiple layers and their parameters in a single call when creating a CNN model using Keras?,machine-learning-zoomcamp,b1ecde8177
What function in Keras allows for the simultaneous specification of several model parameters during Sequential model construction?,machine-learning-zoomcamp,b1ecde8177
"In the context of serverless deep learning, which Keras method enables bulk parameter setting for a neural network model?",machine-learning-zoomcamp,b1ecde8177
"When building a Convolutional Neural Network (CNN) within a serverless architecture, what approach should I adopt to input numerous parameters at once?",machine-learning-zoomcamp,b1ecde8177
"For the module on Serverless Deep Learning in the Machine Learning Zoomcamp course, how is it possible to define many CNN parameters concurrently using Keras?",machine-learning-zoomcamp,b1ecde8177
What does the error message 'ERROR [internal] load metadata for public.ecr.aws/lambda/python:3.8' indicate when building a Docker image using the Amazon Python base image?,machine-learning-zoomcamp,f14bb9c2ba
How can updating Docker Desktop potentially resolve the metadata loading issue during image construction?,machine-learning-zoomcamp,f14bb9c2ba
What steps should be taken after installing the latest version of Docker Desktop to address the error mentioned in the FAQ?,machine-learning-zoomcamp,f14bb9c2ba
"If restarting Docker Desktop and the terminal does not fix the problem, what specific command should be executed to disable Docker BuildKit and successfully build the image?",machine-learning-zoomcamp,f14bb9c2ba
"Within the context of Module 9: Serverless Deep Learning of the machine-learning-zoomcamp course, where can this specific error typically occur during the learning process?",machine-learning-zoomcamp,f14bb9c2ba
Why does the command `!ls -lh` produce an error in a Windows Jupyter Notebook?,machine-learning-zoomcamp,c336d11260
What is the appropriate alternative command to list files with details in a Windows environment within Jupyter Notebook?,machine-learning-zoomcamp,c336d11260
How can I view a detailed listing of directory contents similar to `ls -lh` on Windows using the shell in Jupyter Notebook?,machine-learning-zoomcamp,c336d11260
Is there a native Windows equivalent to the Unix `ls -lh` command that works directly in a Jupyter Notebook cell?,machine-learning-zoomcamp,c336d11260
"When encountering the error 'ls' is not recognized as an internal or external command, what should I execute instead of `!ls -lh` to list files with their sizes and timestamps in a Windows-based Jupyter environment?",machine-learning-zoomcamp,c336d11260
"Why does the error 'ImportError: generic_type: type ""InterpreterWrapper"" is already registered!' occur when importing `tflite_runtime.interpreter` in a Python script?",machine-learning-zoomcamp,ae3626c120
What steps should I take to resolve the ImportError mentioned above when using TensorFlow Lite Runtime?,machine-learning-zoomcamp,ae3626c120
Is it necessary to restart the kernel before importing only `tflite_runtime.interpreter` to avoid the error?,machine-learning-zoomcamp,ae3626c120
Can I safely import both `tensorflow` and `tflite_runtime.interpreter` in the same script without encountering this ImportError?,machine-learning-zoomcamp,ae3626c120
How can I ensure that my environment is set up correctly to prevent conflicts between TensorFlow and TensorFlow Lite Runtime imports?,machine-learning-zoomcamp,ae3626c120
What does the warning about using an outdated pip version mean when building a Docker image with `docker build -t dino-dragon-model`?,machine-learning-zoomcamp,1c62848f3d
Why might I see this pip version warning if Alex's video demonstrates a compatible wheel for Python 8 but I am working with Python 9?,machine-learning-zoomcamp,1c62848f3d
How can I correctly download the required wheel file to avoid errors due to an incorrect link?,machine-learning-zoomcamp,1c62848f3d
What is the correct raw format link for obtaining the `tflite_runtime-2.7.0-cp39-cp39-linux_x86_64.whl` wheel file?,machine-learning-zoomcamp,1c62848f3d
What command should I use to update pip to resolve the version warning encountered during the Docker build process?,machine-learning-zoomcamp,1c62848f3d
What are the required inputs when running `aws configure` after installing the AWS CLI?,machine-learning-zoomcamp,52d7a5d6b2
"Can I accept all default settings during the AWS CLI configuration process, or must I specify particular values for certain parameters like the Default Output Format?",machine-learning-zoomcamp,52d7a5d6b2
"If I leave the Default Output Format field blank during `aws configure`, will it impact the functionality of my AWS CLI commands?",machine-learning-zoomcamp,52d7a5d6b2
"What is the significance of providing an Access Key ID and Secret Access Key during the AWS CLI configuration, and where can I obtain these credentials?",machine-learning-zoomcamp,52d7a5d6b2
Is there any downside to accepting the default region name suggested by the AWS CLI configuration wizard?,machine-learning-zoomcamp,52d7a5d6b2
Why does converting NumPy `float32` values to base-Python floats resolve the JSON serialization error in a Docker instance?,machine-learning-zoomcamp,320a5c1b9a
What specific line of code should be modified in the `predict()` function to fix the `Object of type float32 is not JSON serializable` error?,machine-learning-zoomcamp,320a5c1b9a
Where can I find additional guidance on resolving serialization issues when deploying a model as a Lambda function?,machine-learning-zoomcamp,320a5c1b9a
"Does this serialization problem only occur with NumPy data types, or are there other types that might cause similar errors?",machine-learning-zoomcamp,320a5c1b9a
Which chapters of the course contain relevant video lectures that explain how to handle such serialization challenges in serverless deep learning deployments?,machine-learning-zoomcamp,320a5c1b9a
"Why am I encountering a ValueError stating 'Cannot set tensor: Got value of type UINT8 but expected type FLOAT32 for input 0' when executing interpreter.set_tensor(input_index, X)?",machine-learning-zoomcamp,29f149ff07
At what point in the course video does this error typically appear?,machine-learning-zoomcamp,29f149ff07
What is the exact nature of the mismatch between `X` and the expected tensor type that causes the ValueError?,machine-learning-zoomcamp,29f149ff07
How can I convert `X` to ensure compatibility with the `set_tensor` function call?,machine-learning-zoomcamp,29f149ff07
Is there a version-specific note regarding the conversion of `X` to float32 for TensorFlow 2.15.0 in Module 9?,machine-learning-zoomcamp,29f149ff07
What PowerShell command is used to retrieve the size of a file specified by its path?,machine-learning-zoomcamp,8637328bbb
How can I display the file size in megabytes (MB) after obtaining it with PowerShell?,machine-learning-zoomcamp,8637328bbb
"In PowerShell, what variable should be assigned to store the result of `Get-Item` for a specific file location?",machine-learning-zoomcamp,8637328bbb
Where can I find the source that explains how to get a file's size using PowerShell as referenced in Module 9 of the machine-learning-zoomcamp course?,machine-learning-zoomcamp,8637328bbb
Which function within PowerShell is utilized alongside `Get-Item` to determine the length of a file?,machine-learning-zoomcamp,8637328bbb
What documentation should I consult to learn about the process of creating Lambda container images?,machine-learning-zoomcamp,5484fc22f7
Where can I find information on how AWS Lambda functions are initialized when using container images?,machine-learning-zoomcamp,5484fc22f7
Which resource provides details on the AWS Lambda Runtimes API related to serverless deep learning?,machine-learning-zoomcamp,5484fc22f7
"In the context of Module 9 Serverless Deep Learning for the Machine Learning ZoomCamp course, how do I access guides for configuring Lambda container images?",machine-learning-zoomcamp,5484fc22f7
What specific AWS documentation page explains the technical aspects of initializing Lambda functions from container images?,machine-learning-zoomcamp,5484fc22f7
What are the steps to create a Docker image for AWS Lambda using the Serverless Framework?,machine-learning-zoomcamp,6bdfe65552
How can I push the created Docker image to AWS Elastic Container Registry (ECR)?,machine-learning-zoomcamp,6bdfe65552
"Once the Docker image is deployed to AWS Lambda, what configurations are needed in the Serverless Framework to expose it as a REST API via Amazon API Gateway?",machine-learning-zoomcamp,6bdfe65552
Are there any specific settings or template adjustments required in the serverless.yml file for deploying a containerized Flask application on AWS Lambda?,machine-learning-zoomcamp,6bdfe65552
Can you provide a step-by-step guide or reference material for deploying a containerized Serverless Flask application to AWS Lambda using Docker?,machine-learning-zoomcamp,6bdfe65552
How can I resolve the pip installation error for the tflite_runtime `.whl` file when building a Docker image on an M1 Mac?,machine-learning-zoomcamp,98e0d0b961
What is the direct link to download the `tflite_runtime-2.14.0-cp310-cp310-linux_x86_64.whl` file mentioned in the FAQ record?,machine-learning-zoomcamp,98e0d0b961
"If the provided `.whl` file link does not work, what alternative architectures or operating systems can I use to successfully build the Docker image for the clothing model?",machine-learning-zoomcamp,98e0d0b961
What specific `docker build` command should I execute to accommodate the ARM architecture of an M1 Mac while building the Docker image in Section 9.5?,machine-learning-zoomcamp,98e0d0b961
How do I run the built Docker image on an M1 Mac after addressing the platform compatibility issue mentioned in the FAQ record?,machine-learning-zoomcamp,98e0d0b961
What should I verify to resolve the 'Missing Authentication Token' error when testing the API Gateway locally?,machine-learning-zoomcamp,1a166fc048
How can I construct the correct URL format for invoking a deployed Lambda function through API Gateway in AWS?,machine-learning-zoomcamp,1a166fc048
Where can I find the deployed API URL specific to my Lambda function's path after following the steps in [9.7 - API Gateway: Exposing the Lambda Function](https://www.youtube.com/watch?v=wyZ9aqQOXvs&list=PL3MmuxUbc_hIhxl5Ji8t4O6lPAOpHaCLR)?,machine-learning-zoomcamp,1a166fc048
"What command should I run to test the API locally, and what modifications might be necessary to avoid authentication errors?",machine-learning-zoomcamp,1a166fc048
"In the context of Module 9. Serverless Deep Learning for the machine-learning-zoomcamp course, which region's execute-api URL should I use for the US East (N. Virginia) region?",machine-learning-zoomcamp,1a166fc048
What is the specific error message when attempting to install `tflite_runtime`?,machine-learning-zoomcamp,8b5cf23fcf
Where can I check for compatible OS-Python versions for `tflite_runtime` installation?,machine-learning-zoomcamp,8b5cf23fcf
How do I manually install a specific version of `tflite_runtime` if it's not listed in the package index?,machine-learning-zoomcamp,8b5cf23fcf
What alternative environments or methods are suggested for running code that requires `tflite_runtime`?,machine-learning-zoomcamp,8b5cf23fcf
Where can I find the example Dockerfile used in the lecture to reference the `tflite_runtime` installation?,machine-learning-zoomcamp,8b5cf23fcf
Why am I receiving an ImportError stating that a module compiled with NumPy 1.x cannot be run in NumPy 2.2.0 when using the tflite runtime installed from the provided wheel?,machine-learning-zoomcamp,2fc75f3eed
"What specific steps should I follow to install the tflite_runtime wheel without overwriting existing NumPy dependencies, as mentioned in the error message?",machine-learning-zoomcamp,2fc75f3eed
How can I ensure compatibility between modules compiled with older NumPy versions and the newer NumPy 2.2.0 environment after installing the tflite runtime?,machine-learning-zoomcamp,2fc75f3eed
"What is the purpose of using the `--no-deps` option during pip installation, and how does it relate to preventing conflicts with NumPy versions?",machine-learning-zoomcamp,2fc75f3eed
"If I encounter modules that need to be rebuilt for compatibility, what tools or commands should I use, such as specifying 'pybind11>=2.12', to resolve this issue?",machine-learning-zoomcamp,2fc75f3eed
What does the error message `mkdir /var/lib/docker/overlay2/...-init: read-only file system` indicate when running Docker?,machine-learning-zoomcamp,fdcf991009
How can I fix the read-only file system issue that causes the Docker run error mentioned in Module 9 of the machine-learning-zoomcamp course?,machine-learning-zoomcamp,fdcf991009
"After encountering a Docker run error, what specific action should be taken to resolve it within the Serverless Deep Learning module?",machine-learning-zoomcamp,fdcf991009
What is the precise command or procedure recommended to address the `docker: Error response from daemon` problem related to an inaccessible overlay2 directory?,machine-learning-zoomcamp,fdcf991009
"In the context of Module 9 for the machine-learning-zoomcamp course, which service restart resolves the Docker run error due to a read-only file system?",machine-learning-zoomcamp,fdcf991009
How can I save a Docker image to my local machine in tar format?,machine-learning-zoomcamp,5d9aed1fd0
What is the command syntax for exporting a Docker image using `docker image save`?,machine-learning-zoomcamp,5d9aed1fd0
"After saving a Docker image to a tar file, how do I view its individual layers and filesystem contents?",machine-learning-zoomcamp,5d9aed1fd0
In which module of the Machine Learning Zoomcamp course does this procedure belong?,machine-learning-zoomcamp,5d9aed1fd0
What specific CLI argument is used to specify the output filename when exporting a Docker image?,machine-learning-zoomcamp,5d9aed1fd0
How can I free up additional space on my AWS instance beyond just deleting Docker images?,machine-learning-zoomcamp,814a8657e2
What specific command should I execute after removing Docker images to reclaim disk space?,machine-learning-zoomcamp,814a8657e2
Why does simply deleting Docker images not resolve the limited storage issue on a 30-GB AWS instance?,machine-learning-zoomcamp,814a8657e2
"In the context of Module 9 Serverless Deep Learning, what steps are necessary to manage disk usage effectively?",machine-learning-zoomcamp,814a8657e2
What is the purpose of running `docker system prune` in relation to space recovery on an AWS instance?,machine-learning-zoomcamp,814a8657e2
Is TensorFlow 2.15 compatible with Python 3.11 for AWS deployment?,machine-learning-zoomcamp,71a682959a
What specific version of TensorFlow should I use if I encounter issues with TensorFlow 2.15 on AWS?,machine-learning-zoomcamp,71a682959a
Which Python versions are supported when installing TensorFlow 2.4.4?,machine-learning-zoomcamp,71a682959a
Will installing an unsupported Python version cause problems when using TensorFlow 2.4.4?,machine-learning-zoomcamp,71a682959a
"In Module 9: Serverless Deep Learning of the machine-learning-zoomcamp course, what is the recommended TensorFlow version for AWS deployment?",machine-learning-zoomcamp,71a682959a
"Why am I encountering the error ""aws: error: argument operation: Invalid choice..."" when running `aws ecr get-login`?",machine-learning-zoomcamp,f067a2c8e6
What is the recommended command to authenticate Docker with an Amazon ECR registry instead of using `aws ecr get-login`?,machine-learning-zoomcamp,f067a2c8e6
"Can you provide the exact syntax for logging into an ECR registry using AWS CLI, including placeholders for region and account ID?",machine-learning-zoomcamp,f067a2c8e6
I received a deprecation notice for `aws ecr get-login`. What should I use as an alternative to access my private Docker images in ECR?,machine-learning-zoomcamp,f067a2c8e6
How do I replace `<your-region>` and `<your-account-id>` in the authentication command provided for ECR?,machine-learning-zoomcamp,f067a2c8e6
What specific JSON policy should I use to allow all actions related to Amazon ECR?,machine-learning-zoomcamp,ec7b94d408
"After creating the new IAM policy, how do I associate it with a role or user in AWS?",machine-learning-zoomcamp,ec7b94d408
"If I receive an error about missing Docker credentials while following Week 9 instructions, what exact file should I delete to resolve it?",machine-learning-zoomcamp,ec7b94d408
What are the steps to navigate from the AWS Console home page directly to the IAM service?,machine-learning-zoomcamp,ec7b94d408
"When reviewing and creating the new policy, what name and description should I provide for clarity?",machine-learning-zoomcamp,ec7b94d408
.,machine-learning-zoomcamp,cb7c81f796
"."", ",machine-learning-zoomcamp,cb7c81f796
", ,.",machine-learning-zoomcamp,cb7c81f796
".
1. Why does the error ""weight_decay is not a valid argument, kwargs should be empty for `optimizer_experimental.Optimizer`"" occur when loading a Keras model with `.h5` extension?
2. What parameter must be included in the `load_model` function call to resolve the weight_decay-related error during Keras model loading?
3. In the context of serverless deep learning, how should the `load_model` function be invoked to successfully load a compiled Keras model saved as `model_name.h5` without encountering optimizer arguments errors?
4. What is the purpose of setting `compile=False` when loading a Keras model using `keras.models.load_model()` in serverless deployment scenarios?
5. How can you prevent the ""weight_decay is not a valid argument"" error when deserializing a Keras `.h5` file within an AWS Lambda function or similar serverless environment?",machine-learning-zoomcamp,69c624cc4e
What is the purpose of the AWS Lambda Runtime Interface Emulator in local testing?,machine-learning-zoomcamp,8a23cfbf67
How do I specify the port mapping when running a Docker container for an AWS Lambda function locally?,machine-learning-zoomcamp,8a23cfbf67
What is the correct URL format to invoke a local Lambda function using curl?,machine-learning-zoomcamp,8a23cfbf67
How can I resolve the 'Object of type float32 is not JSON serializable' error during local Lambda testing?,machine-learning-zoomcamp,8a23cfbf67
Are there different curl commands required for Windows and Unix systems when testing a Lambda function locally?,machine-learning-zoomcamp,8a23cfbf67
Why do I receive the error 'Unable to import module 'lambda_function': No module named 'tensorflow'' when executing `python test.py`?,machine-learning-zoomcamp,eba3d936f6
What specific change should I make to resolve the TensorFlow import issue in my `test.py` script?,machine-learning-zoomcamp,eba3d936f6
"In the context of serverless deep learning, which alternative import statement replaces `import tensorflow.lite as tflite`?",machine-learning-zoomcamp,eba3d936f6
How can I ensure that my code in `test.py` is free from unnecessary TensorFlow dependencies?,machine-learning-zoomcamp,eba3d936f6
What is the recommended module to use for TFLite operations instead of directly importing from TensorFlow in a Lambda function?,machine-learning-zoomcamp,eba3d936f6
How do I install udocker to enable Docker usage within a Google Colab notebook?,machine-learning-zoomcamp,c4ad81910b
What specific pip command should be executed in Google Colab to install udocker?,machine-learning-zoomcamp,c4ad81910b
"After installing udocker, what additional step is required using the `--allow-root` flag?",machine-learning-zoomcamp,c4ad81910b
Which command can be used in Google Colab to verify that udocker has been successfully installed and configured?,machine-learning-zoomcamp,c4ad81910b
"Where can I find further information or an example for running a Docker container (e.g., 'hello-world') in Google Colab?",machine-learning-zoomcamp,c4ad81910b
What parameters are mandatory in the Authorization header when using AWS Lambda API Gateway?,machine-learning-zoomcamp,18cb2be438
How can I test a Lambda function through API Gateway using Boto3 in Python?,machine-learning-zoomcamp,18cb2be438
Which headers must coexist with the Authorization header for a successful request to an API Gateway?,machine-learning-zoomcamp,18cb2be438
What is the error message displayed when the authentication token is missing?,machine-learning-zoomcamp,18cb2be438
Can you provide a sample Boto3 script to invoke a method on an AWS API Gateway REST API?,machine-learning-zoomcamp,18cb2be438
How can I manually download the `tflite_runtime` wheel file and install it in a Dockerfile?,machine-learning-zoomcamp,ffab512d4f
What steps are required to resolve issues when installing `tflite_runtime` directly from GitHub wheel links?,machine-learning-zoomcamp,ffab512d4f
In which module of the 'machine-learning-zoomcamp' course is the solution for pip installation problems with `tflite_runtime` discussed?,machine-learning-zoomcamp,ffab512d4f
What specific lines should be added to a Dockerfile to install a locally copied `.whl` file for `tflite_runtime`?,machine-learning-zoomcamp,ffab512d4f
Is there an alternative method to installing `tflite_runtime` if GitHub wheel links are not functional?,machine-learning-zoomcamp,ffab512d4f
What is the compatibility status of TensorFlow Lite with Python 3.12 for the 2024 cohort?,machine-learning-zoomcamp,8d914fcbe3
Where can I find information about updates related to TensorFlow Lite support for Python versions in the Machine Learning Zoomcamp course?,machine-learning-zoomcamp,8d914fcbe3
Has TensorFlow Lite officially supported Python 3.12 as of the latest update?,machine-learning-zoomcamp,8d914fcbe3
Could you direct me to the specific document that outlines the version compatibility issues between TensorFlow Lite and Python 3.12?,machine-learning-zoomcamp,8d914fcbe3
What should I refer to understand whether there are planned updates for TensorFlow Lite to work with Python 3.12 in the upcoming modules?,machine-learning-zoomcamp,8d914fcbe3
What tools can I use to track the performance metrics of a machine learning model deployed on AWS Lambda?,machine-learning-zoomcamp,ed312ff54d
How do I set up logging for Lambda functions to diagnose issues with deployed models?,machine-learning-zoomcamp,ed312ff54d
Can you explain how AWS X-Ray helps in analyzing request latency for Lambda-deployed models?,machine-learning-zoomcamp,ed312ff54d
What steps are involved in creating an automated pipeline for retraining and redeploying machine learning models on AWS Lambda?,machine-learning-zoomcamp,ed312ff54d
How frequently should I evaluate the performance of my deployed model to ensure it remains accurate over time?,machine-learning-zoomcamp,ed312ff54d
What is the first step to set up the AWS SAM CLI for creating a Lambda function as a container image?,machine-learning-zoomcamp,69fde52a67
"After running `sam init`, what specific application type should be selected to align with TensorFlow Machine Learning Inference API?",machine-learning-zoomcamp,69fde52a67
Which file inside the generated 'app' folder must be edited to include tflite-runtime and other dependencies necessary for deploying a TensorFlow Lite model?,machine-learning-zoomcamp,69fde52a67
"What command is used to build the Lambda function into a container image, and where will the built image be stored?",machine-learning-zoomcamp,69fde52a67
How can I test the Lambda function locally before deploying it using the AWS SAM CLI?,machine-learning-zoomcamp,69fde52a67
How can I resolve the installation error for `tflite_runtime` in a pipenv environment when using Python 3.10?,machine-learning-zoomcamp,dc705a3c4e
What specific Python version should I use to successfully install `tflite_runtime` without encountering errors?,machine-learning-zoomcamp,dc705a3c4e
Where can I find a list of compatible versions of `tflite_runtime` that support my current Python version?,machine-learning-zoomcamp,dc705a3c4e
"If no compatible version is listed, what alternative installation method is provided by the GitHub repository link for `tflite-aws-lambda`?",machine-learning-zoomcamp,dc705a3c4e
What steps should I follow to test TensorFlow's TFLite within a Docker environment for serverless deep learning development?,machine-learning-zoomcamp,dc705a3c4e
"What is causing the 'image manifest, config or layer media type' not supported error when deploying a Docker image to AWS Lambda?",machine-learning-zoomcamp,b1cb53ac6a
How can I verify if my Docker image uses the new format (application/vnd.docker.distribution.manifest.v2+json) instead of the old OCI image index format?,machine-learning-zoomcamp,b1cb53ac6a
What command should I run after rebuilding my Docker container to ensure it produces a manifest v2-compatible image for use with AWS Lambda?,machine-learning-zoomcamp,b1cb53ac6a
What are the essential flags in the `docker build` command to force the creation of a manifest v2-compatible image suitable for AWS Lambda?,machine-learning-zoomcamp,b1cb53ac6a
What additional steps must be taken after pushing a correctly formatted Docker image to ECR to successfully create an AWS Lambda function?,machine-learning-zoomcamp,b1cb53ac6a
What error occurs when trying to load `tflite_runtime` in a Docker environment with NumPy 2.2.0?,machine-learning-zoomcamp,82cf92503d
How can I resolve the compatibility issue between `tflite_runtime-2.14.0` and NumPy 2.x during installation?,machine-learning-zoomcamp,82cf92503d
"In a Dockerfile, what is the correct sequence of commands to ensure `tflite_runtime-2.14.0` works with NumPy 1.23.1?",machine-learning-zoomcamp,82cf92503d
What specific command should be used to install the `tflite_runtime-2.14.0` wheel without pulling in conflicting dependencies?,machine-learning-zoomcamp,82cf92503d
Where can I find additional guidance for resolving similar compatibility issues in serverless deep learning deployments?,machine-learning-zoomcamp,82cf92503d
"How can I reorder the dimensions of my image tensor from channels-last (NHWC) to channels-first (NCHW) format before feeding it into a PyTorch/ONNX model that expects input shape (1, 3, 200, 200)?",machine-learning-zoomcamp,7b7188f8f7
What is the difference between NHWC and NCHW tensor formats in deep learning frameworks like TensorFlow and PyTorch respectively?,machine-learning-zoomcamp,7b7188f8f7
"Why does my preprocessing step result in an image array of shape (1, 200, 200, 3) instead of the required (1, 3, 200, 200) for a PyTorch/ONNX model, and how can I fix this using NumPy?",machine-learning-zoomcamp,7b7188f8f7
"Which NumPy function should be used to rearrange the axes of an array from (height, width, channels) to (channels, height, width) before adding a batch dimension?",machine-learning-zoomcamp,7b7188f8f7
"In the context of converting between TensorFlow models (which use NHWC) and PyTorch/ONNX models (which use NCHW), what is the correct sequence of operations to prepare image data for inference?",machine-learning-zoomcamp,7b7188f8f7
"Why is my HW9 prediction value significantly different from the provided answer options, such as 0.0xyz instead of 0.24/0.44/0.64/0.84?",machine-learning-zoomcamp,f0d6914717
What preprocessing method should I use for the input data in Homework 9 to align with the model's training process?,machine-learning-zoomcamp,f0d6914717
"Is the Xception-style preprocessing (`x / 127.5 - 1`) appropriate for Homework 9, or should I apply a different scaling technique?",machine-learning-zoomcamp,f0d6914717
"Could you clarify whether the homework's model was trained using `[0, 1]` rescaling or another normalization method?",machine-learning-zoomcamp,f0d6914717
What is the correct preprocessing function to use for matching the model's training data in HW9?,machine-learning-zoomcamp,f0d6914717
Why does AWS Lambda reject the Docker image I built using BuildKit?,machine-learning-zoomcamp,9506089527
How can I ensure my Docker image is compatible with AWS Lambda's requirements?,machine-learning-zoomcamp,9506089527
What flag in the `docker build` command resolves the manifest type issue for Lambda?,machine-learning-zoomcamp,9506089527
"After building an image without a certain flag, why does Lambda still fail to recognize it as valid?",machine-learning-zoomcamp,9506089527
Could you provide the exact `docker build` command syntax needed to generate a compatible image for Lambda?,machine-learning-zoomcamp,9506089527
Which tool is best suited for running Kubernetes clusters within Docker containers during local development?,machine-learning-zoomcamp,0a166909a0
What single-node Kubernetes cluster solution can be used directly on a personal computer without virtualization overhead?,machine-learning-zoomcamp,0a166909a0
"Among the lightweight Kubernetes distributions, which one is recommended for quick setup and minimal resource usage in a local environment?",machine-learning-zoomcamp,0a166909a0
Is MicroK8s considered a suitable option for developers looking to deploy TensorFlow Serving models locally without extensive system resources?,machine-learning-zoomcamp,0a166909a0
Does Docker Desktop provide an integrated Kubernetes server that can be utilized for hands-on practice with model deployment in the course?,machine-learning-zoomcamp,0a166909a0
"What is the minimum number of replicas required to ensure zero downtime during model updates in a production environment, considering startup latency and readiness probes?",machine-learning-zoomcamp,ff4074063c
How should Kubernetes RollingUpdate parameters (maxUnavailable and maxSurge) be configured to maintain service availability during model updates?,machine-learning-zoomcamp,ff4074063c
What role do readinessProbe and startupProbe play in guaranteeing that pods are ready to handle traffic before and after a model update?,machine-learning-zoomcamp,ff4074063c
"If my baseline concurrency requirement is 2 pods, what would be the appropriate initial replica count and RollingUpdate settings to ensure zero downtime?",machine-learning-zoomcamp,ff4074063c
How can I monitor and dynamically adjust the number of replicas during a model update to handle high startup latency or sudden traffic bursts effectively?,machine-learning-zoomcamp,ff4074063c
What error message indicates that the GPU memory allocator has insufficient capacity?,machine-learning-zoomcamp,4693802714
How can I modify my TensorFlow configuration to prevent the 'Allocator (GPU_0_bfc) ran out of memory' error?,machine-learning-zoomcamp,4693802714
Where should I insert the code snippet to enable dynamic GPU memory growth in a Jupyter notebook?,machine-learning-zoomcamp,4693802714
Will enabling dynamic GPU memory allocation solve all out-of-memory issues during training?,machine-learning-zoomcamp,4693802714
"If the out-of-memory error persists after applying the suggested configuration, what troubleshooting step is recommended?",machine-learning-zoomcamp,4693802714
How can I resolve the 'Descriptors cannot not be created directly' error when running `gateway.py` in a virtual environment set up with pipenv?,machine-learning-zoomcamp,c25b3cc5fe
What is the recommended version of the protobuf package to use if I encounter compatibility issues with newer releases when trying to run TensorFlow Serving-related scripts?,machine-learning-zoomcamp,c25b3cc5fe
"Is there an environment variable that can be set to bypass the protobuf version mismatch without regenerating my protocol buffer files, and what is its name?",machine-learning-zoomcamp,c25b3cc5fe
Which command should I execute within a pipenv-managed virtual environment to ensure backward compatibility with older protobuf versions while installing TensorFlow and related dependencies?,machine-learning-zoomcamp,c25b3cc5fe
Where can I find additional details or official documentation regarding the changes in Google's Protocol Buffers for Python that led to this versioning issue?,machine-learning-zoomcamp,c25b3cc5fe
I am receiving the error 'Cannot connect to the Docker daemon at unix:///var/run/docker.sock' when attempting to run a Docker command. What could be causing this issue?,machine-learning-zoomcamp,12d79208b3
How can I ensure that Docker Desktop is properly connected to my WSL Linux distribution to avoid the 'Cannot connect to the Docker daemon' error?,machine-learning-zoomcamp,12d79208b3
What specific steps should I follow in Docker Desktop settings to resolve the connection problem with the Docker daemon on WSL?,machine-learning-zoomcamp,12d79208b3
"If Docker Desktop and WSL are not correctly linked, what configuration change allows Docker to communicate with the Docker daemon without errors?",machine-learning-zoomcamp,12d79208b3
"After enabling additional distros in Docker Desktop's WSL Integration settings, does anything else need to be done to fully restore Docker functionality?",machine-learning-zoomcamp,12d79208b3
What should I do if the Horizontal Pod Autoscaler (HPA) instance is not functioning correctly after applying the Metrics Server manifest via `kubectl apply -f https://github.com/kubernetes-sigs/metrics-server/releases/latest/download/components.yaml`?,machine-learning-zoomcamp,b2e624ea5a
Why are my HPA targets showing as `<unknown>` despite having installed the latest version of Metrics Server from the provided `components.yaml` manifest?,machine-learning-zoomcamp,b2e624ea5a
What specific configuration change is required in the Metrics Server deployment to resolve the issue with unknown HPA targets?,machine-learning-zoomcamp,b2e624ea5a
Could you provide the exact YAML snippet that needs to be added to the Metrics Server's command arguments to enable insecure TLS communication with kubelets?,machine-learning-zoomcamp,b2e624ea5a
"After making the necessary changes to the Metrics Server deployment, which command should I execute to verify that the HPA is now functioning properly?",machine-learning-zoomcamp,b2e624ea5a
What should I do if the Horizontal Pod Autoscaler (HPA) is not functioning correctly despite having installed the latest Metrics Server via the components.yaml manifest?,machine-learning-zoomcamp,f8533d5ffd
How can I resolve situations where HPA targets continue to show as `<unknown>` after installing the Metrics Server?,machine-learning-zoomcamp,f8533d5ffd
Is there an alternative command or configuration file that ensures the Metrics Server is properly set up with `--kubelet-insecure-tls` without manual modifications?,machine-learning-zoomcamp,f8533d5ffd
What specific steps are required to deploy a metrics server using a predefined YAML file from GitHub that includes necessary TLS options?,machine-learning-zoomcamp,f8533d5ffd
"After applying a custom metrics-server deployment YAML, what verification steps should be taken to confirm successful operation and correct target visibility within HPA?",machine-learning-zoomcamp,f8533d5ffd
What are the common reasons why Pods might fail to start in a Kubernetes environment?,machine-learning-zoomcamp,bbced12feb
How can insufficient CPU or memory resources affect Pod scheduling in Kubernetes?,machine-learning-zoomcamp,bbced12feb
What steps should I take if my Pod cannot pull a Docker image from a repository?,machine-learning-zoomcamp,bbced12feb
"In the context of TensorFlow Serving, what specific resource allocation settings should be verified for successful Pod startup?",machine-learning-zoomcamp,bbced12feb
"When troubleshooting Pods not starting, which tool or command is typically used to check the availability and accessibility of the specified Docker image?",machine-learning-zoomcamp,bbced12feb
Why am I encountering an 'Access is denied' error when trying to install packages with pip on Windows?,machine-learning-zoomcamp,bcedbb12fe
What does the error message 'ERROR: Could not install packages due to an OSError: [WinError 5] Access is denied' indicate?,machine-learning-zoomcamp,bcedbb12fe
How can I resolve the permission issue that causes the 'Access is denied' error during pip installation?,machine-learning-zoomcamp,bcedbb12fe
What are the two suggested solutions provided for installing `grpcio` and `tensorflow-serving-api` without encountering access denial errors on Windows?,machine-learning-zoomcamp,bcedbb12fe
Which method is recommended for avoiding administrative permissions while installing Python packages in a project-specific environment on Windows?,machine-learning-zoomcamp,bcedbb12fe
What causes the 'TypeError: Descriptors cannot not be created directly.' error when running `gateway.py`?,machine-learning-zoomcamp,47408c61b9
Which versions of `protoc` and `protobuf` are recommended to resolve this protobuf-related issue?,machine-learning-zoomcamp,47408c61b9
How can I regenerate my .proto files to fix the outdated generated protobuf code?,machine-learning-zoomcamp,47408c61b9
What command should I use to downgrade the `protobuf` package to version 3.20.1 if regeneration is not possible?,machine-learning-zoomcamp,47408c61b9
"If downgrading `protobuf` does not work, which environment variable setting can be used as an alternative solution?",machine-learning-zoomcamp,47408c61b9
Can you provide a step-by-step guide to install kubectl on Windows using PowerShell within Visual Studio Code?,machine-learning-zoomcamp,02bb92c002
"What is the exact curl command required to download the kubectl binary for Windows, as mentioned in the Kubernetes documentation?",machine-learning-zoomcamp,02bb92c002
"After downloading the kubectl.exe file, where should I specifically place it on my C drive to ensure successful installation?",machine-learning-zoomcamp,02bb92c002
How do I modify the system PATH environment variable on Windows to include the directory containing kubectl.exe and kind executables?,machine-learning-zoomcamp,02bb92c002
Are there any alternative methods or tutorials recommended for installing kubectl and kind on Windows besides using curl?,machine-learning-zoomcamp,02bb92c002
How do I enable the choco library installation in PowerShell?,machine-learning-zoomcamp,5b78a9f80a
What command sequence is required to install Chocolatey on my system via PowerShell?,machine-learning-zoomcamp,5b78a9f80a
Can you guide me through installing the choco library with administrator privileges in a terminal?,machine-learning-zoomcamp,5b78a9f80a
What steps should I follow to set up the execution policy and download the choco installer script?,machine-learning-zoomcamp,5b78a9f80a
"In the context of Module 10 for the machine-learning-zoomcamp course, how do I proceed with installing kind using Chocolatey?",machine-learning-zoomcamp,5b78a9f80a
What is the procedure to install Kind using the Go package if I encounter issues with Windows Powershell or Choco Library?,machine-learning-zoomcamp,92f8926c92
How can I verify that Go has been successfully installed on my system before proceeding with Kind installation?,machine-learning-zoomcamp,92f8926c92
"Which specific version of Kind should I install via the Go command, and what is the exact Go command to execute?",machine-learning-zoomcamp,92f8926c92
"After installing Kind through Go, how do I confirm that the installation was successful?",machine-learning-zoomcamp,92f8926c92
Are there any additional steps or considerations needed after confirming the installation of Kind using Go in a Kubernetes environment?,machine-learning-zoomcamp,92f8926c92
Why am I receiving the error 'The connection to the server localhost:8080 was refused' when running `kubectl get service`?,machine-learning-zoomcamp,196b1a962a
What steps should I take to resolve the issue with `kubectl` not connecting to the Kubernetes cluster on localhost port 8080?,machine-learning-zoomcamp,196b1a962a
How can I ensure that the correct host and port are specified for `kubectl` after encountering a connection refusal?,machine-learning-zoomcamp,196b1a962a
"After deleting an existing Kind cluster, how do I remove the outdated Kubernetes configuration files stored in the `~/.kube` directory?",machine-learning-zoomcamp,196b1a962a
What command should be executed to recreate a fresh Kubernetes cluster using Kind following the deletion of the previous one?,machine-learning-zoomcamp,196b1a962a
Why did removing empty directories not free up storage when I had built many Docker images?,machine-learning-zoomcamp,34d0aaa13e
How can I list all existing Docker images on my AWS instance to identify superseded or duplicate models?,machine-learning-zoomcamp,34d0aaa13e
What command should I use to remove unwanted Docker images that are consuming a lot of space?,machine-learning-zoomcamp,34d0aaa13e
"After attempting to remove images, why was additional storage not freed up as expected?",machine-learning-zoomcamp,34d0aaa13e
What specific command will effectively free up storage by cleaning up unused Docker resources?,machine-learning-zoomcamp,34d0aaa13e
"In Homework 10 Question 6, what are the required values for CPU and memory that need to be specified in the YAML file?",machine-learning-zoomcamp,ed397a51ef
Are there any arbitrary choices allowed for the CPU and memory specifications when configuring Kubernetes resources for TensorFlow Serving in HW10 Q6?,machine-learning-zoomcamp,ed397a51ef
"Does the homework specify a particular port that must be used for the TensorFlow Serving service, and are there any constraints on other configuration parameters like CPU and memory?",machine-learning-zoomcamp,ed397a51ef
"For HW10 Q6, what is considered the 'correct value' for the port of the TensorFlow Serving service as mentioned in the question?",machine-learning-zoomcamp,ed397a51ef
"In Module 10's Kubernetes and TensorFlow Serving section of the Machine Learning ZoomCamp course, why does the question focus only on the port while still asking for CPU and memory values?",machine-learning-zoomcamp,ed397a51ef
"What does the unit ""m"" signify in CPU specifications for a Kubernetes deployment.yaml file?",machine-learning-zoomcamp,1c65bb4c0c
How is 100m interpreted in terms of CPU core allocation within a K8s container?,machine-learning-zoomcamp,1c65bb4c0c
"If a container requests 500m of CPU, what fraction of a single CPU core does it correspond to?",machine-learning-zoomcamp,1c65bb4c0c
Why are CPU values expressed using milliCPU units instead of whole numbers in Kubernetes manifests?,machine-learning-zoomcamp,1c65bb4c0c
Can you explain the relationship between milliCPUs and actual physical CPU cores available on a node?,machine-learning-zoomcamp,1c65bb4c0c
"Why am I encountering an error stating 'no nodes found for cluster ""kind""' when attempting to load a Docker image using the command `kind load docker-image`?",machine-learning-zoomcamp,fd3a06c6ee
What flag should be used with the `kind` command to specify the name of the Kubernetes cluster when loading a Docker image?,machine-learning-zoomcamp,fd3a06c6ee
How can I resolve the issue where Kind fails to find nodes in the cluster while trying to load a specific Docker image named `zoomcamp-10-model:xception-v4-001`?,machine-learning-zoomcamp,fd3a06c6ee
"In the context of Module 10 on Kubernetes and TensorFlow Serving for the machine-learning-zoomcamp course, what is the correct syntax to load a Docker image into a Kind cluster with a custom cluster name?",machine-learning-zoomcamp,fd3a06c6ee
"When using Kind to deploy a model, what additional argument must be included alongside `load docker-image` to ensure the command targets the intended cluster named `clothing-model`?",machine-learning-zoomcamp,fd3a06c6ee
How does FastAPI's asynchronous support improve performance compared to Flask for serving machine learning models?,machine-learning-zoomcamp,23f5be95ef
What role do Python type hints play in simplifying request and response validation when using FastAPI for ML model deployment?,machine-learning-zoomcamp,23f5be95ef
"Can FastAPI automatically generate API documentation, and how does this benefit developers working on ML APIs?",machine-learning-zoomcamp,23f5be95ef
In what scenarios might one still choose Flask over FastAPI for deploying machine learning models despite its newer counterpart's advantages?,machine-learning-zoomcamp,23f5be95ef
What are the key differences in community support and maturity between Flask and FastAPI as of the latest course update?,machine-learning-zoomcamp,23f5be95ef
Why do I receive the error 'kind' is not recognized as an internal or external command after downloading kind using curl?,machine-learning-zoomcamp,4076e3f3a6
What should I rename the downloaded file `kind-windows-amd64.exe` to in order to run it without errors?,machine-learning-zoomcamp,4076e3f3a6
Which folder should I place the renamed executable `kind.exe` into for it to be accessible from the command line?,machine-learning-zoomcamp,4076e3f3a6
How do I add the folder containing `kind.exe` to the PATH environment variable on Windows?,machine-learning-zoomcamp,4076e3f3a6
"What version of kind can I verify once the above steps are completed, and how?",machine-learning-zoomcamp,4076e3f3a6
What specific system changes are necessary to use kind with Rootless Docker on Linux?,machine-learning-zoomcamp,60b2f26382
Can you provide a step-by-step guide for setting up Rootless Podman to run kind in the context of Module 10 of the machine-learning-zoomcamp course?,machine-learning-zoomcamp,60b2f26382
Where can I find detailed documentation for configuring kind to work with Rootless technologies as mentioned in the FAQ record from Module 10?,machine-learning-zoomcamp,60b2f26382
Are there any known issues or limitations when running kind on Linux using Rootless Docker or Rootless Podman that I should be aware of for this course?,machine-learning-zoomcamp,60b2f26382
How does the performance of kind differ between using Rootless Docker and Rootless Podman within the Kubernetes environment covered in Module 10?,machine-learning-zoomcamp,60b2f26382
How can I deploy the Kubernetes Dashboard?,machine-learning-zoomcamp,e5c67e3439
What steps are required to access the Kubernetes Dashboard through a web interface?,machine-learning-zoomcamp,e5c67e3439
In which module of the 'machine-learning-zoomcamp' course is the Kubernetes Dashboard covered?,machine-learning-zoomcamp,e5c67e3439
Where can I find detailed instructions for deploying and accessing the Kubernetes Dashboard?,machine-learning-zoomcamp,e5c67e3439
Which specific resource or document within Module 10 provides guidance on using TensorFlow Serving with Kubernetes?,machine-learning-zoomcamp,e5c67e3439
How do I verify that I am using AWS CLI v2 before running eksctl?,machine-learning-zoomcamp,afc2e6e77d
What command should I execute to check the current version of the AWS CLI installed on my system?,machine-learning-zoomcamp,afc2e6e77d
Where can I find detailed instructions for migrating from AWS CLI v1 to v2 when working with eksctl?,machine-learning-zoomcamp,afc2e6e77d
Is there a specific requirement for the AWS CLI version when using the eksctl tool to create EKS clusters?,machine-learning-zoomcamp,afc2e6e77d
"After verifying my AWS CLI version, what additional steps should I take to ensure compatibility with eksctl?",machine-learning-zoomcamp,afc2e6e77d
What specific versions of Flask and Werkzeug are causing the `TypeError: __init__() got an unexpected keyword argument 'unbound_message'` during a Docker run and Python gateway.py execution?,machine-learning-zoomcamp,b062fc29e5
How can I verify the currently installed versions of Flask and Werkzeug in my project to identify the compatibility issue?,machine-learning-zoomcamp,b062fc29e5
What command should I use to downgrade the Flask version to resolve the conflict with Werkzeug 2.2.2?,machine-learning-zoomcamp,b062fc29e5
"After downgrading Flask, will any other dependencies or configurations need adjustment to ensure smooth operation of the Docker container and Python gateway script?",machine-learning-zoomcamp,b062fc29e5
Is there a more comprehensive guide or documentation available for handling similar version conflicts between Flask and its dependencies in Kubernetes environments?,machine-learning-zoomcamp,b062fc29e5
What command should I use to authenticate Docker with Amazon ECR without encountering the 'Invalid choice' error?,machine-learning-zoomcamp,b612fa07ec
How do I correctly specify the region and AWS account ID when logging into ECR using a single AWS CLI command?,machine-learning-zoomcamp,b612fa07ec
Can you provide an example of how to run the `aws ecr get-login` command if I have already configured my default region in AWS CLI?,machine-learning-zoomcamp,b612fa07ec
"What is the purpose of the `get-login-password` option in the `aws ecr` command, and why is it necessary for Docker authentication?",machine-learning-zoomcamp,b612fa07ec
"If I prefer not to manually enter my region and account ID, what alternative one-liner command can I use that leverages my configured AWS settings?",machine-learning-zoomcamp,b612fa07ec
Why does the error 'tensorflow/serving:2.7.0' occur when trying to download it on an Apple M1 Mac?,machine-learning-zoomcamp,1322100525
What is the alternative Docker image that resolves the downloading issue for TensorFlow Serving on M1 hardware?,machine-learning-zoomcamp,1322100525
How should I modify the Docker run command to use the compatible ARM64 version of TensorFlow Serving?,machine-learning-zoomcamp,1322100525
Can you provide the exact `docker pull` command needed to obtain the corrected TensorFlow Serving image for M1 Macs?,machine-learning-zoomcamp,1322100525
Where can I find additional information or resources related to running TensorFlow Serving on Apple Silicon devices?,machine-learning-zoomcamp,1322100525
Why does the `tensorflow/serving` Docker image produce an 'Illegal instruction' error on a Mac M2 Apple Silicon?,machine-learning-zoomcamp,930f795453
How can I resolve the Illegal instruction error when running TensorFlow Serving on an Apple Silicon Mac?,machine-learning-zoomcamp,930f795453
What is the recommended alternative base image to use for running TensorFlow Serving on Apple Silicon hardware?,machine-learning-zoomcamp,930f795453
Can you provide the exact `docker run` command to launch the Bitnami TensorFlow-Serving image with a model mounted at `/clothing-model`?,machine-learning-zoomcamp,930f795453
"Starting from October 2024, what new Docker feature can improve performance when running containerized applications on macOS with Apple Silicon?",machine-learning-zoomcamp,930f795453
Why are the CPU metrics displayed as 'Unknown' in my Horizontal Pod Autoscaler (HPA) configuration?,machine-learning-zoomcamp,82bef32bca
What steps should I follow to resolve the issue where the HPA fails to retrieve CPU utilization metrics?,machine-learning-zoomcamp,82bef32bca
How do I delete the existing HPA named `credit-hpa` before applying a new configuration?,machine-learning-zoomcamp,82bef32bca
Where can I find and apply the Metrics Server configuration YAML file to enable CPU metric reporting in Kubernetes?,machine-learning-zoomcamp,82bef32bca
"After deleting the HPA and applying the Metrics Server, what command should I execute to recreate the HPA for it to function correctly?",machine-learning-zoomcamp,82bef32bca
Why does the command `kubectl autoscale deployment subscription --name subscription-hpa --cpu-percent=20 --min=1 --max=3` fail?,machine-learning-zoomcamp,c9f27cb21a
What error message appears when attempting to run the autoscaling command in HW10?,machine-learning-zoomcamp,c9f27cb21a
How can I resolve certificate validation issues caused by a missing Subject Alternative Name (SAN) for the node's IP address when using kubectl?,machine-learning-zoomcamp,c9f27cb21a
What specific command should be executed to add `--kubelet-insecure-tls` as an argument for the metrics-server container in the kube-system namespace?,machine-learning-zoomcamp,c9f27cb21a
"After modifying the metrics-server deployment, what is the command to restart it and apply the changes?",machine-learning-zoomcamp,c9f27cb21a
Why does the error 'Error validating 'deployment.yaml' when running kubectl apply' occur?,machine-learning-zoomcamp,3a0a22fda9
What command should I use to create a local Kubernetes cluster for this deployment?,machine-learning-zoomcamp,3a0a22fda9
How can I verify that my local Kubernetes cluster is successfully running after creation?,machine-learning-zoomcamp,3a0a22fda9
"After creating the cluster, what steps are required to successfully deploy the application using 'kubectl apply -f deployment.yaml'?",machine-learning-zoomcamp,3a0a22fda9
"If validation errors persist despite having an active Kubernetes cluster, what additional checks should be performed regarding the context and YAML file?",machine-learning-zoomcamp,3a0a22fda9
What specific older kindest/node image should I use to successfully create a Kind cluster in Module 10?,machine-learning-zoomcamp,57c116dde2
Why does the exercise guidance recommend using an older node image for creating the Kind cluster?,machine-learning-zoomcamp,57c116dde2
"If I encounter issues while creating the Kind cluster, what steps should I take after ensuring Docker is running and network access is available?",machine-learning-zoomcamp,57c116dde2
"How can I identify if the problem persists despite using the suggested older node image, and what alternative versions might be compatible with the module's environment?",machine-learning-zoomcamp,57c116dde2
Where can I find additional notes or recommendations regarding node image versions for troubleshooting Kind cluster creation in Module 10?,machine-learning-zoomcamp,57c116dde2
Why does the metrics-server in Kind clusters not trust kubelet's TLS certificate by default?,machine-learning-zoomcamp,74e0f64827
What command should I run to patch the metrics-server deployment in Kind clusters to skip TLS verification?,machine-learning-zoomcamp,74e0f64827
"After applying the patch, how can I verify that the Horizontal Pod Autoscaler (HPA) now shows accurate CPU percentages?",machine-learning-zoomcamp,74e0f64827
Is it safe to use `--kubelet-insecure-tls` for production environments when scaling HPA based on CPU metrics?,machine-learning-zoomcamp,74e0f64827
What is the recommended method to restart the metrics-server after modifying its configuration in a Kind cluster?,machine-learning-zoomcamp,74e0f64827
What error occurs when running `tensorflow/serving:2.7.0` on an Apple Silicon machine?,machine-learning-zoomcamp,c1095e75a3
How can I enable compatibility for the official `tensorflow/serving` image on arm64 architecture?,machine-learning-zoomcamp,c1095e75a3
Is there an alternative Docker image that supports TensorFlow Serving on Apple Silicon without emulation?,machine-learning-zoomcamp,c1095e75a3
Where should model files be placed when using the `bitnami/tensorflow-serving:2` image?,machine-learning-zoomcamp,c1095e75a3
What environment variable must be set to specify the model name in the `bitnami/tensorflow-serving:2` image?,machine-learning-zoomcamp,c1095e75a3
Why does the installation of `grpcio==1.42.0` and `tensorflow-protobuf==2.7.0` fail to lock in Module 10?,machine-learning-zoomcamp,59afc541fd
What are the alternative pinned versions that resolve successfully on Python 3.11+ for the Docker environment in this module?,machine-learning-zoomcamp,59afc541fd
How can I configure my local setup if I am using macOS Apple Silicon to avoid the perpetual locking issue mentioned in the FAQ?,machine-learning-zoomcamp,59afc541fd
"If I choose to use newer pins for `grpcio` and `tensorflow-protobuf`, which specific versions should I specify in the `Pipfile` or `requirements.txt`?",machine-learning-zoomcamp,59afc541fd
What is the recommended approach to proceed with the course if I cannot lock the dependencies locally on my operating system?,machine-learning-zoomcamp,59afc541fd
What is the purpose of providing a `train.py` file in addition to the notebook.ipynb file for peer review?,machine-learning-zoomcamp,6aa17f1eab
How can reviewers verify that my training process functions correctly on their own systems using the provided files?,machine-learning-zoomcamp,6aa17f1eab
What steps should I take to ensure that all necessary dependencies are included so that `train.py` runs successfully after cloning the repository?,machine-learning-zoomcamp,6aa17f1eab
"Which environment configuration files (`Pipfile`, `pyproject.toml`, or `requirements.txt`) must be updated to support running `train.py`?",machine-learning-zoomcamp,6aa17f1eab
Why is it important for reviewers to be able to reproduce my model by executing a single command like `python train.py`?,machine-learning-zoomcamp,6aa17f1eab
How do I install the Pillow library for loading images in Python?,machine-learning-zoomcamp,17eeab7562
What is the exact command to convert a PILLOW image object to a NumPy array?,machine-learning-zoomcamp,17eeab7562
Can you provide a code snippet that demonstrates loading an image named 'aeroplane.png' and converting it to a NumPy array using the Pillow library?,machine-learning-zoomcamp,17eeab7562
"Which libraries are required to perform the task of loading an image and converting it to a NumPy array, as described in the course material?",machine-learning-zoomcamp,17eeab7562
"In the context of the Machine Learning Zoomcamp course, what steps should I follow to load an image file and transform it into a NumPy array using the Pillow library?",machine-learning-zoomcamp,17eeab7562
Why must the training script be implemented as a Python file (train.py) instead of using a Jupyter notebook (train.ipynb)?,machine-learning-zoomcamp,b6d8547280
What are the practical advantages of running a Python script for model training over executing a notebook in a midterm project?,machine-learning-zoomcamp,b6d8547280
"In real-world scenarios, how do training jobs typically appear, and why is train.py preferred for this purpose?",machine-learning-zoomcamp,b6d8547280
"If I have both a train.ipynb and a train.py file in my project directory, which one should be used for actual model training during the assessment?",machine-learning-zoomcamp,b6d8547280
Can you explain the reasoning behind requiring train.py to be a Python script for the machine-learning-zoomcamp midterm project?,machine-learning-zoomcamp,b6d8547280
How can I create a user interface that allows people to input data for machine learning model processing?,machine-learning-zoomcamp,79d7bebfbf
What methods should be used to validate the data entered by users both on the frontend and backend?,machine-learning-zoomcamp,79d7bebfbf
Is Streamlit a suitable tool for developing an application to collect and preprocess data for ML models?,machine-learning-zoomcamp,79d7bebfbf
Where can I find a detailed guide or example repository demonstrating how to set up a form-based interface using Streamlit?,machine-learning-zoomcamp,79d7bebfbf
What are the key considerations when designing a mobile app or web interface for data collection that feeds into machine learning workflows?,machine-learning-zoomcamp,79d7bebfbf
What specific error message appears in the Elastic Container Service task log?,machine-learning-zoomcamp,3e3a6ddca7
"Why does the error ""[Errno 12] Cannot allocate memory"" occur when running a container on AWS ECS?",machine-learning-zoomcamp,3e3a6ddca7
Which configuration parameter should be adjusted to fix the memory allocation issue in an ECS task definition?,machine-learning-zoomcamp,3e3a6ddca7
How can I modify the RAM and CPU settings for my ECS task to prevent this error?,machine-learning-zoomcamp,3e3a6ddca7
"After increasing the allocated RAM and CPU, will the ""[Errno 12] Cannot allocate memory"" error be resolved?",machine-learning-zoomcamp,3e3a6ddca7
Why does the 'can't get attribute XXX on module __main__' pickle error occur only when using Waitress and not directly with Flask?,machine-learning-zoomcamp,3e621509d2
What is causing the custom column transformer class to be inaccessible after saving the model in the `__main__` namespace?,machine-learning-zoomcamp,3e621509d2
How can I resolve the pickle error when deploying a model trained in `train.py` within a Docker container using Waitress?,machine-learning-zoomcamp,3e621509d2
"If I move the custom class to a separate module, which additional changes should I make in `predict.py` to ensure compatibility with the saved model?",machine-learning-zoomcamp,3e621509d2
Where can I find more detailed explanations and discussions about similar pickle issues related to cross-module references in Python?,machine-learning-zoomcamp,3e621509d2
What are some common methods for addressing outliers in a data set?,machine-learning-zoomcamp,091ce4f5ff
Can you explain how log transformation can be used to manage extreme values within the data?,machine-learning-zoomcamp,091ce4f5ff
How does clipping high values contribute to reducing the impact of outliers during analysis?,machine-learning-zoomcamp,091ce4f5ff
In what scenarios might dropping outlier observations from a data set be appropriate?,machine-learning-zoomcamp,091ce4f5ff
What section of the Machine Learning Zoomcamp curriculum covers techniques for dealing with outliers?,machine-learning-zoomcamp,091ce4f5ff
"In the context of reproducibility, what is the instructor's expectation regarding running all provided files or code snippets?",machine-learning-zoomcamp,128c829dbd
"If I encounter difficulties in executing certain neural network models due to computational constraints, what alternative measures can I take to ensure reproducibility of my results?",machine-learning-zoomcamp,128c829dbd
What specific elements should be included in a submission to guarantee that others can successfully reproduce my experiments without ambiguity?,machine-learning-zoomcamp,128c829dbd
Are there any built-in safeguards or checks mentioned for identifying potential errors when attempting to recreate the experiments autonomously?,machine-learning-zoomcamp,128c829dbd
How does the instructor suggest balancing between hands-on execution and preparatory steps when aiming for reproducibility within this course?,machine-learning-zoomcamp,128c829dbd
How can I compress a large machine learning model to make it suitable for uploading to GitHub?,machine-learning-zoomcamp,3f5dbbd3b5
What Python library and function should I use to compress a trained model before saving it?,machine-learning-zoomcamp,3f5dbbd3b5
Can you provide an example of how to dump a model using joblib with compression settings?,machine-learning-zoomcamp,3f5dbbd3b5
What is the effect of the `compress` parameter in the `joblib.dump()` function?,machine-learning-zoomcamp,3f5dbbd3b5
Are there any considerations or trade-offs when compressing a machine learning model for storage?,machine-learning-zoomcamp,3f5dbbd3b5
"How can I resolve the 'unauthorized: You don't have the needed permissions to perform this operation, and you may have invalid credentials.' error when pushing a Docker image to Google Container Registry?",machine-learning-zoomcamp,5a7cdb33f2
What is the first step to troubleshoot permission issues while uploading Docker containers to Google's container registry during the Machine Learning ZoomCamp course?,machine-learning-zoomcamp,5a7cdb33f2
Could you guide me through the process of granting necessary permissions for Docker image uploads to Google Container Registry in the context of the Machine Learning ZoomCamp curriculum?,machine-learning-zoomcamp,5a7cdb33f2
"If I encounter unauthorized access errors when trying to push a Docker image to Google Container Registry, what command should I execute after installing the Google Cloud SDK as part of the Machine Learning ZoomCamp exercises?",machine-learning-zoomcamp,5a7cdb33f2
What specific procedure should be followed in the Miscellaneous section of the Machine Learning ZoomCamp course to ensure valid credentials for pushing Docker images to Google Container Registry?,machine-learning-zoomcamp,5a7cdb33f2
What is causing the 'scipy' name not defined error when using ImageDataGenerator.flow_from_dataframe?,machine-learning-zoomcamp,424d68d110
How can I install the missing 'scipy' package to fix the ImageDataGenerator error?,machine-learning-zoomcamp,424d68d110
"After installing scipy, what additional step should I take in Jupyter Notebook to resolve the error?",machine-learning-zoomcamp,424d68d110
Is there a specific version of SciPy recommended for compatibility with the current ImageDataGenerator implementation?,machine-learning-zoomcamp,424d68d110
What should I check if the error persists after installing SciPy and restarting the kernel?,machine-learning-zoomcamp,424d68d110
How can I resolve the 'UnidentifiedImageError: cannot identify image file' when loading an image from a GitHub URL in my local Python script?,machine-learning-zoomcamp,9db0f62601
What modification should I apply to the GitHub image URL to ensure successful identification by the `preprocessor.from_url()` function?,machine-learning-zoomcamp,9db0f62601
"When encountering the error 'cannot identify image file <_io.BytesIO object at 0x7f797010a590>' during model testing with a test-image, what is the recommended fix according to the provided solution?",machine-learning-zoomcamp,9db0f62601
"In the context of deploying a machine learning model locally, why does adding `?raw=true` to the GitHub image URL eliminate the unidentified image error?",machine-learning-zoomcamp,9db0f62601
What specific change in the URL syntax will enable the `preprocessor.from_url()` method to correctly fetch and process an image hosted on GitHub during local testing?,machine-learning-zoomcamp,9db0f62601
What does the warning message `**pipenv.exceptions.ResolutionFailure**: Warning: Your dependencies could not be resolved. You likely have a mismatch in your sub-dependencies` indicate?,machine-learning-zoomcamp,0f19932601
How can I manually update the `Pipfile` and `Pipfile.lock` to resolve dependency issues?,machine-learning-zoomcamp,0f19932601
What command should I execute to automatically resolve sub-dependency mismatches reported by Pipenv?,machine-learning-zoomcamp,0f19932601
"If I encounter the resolution failure warning, what are the primary steps I need to take to fix it in a Machine Learning Zoomcamp project using Pipenv?",machine-learning-zoomcamp,0f19932601
"After running `pipenv lock`, will my project dependencies be correctly synchronized between `Pipfile` and `Pipfile.lock`?",machine-learning-zoomcamp,0f19932601
Why am I encountering an 'Expecting value: line 1 column 1 (char 0)' error when trying to send predict-test data to the server?,machine-learning-zoomcamp,25ff7dd14c
What is the correct input format for sending data to the model in this course?,machine-learning-zoomcamp,25ff7dd14c
How can I convert JSON response data into a suitable format like numpy arrays for the model?,machine-learning-zoomcamp,25ff7dd14c
What steps should I take to ensure my input data is in the right shape before contacting the server?,machine-learning-zoomcamp,25ff7dd14c
Are there common pitfalls when formatting input data that lead to JSON decoding errors in machine learning models?,machine-learning-zoomcamp,25ff7dd14c
What is causing the `SIGTERM` errors when deploying my Docker image on a small free-tier host like Render?,machine-learning-zoomcamp,e855e1b1b8
Are there any cloud providers that offer free-tier micro instances for long-term use in machine learning deployments?,machine-learning-zoomcamp,e855e1b1b8
Which platforms provide convenient free tiers specifically suited for deploying Docker-based machine learning models?,machine-learning-zoomcamp,e855e1b1b8
How can I reduce the memory footprint of my Docker image to avoid OOM-killing on limited free-tier resources?,machine-learning-zoomcamp,e855e1b1b8
What alternative methods exist for sharing and demonstrating a machine learning model without relying on traditional deployment platforms?,machine-learning-zoomcamp,e855e1b1b8
How can I create a bar chart to display the predicted class probabilities after training a neural network?,machine-learning-zoomcamp,7efbf0d444
What steps are required to visualize predictions per class using matplotlib in Python?,machine-learning-zoomcamp,7efbf0d444
Could you provide a code snippet for plotting classes against their corresponding prediction values following model training?,machine-learning-zoomcamp,7efbf0d444
"In the context of neural networks, how do I prepare data from trained `classes` and `predictions` variables for plotting with `plt.bar()`?",machine-learning-zoomcamp,7efbf0d444
What is the purpose of converting the `classes` and `predictions` tuple pair into a dictionary before visualization?,machine-learning-zoomcamp,7efbf0d444
How can I transform a dictionary of prediction results into a Pandas DataFrame?,machine-learning-zoomcamp,d2cdec8f35
What is the syntax to create a DataFrame from a dictionary where the keys represent row indices and values are the data for each column?,machine-learning-zoomcamp,d2cdec8f35
"In the context of machine learning assignments, how do I orient a dictionary to form a table with predictions as entries?",machine-learning-zoomcamp,d2cdec8f35
Could you provide an example of converting a dictionary named `your_dict` into a DataFrame suitable for visualization purposes?,machine-learning-zoomcamp,d2cdec8f35
What Pandas function should be used to convert a dictionary into a DataFrame where each key becomes a row index and the values are placed in a single column titled 'Prediction'?,machine-learning-zoomcamp,d2cdec8f35
Where can I find the script to generate the kitchenware classification competition dataset?,machine-learning-zoomcamp,0156cf3b62
How does the layout of the image dataset for the kitchenware classification competition differ from the dino vs dragon lesson setup?,machine-learning-zoomcamp,0156cf3b62
What was the reason for creating a script to generate the kitchenware dataset in a familiar layout?,machine-learning-zoomcamp,0156cf3b62
Is there a direct link or URL provided to access the kitchenware-dataset-generator script on Kaggle?,machine-learning-zoomcamp,0156cf3b62
Which course section does this information belong to within the Machine Learning ZoomCamp curriculum?,machine-learning-zoomcamp,0156cf3b62
Can I still submit my machine learning assignment if I miss the deadline?,machine-learning-zoomcamp,1a78bec215
Is there a grace period for submitting assignments after the official due date in the ZoomCamp course?,machine-learning-zoomcamp,1a78bec215
What happens to an assignment submitted after the submission form has closed for the machine-learning-zoomcamp course?,machine-learning-zoomcamp,1a78bec215
"If the submission form remains open past the stated deadline, will my late homework be accepted and evaluated?",machine-learning-zoomcamp,1a78bec215
Are there any penalties or consequences for submitting work late in the machine learning ZoomCamp?,machine-learning-zoomcamp,1a78bec215
Is it mandatory for the GitHub repository linked to my homework submission to be set to public visibility?,machine-learning-zoomcamp,5851324f04
Will private repositories work for submitting assignments in this machine learning course?,machine-learning-zoomcamp,5851324f04
Can instructors and teaching assistants view and grade my homework if I keep the associated GitHub repository private?,machine-learning-zoomcamp,5851324f04
What happens if I accidentally submit a private GitHub repository link for my homework assignment?,machine-learning-zoomcamp,5851324f04
Are there any exceptions or alternative methods allowed for submitting homework through a non-public GitHub repository in this course?,machine-learning-zoomcamp,5851324f04
What integrated development environments (IDEs) are suggested for conducting machine learning tasks in the Machine Learning ZoomCamp course?,machine-learning-zoomcamp,840d7e7ee8
Could you specify the two IDEs that the course recommends for facilitating machine learning projects?,machine-learning-zoomcamp,840d7e7ee8
"According to the FAQ section on Miscellaneous topics within the Machine Learning ZoomCamp, which software tools should learners use to effectively develop their machine learning models?",machine-learning-zoomcamp,840d7e7ee8
"For a student enrolled in the 'machine-learning-zoomcamp' program, what coding platforms are highlighted as optimal choices for implementing machine learning algorithms?",machine-learning-zoomcamp,840d7e7ee8
"In the context of the course identified by ID '840d7e7ee8', which development environments are endorsed for supporting machine learning coursework?",machine-learning-zoomcamp,840d7e7ee8
What command should I run to verify if `wget` is already installed in Google Colab before attempting a download?,machine-learning-zoomcamp,19e1e5c938
How do I specify the destination directory for the downloaded file when using `wget` within a Jupyter notebook cell on Google Colab?,machine-learning-zoomcamp,19e1e5c938
Can you provide an example of the full `wget` command syntax used to download a dataset from an external URL directly into my Google Drive mounted folder inside Colab?,machine-learning-zoomcamp,19e1e5c938
Are there any specific permissions or configurations I need to set in Google Colab prior to executing the `wget` command for successful downloads?,machine-learning-zoomcamp,19e1e5c938
What alternative methods can be employed in Google Colab if the `wget` utility is unavailable or fails to function as expected?,machine-learning-zoomcamp,19e1e5c938
How can I convert a one-dimensional NumPy array into a two-dimensional array for use with scikit-learn?,machine-learning-zoomcamp,24713fbf0d
"What is the purpose of using `reshape(-1, 1)` on a NumPy array?",machine-learning-zoomcamp,24713fbf0d
"Which method in pandas can be used to filter rows based on specific values within a column, such as `<1H OCEAN` and `INLAND`?",machine-learning-zoomcamp,24713fbf0d
How do I select specific columns from a DataFrame to create a new filtered DataFrame?,machine-learning-zoomcamp,24713fbf0d
What command displays the first few rows of a DataFrame in pandas after filtering and selecting columns?,machine-learning-zoomcamp,24713fbf0d
How can I upgrade Pandas to eliminate the 'is_categorical_dtype is deprecated' warning when using Matplotlib for plotting?,machine-learning-zoomcamp,e5ceadc2f4
What code should I execute in a Jupyter notebook to suppress FutureWarning messages while working with categorical data in Pandas?,machine-learning-zoomcamp,e5ceadc2f4
Is there a way to avoid the deprecation warning related to `is_categorical_dtype` without upgrading my Pandas installation?,machine-learning-zoomcamp,e5ceadc2f4
"Could you provide an example of how to use `warnings.simplefilter` to ignore specific warnings, such as FutureWarning, during data visualization with Matplotlib?",machine-learning-zoomcamp,e5ceadc2f4
What are the potential drawbacks or considerations I should be aware of when suppressing warnings like 'FutureWarning' in my Python scripts?,machine-learning-zoomcamp,e5ceadc2f4
How can I resolve the 'Python 3.11 was not found on your system' warning when running a Docker file in Windows instead of WSL/Linux?,machine-learning-zoomcamp,2490b9e786
What steps are required to ensure that Python 3.11 is recognized by Pipenv or asdf when executing the Docker file on a Windows environment?,machine-learning-zoomcamp,2490b9e786
"After adding the Python 3.11 installation folder to the PATH and restarting my system, why did I still encounter issues while rerunning the Docker file?",machine-learning-zoomcamp,2490b9e786
Is there an alternative method to specify Python versions without relying on Pipenv or asdf if they are not detected by the Docker file execution process?,machine-learning-zoomcamp,2490b9e786
"What potential pitfalls should I be aware of when attempting to maintain reproducibility across different operating systems, such as Windows and WSL/Linux, for machine learning projects?",machine-learning-zoomcamp,2490b9e786
What is the monthly cost for deploying a project to DigitalOcean App Cloud?,machine-learning-zoomcamp,0b20afa7bb
"After creating an app in DigitalOcean, which service provider should I select for connecting my GitHub repository?",machine-learning-zoomcamp,0b20afa7bb
Where do I need to specify the Dockerfile path when configuring the app settings in DigitalOcean?,machine-learning-zoomcamp,0b20afa7bb
"If my model files are not automatically included during container build, what additional step must I take?",machine-learning-zoomcamp,0b20afa7bb
How long should the deployed container remain active until the project evaluation concludes?,machine-learning-zoomcamp,0b20afa7bb
Should I exclusively train my machine learning model using only the features deemed most important?,machine-learning-zoomcamp,3cc0ce528e
What criteria should I use to determine whether a feature should be included in the training process despite lower importance ratings?,machine-learning-zoomcamp,3cc0ce528e
How can I assess if removing certain features will negatively impact the predictive accuracy of my model?,machine-learning-zoomcamp,3cc0ce528e
Are there specific feature selection techniques that can help identify which correlated features are redundant?,machine-learning-zoomcamp,3cc0ce528e
"Where can I find detailed guidance on evaluating feature importance, particularly for categorical variables, within the machine learning course curriculum?",machine-learning-zoomcamp,3cc0ce528e
What are effective strategies for handling datasets with over a million rows in Python?,machine-learning-zoomcamp,7f18a34896
How can I implement data sampling to facilitate exploratory analysis on large datasets?,machine-learning-zoomcamp,7f18a34896
What methods exist to process large datasets incrementally without loading the entire dataset into memory at once?,machine-learning-zoomcamp,7f18a34896
In what ways can optimizing data types contribute to reducing memory usage when working with extensive datasets in Pandas?,machine-learning-zoomcamp,7f18a34896
How does the Dask library aid in parallelizing computations for large datasets similar to those used in machine learning projects?,machine-learning-zoomcamp,7f18a34896
"Is it possible to complete the Machine Learning ZoomCamp assignments using programming languages other than Python, such as R or Scala?",machine-learning-zoomcamp,165122776e
What are the implications of using a language like R instead of the recommended Python 3.10 for completing coursework and assessments in this course?,machine-learning-zoomcamp,165122776e
How might the use of non-Python languages affect peer-review processes during midterm evaluations and capstone projects?,machine-learning-zoomcamp,165122776e
"Are there any specific library versions or dependencies that are crucial for homework assignments, and can they be adapted to other programming environments?",machine-learning-zoomcamp,165122776e
"What is the policy regarding creating personal coding repositories in alternative languages based on the course materials, even if they are not suitable for official submissions?",machine-learning-zoomcamp,165122776e
Are third-party libraries such as fast.ai or Hugging Face permitted for use in the capstone project and competition?,machine-learning-zoomcamp,29ef71cc59
Will utilizing libraries like fast.ai or HuggingFace be considered excessive assistance in our machine learning course capstone?,machine-learning-zoomcamp,29ef71cc59
"Is there any restriction on employing external libraries, specifically fast.ai or HuggingFace, during the final capstone assignment?",machine-learning-zoomcamp,29ef71cc59
Can we incorporate advanced libraries such as fast.ai or Hugging Face without penalty in the capstone and competition phases of the course?,machine-learning-zoomcamp,29ef71cc59
Are fast.ai and Hugging Face libraries allowed to be used throughout our machine learning zoom camp capstone project and competition?,machine-learning-zoomcamp,29ef71cc59
Why did the TensorFlow Serving Docker image fail to build and test successfully while the Flask image succeeded?,machine-learning-zoomcamp,c04524a66d
What specific version compatibility issue between TensorFlow and TensorFlow Serving could cause a failure during local testing with Docker on Apple Silicon?,machine-learning-zoomcamp,c04524a66d
How does the error message `/usr/bin/tf_serving_entrypoint.sh: line 3:     7 Illegal instruction` relate to the TensorFlow Serving binary on Apple Silicon systems?,machine-learning-zoomcamp,c04524a66d
What GitHub comment provides a solution for resolving the illegal instruction error when running TF-Serving locally with Docker on an Apple Silicon machine?,machine-learning-zoomcamp,c04524a66d
How does the introduction of Docker VMM Beta in release 4.35.0 for Mac affect the compatibility and execution of native TensorFlow Serving images?,machine-learning-zoomcamp,c04524a66d
How should I title my Machine Learning Zoomcamp experience on LinkedIn without misrepresenting it as a formal job?,machine-learning-zoomcamp,d767e50478
What are the recommended sections on LinkedIn to include my participation in the DataTalksClub program?,machine-learning-zoomcamp,d767e50478
Is it appropriate to list the Machine Learning Zoomcamp under 'Experience' on my LinkedIn profile?,machine-learning-zoomcamp,d767e50478
Can I add a link to my project completed during the Machine Learning Zoomcamp to my CV?,machine-learning-zoomcamp,d767e50478
What strategies can I use to effectively showcase my progress and learning from the Machine Learning Zoomcamp on LinkedIn?,machine-learning-zoomcamp,d767e50478
What command do I use to install additional packages in Google Colab or Kaggle notebooks?,machine-learning-zoomcamp,b75fa5280e
How can I ensure that extra dependencies are installed silently without verbose output?,machine-learning-zoomcamp,b75fa5280e
What should I do if a newly installed package conflicts with an already imported module?,machine-learning-zoomcamp,b75fa5280e
Which interface option allows me to restart the runtime after installing new packages?,machine-learning-zoomcamp,b75fa5280e
Are there any specific syntax requirements when executing pip install commands within notebook cells?,machine-learning-zoomcamp,b75fa5280e
How do I open the current directory in Windows Explorer from the WSL terminal for uploading files to GitHub?,machine-learning-zoomcamp,e53752c5b7
What command can I execute in a WSL terminal to navigate directly to the corresponding folder in File Explorer?,machine-learning-zoomcamp,e53752c5b7
"If I am working within the Windows Subsystem for Linux and need to access the current project folder via the Windows file explorer, which bash command should I issue?",machine-learning-zoomcamp,e53752c5b7
"To quickly view my current directory in Windows Explorer while using WSL, what specific command is recommended?",machine-learning-zoomcamp,e53752c5b7
"What is the quickest method to open a terminal-controlled directory in the standard Windows Explorer interface, suitable for GitHub uploads?",machine-learning-zoomcamp,e53752c5b7
.,machine-learning-zoomcamp,2909275a35
.,machine-learning-zoomcamp,2909275a35
.,machine-learning-zoomcamp,2909275a35
.,machine-learning-zoomcamp,2909275a35
What is the command-line instruction to transform a Jupyter notebook into a Python (.py) script?,machine-learning-zoomcamp,c5b67c62c1
Could you detail the steps within JupyterLab to export a notebook as an executable Python script?,machine-learning-zoomcamp,c5b67c62c1
Is there a way to automate the conversion of multiple notebooks to scripts at once using nbconvert?,machine-learning-zoomcamp,c5b67c62c1
What file extensions will the output have after converting a .ipynb notebook to a script via nbconvert?,machine-learning-zoomcamp,c5b67c62c1
Does exporting a notebook to a script preserve all markdown cells and inline visuals as comments in the Python file?,machine-learning-zoomcamp,c5b67c62c1
What is the cause of receiving a GitHub 429 error when attempting to download a CSV file using wget or pd.read_csv(url)?,machine-learning-zoomcamp,28991e4581
How many minutes should I wait before retrying an unauthenticated request that results in a GitHub rate limit (429) error?,machine-learning-zoomcamp,28991e4581
What steps can I take in my browser to manually save a raw file and subsequently load it into my Python script without hitting the rate limit?,machine-learning-zoomcamp,28991e4581
Which additional header must I include with wget to avoid being rate-limited by GitHub when downloading files programmatically?,machine-learning-zoomcamp,28991e4581
"If I need to download data repeatedly for training models, what is an efficient method to ensure compliance with GitHub's rate limits?",machine-learning-zoomcamp,28991e4581
Why am I encountering a Pandas ParserError when trying to read a CSV file downloaded using `wget`?,machine-learning-zoomcamp,d6dd8c7f90
What is the difference between the GitHub URL for a raw CSV file and the URL that serves an HTML page?,machine-learning-zoomcamp,d6dd8c7f90
How can I verify if the downloaded file is indeed a CSV and not an HTML page while reading it with Pandas?,machine-learning-zoomcamp,d6dd8c7f90
What specific steps should I follow to correctly download a CSV from a GitHub repository using `wget`?,machine-learning-zoomcamp,d6dd8c7f90
"If I see HTML tags when checking the first few lines of my downloaded file, what should I do to resolve the issue?",machine-learning-zoomcamp,d6dd8c7f90
Why does my code using scikit-learn or NumPy fail when running with Python 3.13 or 3.14?,machine-learning-zoomcamp,4e51151a36
What is the recommended solution if I encounter compatibility issues with machine learning libraries after upgrading to Python 3.13?,machine-learning-zoomcamp,4e51151a36
How can I revert to a stable Python version that ensures compatibility with common ML packages like scikit-learn and NumPy?,machine-learning-zoomcamp,4e51151a36
Which specific changes in Python 3.13 and 3.14 caused the breakage of existing machine learning codebases?,machine-learning-zoomcamp,4e51151a36
What are the exact steps to install and pin Python 3.11 using `uv python install 3.11` or `pyenv install 3.11` for my project?,machine-learning-zoomcamp,4e51151a36
What should I do if my calculated answer for a homework problem doesn't correspond to any of the provided choices?,machine-learning-zoomcamp,ab183bd688
Could applying an incorrect filter or selecting the wrong column segment lead to a mismatch with the given options in my machine learning assignment?,machine-learning-zoomcamp,ab183bd688
Is it possible that omitting or unnecessarily using a logarithmic transformation could cause my homework response to diverge from the listed alternatives?,machine-learning-zoomcamp,ab183bd688
Why might rounding intermediate results prematurely affect the alignment of my answer with the available options in the course homework?,machine-learning-zoomcamp,ab183bd688
"How can discrepancies in software versions such as those for scikit-learn, NumPy, or Python potentially result in a homework answer that doesn't fit any option?",machine-learning-zoomcamp,ab183bd688
Is it possible for me to enroll in the LLM ZoomCamp course even though I have just found out about it?,llm-zoomcamp,74eb249bbf
"If I join the course now, will I be eligible to obtain a certificate?",llm-zoomcamp,74eb249bbf
What is the deadline for submitting my project if I wish to receive the certificate for this course?,llm-zoomcamp,74eb249bbf
Can I participate in the course activities after the submission period has ended?,llm-zoomcamp,74eb249bbf
Are there any late penalties or restrictions for project submissions during the acceptance window?,llm-zoomcamp,74eb249bbf
Do I need to wait for a confirmation email after registering for LLM Zoomcamp?,llm-zoomcamp,977bf7786c
Is registration mandatory to participate in the LLM Zoomcamp?,llm-zoomcamp,977bf7786c
"Can I begin learning and submitting assignments immediately after registration, even before receiving any email confirmation?",llm-zoomcamp,977bf7786c
Will my participation be verified against a registered list once the course starts?,llm-zoomcamp,977bf7786c
How does registration affect my access to the course materials and homework submission?,llm-zoomcamp,977bf7786c
How can students join the live/workshop sessions for the ‘Office Hours’?,llm-zoomcamp,489dd1c9d9
Where is the YouTube Live stream URL for the ‘Office Hours’ session posted?,llm-zoomcamp,489dd1c9d9
What platform should students use to submit questions during the live session?,llm-zoomcamp,489dd1c9d9
Is there a specific channel where the video link and Slido question submission link are shared before the session starts?,llm-zoomcamp,489dd1c9d9
Who has access to the Zoom link for the ‘Office Hours’ sessions?,llm-zoomcamp,489dd1c9d9
"What are the differences between the free hours limits offered by Google Colab, Kaggle, and Databricks for GPU access?",llm-zoomcamp,c6c2888275
"If I change the GPU configuration in a cloud service offering free hours, will the free hours quota be adjusted automatically or applied separately?",llm-zoomcamp,c6c2888275
Are there any specific installations or software that might not be allowed under the free tier of these GPU-accessible platforms?,llm-zoomcamp,c6c2888275
How frequently is the free hours quota reset—monthly or weekly—and what should I monitor to avoid unexpected billing?,llm-zoomcamp,c6c2888275
"Can using GPTs help in finding additional cloud alternatives with GPU support beyond Google Colab, Kaggle, and Databricks?",llm-zoomcamp,c6c2888275
How can I locate my specific entry on the leaderboard after creating my account?,llm-zoomcamp,c2903069a0
"What is the process to change my displayed name from the randomly assigned nickname to something else, such as my Slack or GitHub username?",llm-zoomcamp,c2903069a0
Where can I find and modify my official name that appears on the certificate?,llm-zoomcamp,c2903069a0
Is it possible to remain anonymous by using a different display name from my randomly assigned one?,llm-zoomcamp,c2903069a0
"Could you explain what the two fields in the ""Edit Course Profile"" section are used for and which one is mandatory for appearing on the certificate?",llm-zoomcamp,c2903069a0
Is it possible to complete the course at my own speed and still receive a certificate for llm-zoomcamp?,llm-zoomcamp,69d122f12e
What are the requirements for obtaining a certificate in the llm-zoomcamp course when opting for the self-paced mode?,llm-zoomcamp,69d122f12e
Can learners who choose the self-paced option participate in peer-review activities after their project submission?,llm-zoomcamp,69d122f12e
Why is it necessary to join a live cohort to receive a certificate in the llm-zoomcamp program?,llm-zoomcamp,69d122f12e
"At what stage of the course can learners engage in peer-review, and does this affect eligibility for certificates in the self-paced mode?",llm-zoomcamp,69d122f12e
What is the minimum requirement to obtain a certificate for this course?,llm-zoomcamp,9f689c185f
Does completing homework assignments affect my final ranking or eligibility for the certificate?,llm-zoomcamp,9f689c185f
Is it possible to pass the course even if I do not submit any homework?,llm-zoomcamp,9f689c185f
Will failing to submit the first homework impact my ability to complete the Capstone project?,llm-zoomcamp,9f689c185f
How are homework points integrated into the overall assessment of the course?,llm-zoomcamp,9f689c185f
What is the reason behind the frequent updates to the course content in this newly launched 'llm-zoomcamp'?,llm-zoomcamp,96286b4be4
How will the continuous changes in the homework material affect my preparation for the upcoming modules?,llm-zoomcamp,96286b4be4
"Is there any assurance that once a module is announced as ready, its content will remain unchanged?",llm-zoomcamp,96286b4be4
What precautions should I take if I choose to work on the homework before a module is officially finalized?,llm-zoomcamp,96286b4be4
Can you provide an estimate of how long each module might stay in flux before being locked down?,llm-zoomcamp,96286b4be4
What is the schedule for the upcoming LLMZOOMCAMP course?,llm-zoomcamp,bd31146b0e
During which semester will the LLMZOOMCAMP class be held in the following academic year?,llm-zoomcamp,bd31146b0e
Can you tell me the exact date range for the next offering of LLMZOOMCAMP?,llm-zoomcamp,bd31146b0e
Is there any information available about the registration deadline for the summer 2025 LLMZOOMCAMP session?,llm-zoomcamp,bd31146b0e
Will there be an on-campus or online format for the LLMZOOMCAMP course in summer 2025?,llm-zoomcamp,bd31146b0e
Where can I find the video lectures for the 'llm-zoomcamp' course?,llm-zoomcamp,31456f4b5f
Is there a YouTube channel that hosts the instructional videos for this course?,llm-zoomcamp,31456f4b5f
Could you tell me if there are any pre-recorded sessions available for the llm-zoomcamp program?,llm-zoomcamp,31456f4b5f
What is the best place to look for multimedia resources related to the llm-zoomcamp curriculum?,llm-zoomcamp,31456f4b5f
Does the course provide access to a YouTube account with DataTalks.Club for viewing lectures?,llm-zoomcamp,31456f4b5f
How can I increase the amount of RAM allocated to my WSL2 environment if the error message indicates insufficient memory?,llm-zoomcamp,f3dd94f323
What steps are required to modify the `.wslconfig` file to allocate more system memory for WSL2 on Windows?,llm-zoomcamp,f3dd94f323
"After allocating additional RAM via the `.wslconfig` file, what command should I run to restart WSL and apply the changes?",llm-zoomcamp,f3dd94f323
Where should I place the `.wslconfig` file in my Windows user profile directory to ensure it affects my WSL2 configuration?,llm-zoomcamp,f3dd94f323
What verification method can I use within WSL to confirm that the increased RAM allocation has been successfully implemented?,llm-zoomcamp,f3dd94f323
Why am I encountering a Server Error (500) when trying to log in with GitHub for the llm-zoomcamp course homework?,llm-zoomcamp,c774542f32
What error message appears when attempting to use third-party login via GitHub in the course homework system?,llm-zoomcamp,c774542f32
Is there an alternative method to submit homework answers if GitHub login is unreliable for the llm-zoomcamp course?,llm-zoomcamp,c774542f32
Which third-party accounts are currently supported for logging into the course homework platform for llm-zoomcamp?,llm-zoomcamp,c774542f32
"Will the GitHub login issue affecting the llm-zoomcamp course homework be resolved in a future update, or should students continue using alternative methods like Google or Slack?",llm-zoomcamp,c774542f32
What specific foundational concepts are we covering before diving into Langchain?,llm-zoomcamp,b7cdde6b25
"How does learning the basics of LLMs and retrieval-augmented generation (RAG) compare to learning front-end web development languages like HTML, CSS, and JavaScript prior to using frameworks such as React or Angular?",llm-zoomcamp,b7cdde6b25
Why is it beneficial to master the underlying principles of large language models (LLMs) and RAG before engaging with advanced tooling like Langchain?,llm-zoomcamp,b7cdde6b25
What core topics will be addressed in Module 1 to prepare us for understanding and utilizing Langchain effectively later in the course?,llm-zoomcamp,b7cdde6b25
In what ways does delaying the use of Langchain enhance our ability to build more robust and tailored LLM-powered applications?,llm-zoomcamp,b7cdde6b25
"What is the most likely cause of the error ""OpenAI API Error: Insufficient credits"" when executing the `chat.completions.create` command?",llm-zoomcamp,f5df151c59
In which module of the 'llm-zoomcamp' course does this issue typically appear?,llm-zoomcamp,f5df151c59
How might a user resolve the insufficient credit problem to successfully run the `chat.completions.create` command?,llm-zoomcamp,f5df151c59
Is there any specific function or parameter within the OpenAI Python SDK that needs adjustment to prevent this error?,llm-zoomcamp,f5df151c59
Where can students find additional troubleshooting steps for API-related errors in Module 1 of 'llm-zoomcamp'?,llm-zoomcamp,f5df151c59
What does the error message 'RateLimitError: Error code: 429 - insufficient_quota' indicate about my OpenAI API usage?,llm-zoomcamp,152af39a53
How can I check and update my billing details to resolve quota limitations on the OpenAI platform?,llm-zoomcamp,152af39a53
"After adding funds, what specific steps should I follow to ensure successful execution of my Python script using the OpenAI API?",llm-zoomcamp,152af39a53
Which models are available for me to use in the `chat.completions.create` function after updating my account balance?,llm-zoomcamp,152af39a53
"Do I need to regenerate an API key after adding credits, and if so, how do I update it locally?",llm-zoomcamp,152af39a53
Why am I encountering the error 'Cannot import name OpenAI from openai' in my Python script?,llm-zoomcamp,35e1ef85a1
What specific version of the `openai` package should I update to resolve this import issue?,llm-zoomcamp,35e1ef85a1
Is upgrading the `openai` library to a version greater than 0.27.0 sufficient to fix the error mentioned?,llm-zoomcamp,35e1ef85a1
"After updating the `openai` package, will the 'Cannot import name OpenAI' error be completely eliminated?",llm-zoomcamp,35e1ef85a1
"In the context of Module 1: Introduction to LLMs and RAG from the llm-zoomcamp course, what steps should I follow to rectify the import problem?",llm-zoomcamp,35e1ef85a1
What is the minimum amount I need to load onto my account to start using the OpenAI API?,llm-zoomcamp,554d0eb78b
How much does a typical request to the OpenAI API cost in terms of monetary value?,llm-zoomcamp,554d0eb78b
"If I perform only one query with the OpenAI API, approximately how much will it cost me?",llm-zoomcamp,554d0eb78b
What payment tier should I select if I want to keep my initial usage expenses minimal for testing purposes?,llm-zoomcamp,554d0eb78b
Can you confirm that even a single use of the OpenAI API will not exceed a few cents in cost?,llm-zoomcamp,554d0eb78b
Will I need to purchase an OpenAI API subscription to finish the assignments in this course?,llm-zoomcamp,85384a18e5
Is there any cost associated with using the OpenAI API for completing homework tasks in llm-zoomcamp?,llm-zoomcamp,85384a18e5
Can I access the required language model capabilities without paying for OpenAI services during the course?,llm-zoomcamp,85384a18e5
Are there free alternatives provided for the OpenAI API that I can use instead of subscribing?,llm-zoomcamp,85384a18e5
Does the course offer guidance on how to utilize open-source or no-cost options for the API in place of paid services?,llm-zoomcamp,85384a18e5
How do I securely store multiple API keys in a YAML file for use in my Jupyter notebook?,llm-zoomcamp,8d23fe792f
What steps should I take to ensure that my `api_keys.yml` file is not accidentally committed or shared with others?,llm-zoomcamp,8d23fe792f
"Which Python library is required to load the API keys from a YAML configuration file, and how do I install it?",llm-zoomcamp,8d23fe792f
"Can you provide the exact code snippet needed to read and access an API key (e.g., Groq) stored in `api_keys.yml` within my Jupyter notebook?",llm-zoomcamp,8d23fe792f
What are the advantages of loading API keys directly from a local YAML file compared to using environment variables?,llm-zoomcamp,8d23fe792f
What is the recommended way to securely store API keys for a Python application?,llm-zoomcamp,233dabe430
How do I load environment variables from a `.env` file in a Python script?,llm-zoomcamp,233dabe430
Which Python packages are needed to read API keys stored in a `.env` file?,llm-zoomcamp,233dabe430
"Where should the `.env` file be placed relative to my Python script, and how do I specify its path in `load_dotenv`?",llm-zoomcamp,233dabe430
"Why is it important to add the `.env` file to `.gitignore`, and what effect does this have on version control?",llm-zoomcamp,233dabe430
**Why is my `OPENAI_API_KEY` not recognized when I run the Jupyter notebook?**,llm-zoomcamp,86d99bbf21
**Can you explain how to set up `direnv` to manage my API key for the LLM-ZoomCamp module?**,llm-zoomcamp,86d99bbf21
What should I do if I receive an error indicating that the `api_key` client option is missing after installing `dotenv`?,llm-zoomcamp,86d99bbf21
How can I configure GitHub Codespaces Secrets to provide the `OPENAI_API_KEY` during a coding session in the course?,llm-zoomcamp,86d99bbf21
Is there a way to ensure my API key is securely accessible without manually entering it each time I start a new Jupyter notebook for Module 1?,llm-zoomcamp,86d99bbf21
How can I estimate the token count for a message in the GPT-4o model without an OpenAI API key?,llm-zoomcamp,fe8fed31e6
What Python library is recommended for tokenizing text with respect to the GPT-4o model's token limits?,llm-zoomcamp,fe8fed31e6
Can you provide a code snippet demonstrating how to use `tiktoken` to determine the number of tokens in a given prompt?,llm-zoomcamp,fe8fed31e6
Is there any documentation or guide on integrating `tiktoken` into my existing Groq workflow for token counting?,llm-zoomcamp,fe8fed31e6
What specific steps should I follow to install and utilize the `tiktoken` library for accurate token estimation in homework question 6?,llm-zoomcamp,fe8fed31e6
Is it possible to substitute Groq for OpenAI in our course projects without requiring paid services?,llm-zoomcamp,ee43413718
How can I modify the provided codebase to work with alternative LLM platforms like Groq?,llm-zoomcamp,ee43413718
Does the homework assignment accommodate local execution of models from different providers such as Groq?,llm-zoomcamp,ee43413718
What resources or documentation should I consult to adapt the existing code for using Groq instead of OpenAI?,llm-zoomcamp,ee43413718
Are there any specific adjustments needed in the project setup to ensure compatibility with non-OpenAI LLMs like Groq?,llm-zoomcamp,ee43413718
Is it possible for me to utilize open-source alternatives instead of the OpenAI API while learning in the llm-zoomcamp course?,llm-zoomcamp,3fd5c51182
Where can I find information about alternative open-source options to the OpenAI API within the context of Module 1: Introduction to LLMs and RAG from the llm-zoomcamp program?,llm-zoomcamp,3fd5c51182
Does the llm-zoomcamp curriculum provide resources detailing non-proprietary alternatives to the OpenAI API for students in Module 1?,llm-zoomcamp,3fd5c51182
Could you direct me to a specific document or module within llm-zoomcamp that lists open-source substitutes for the OpenAI API relevant to the Introduction to LLMs and RAG section?,llm-zoomcamp,3fd5c51182
"In the course material for Module 1 of llm-zoomcamp, titled 'Introduction to LLMs and RAG', is there guidance on employing open-source replacements for the OpenAI API?",llm-zoomcamp,3fd5c51182
"What does the error message 'RateLimitError: Error code: 429 - {'error': {'message': 'You exceeded your current quota...','type': 'insufficient_quota'}}' indicate about my OpenAI account?",llm-zoomcamp,6e1d8a7b29
"If my OpenAI account has no paid credit, how much additional credit should I add to resolve the 'insufficient_quota' error?",llm-zoomcamp,6e1d8a7b29
Can I temporarily wait out the 'RateLimitError 429' or is it a permanent issue due to lack of quota?,llm-zoomcamp,6e1d8a7b29
What are the recommended alternatives if I prefer not to add credit to my OpenAI account to fix the insufficient quota problem?,llm-zoomcamp,6e1d8a7b29
Where can I find a curated list of free or low-cost OpenAI-compatible providers for running LLMs without incurring additional costs?,llm-zoomcamp,6e1d8a7b29
Why do I receive an empty list when filtering my query in the homework assignment?,llm-zoomcamp,83da208a64
What is the correct order of operations to avoid errors when indexing data for a filtered query?,llm-zoomcamp,83da208a64
How should I set up index settings before adding data to ensure successful querying?,llm-zoomcamp,83da208a64
What specific error might occur if index settings are not established prior to data insertion?,llm-zoomcamp,83da208a64
"In the context of Module 1, what steps must be taken to enable effective filtering after data is added to indices?",llm-zoomcamp,83da208a64
Why am I encountering a SyntaxError with the invalid character '·' (U+00B7) when executing my locally downloaded copy of minsearch?,llm-zoomcamp,f3a92e7c81
"What is the difference between saving the GitHub HTML page versus downloading the raw Python file for minsearch, and how does it affect execution?",llm-zoomcamp,f3a92e7c81
How can I correctly download the raw Python file from GitHub to avoid syntax errors during the execution of minsearch?,llm-zoomcamp,f3a92e7c81
"If I prefer not to manually download files, what alternative method can I use to ensure I get an error-free installation of minsearch?",llm-zoomcamp,f3a92e7c81
What command should I run in my terminal to install minsearch directly from PyPI without facing any character encoding issues?,llm-zoomcamp,f3a92e7c81
I encountered a `ModuleNotFoundError` when trying to import `docx` in the `parse-faq.ipynb` notebook. What should I do?,llm-zoomcamp,cf93377279
"In the 'Introduction to LLMs and RAG' module of the llm-zoomcamp course, how do I resolve an error related to importing the `docx` package?",llm-zoomcamp,cf93377279
"While executing code from the parse-faq.ipynb file in Module 1 of llm-zoomcamp, I get a `ModuleNotFoundError`. The record mentions `python-docx`, but my import statement uses `docx`. How can I fix this?",llm-zoomcamp,cf93377279
"During the installation process for the LLM ZoomCamp course's first module on LLMs and RAG, why am I receiving an error when importing `docx` in the Jupyter notebook?",llm-zoomcamp,cf93377279
"What is the correct package name to use for Word document processing in Python when working with the parse-faq.ipynb notebook from Module 1 of the llm-zoomcamp course, and how do I install it properly?",llm-zoomcamp,cf93377279
How can I accurately count tokens for a Gemini model?,llm-zoomcamp,4d8c1f5b3a
What is the recommended method for token counting with Hugging Face models?,llm-zoomcamp,4d8c1f5b3a
Which tokenizer should be used for Mistral models to get correct token counts?,llm-zoomcamp,4d8c1f5b3a
Why is `tiktoken` not suitable as a generic fallback for non-OpenAI models?,llm-zoomcamp,4d8c1f5b3a
Can you provide an example of using the native tokenizer for a Meta Llama-3.1 model?,llm-zoomcamp,4d8c1f5b3a
Why might the token count reported by `tiktoken.encode()` differ from the count shown in OpenAI's API response?,llm-zoomcamp,bf0403d21b
"What structural tokens are added for each message in a `chat.completions.create()` call, and how many do they amount to?",llm-zoomcamp,bf0403d21b
How many global tokens does OpenAI add at the beginning of the assistant's response generation?,llm-zoomcamp,bf0403d21b
"Which factors can cause variations in the token count beyond the visible text content, such as newlines or specific Unicode characters?",llm-zoomcamp,bf0403d21b
"In the context of a chat completion request with multiple user and assistant messages, how are internal token additions distributed across the conversation?",llm-zoomcamp,bf0403d21b
How can I configure API keys so they are automatically applied when entering a specific project directory without needing to re-export them in every terminal session?,llm-zoomcamp,8b2f5e9d04
"What tool can be used to manage environment variables scoped to a particular project, ensuring they are loaded each time the directory is navigated?",llm-zoomcamp,8b2f5e9d04
"Could you explain the steps to set up `direnv` for managing API keys in a local project, including installation and configuration details?",llm-zoomcamp,8b2f5e9d04
How should I ensure that sensitive files like `.envrc` containing API keys do not get accidentally committed to version control?,llm-zoomcamp,8b2f5e9d04
What alternative method is recommended for storing API keys when working with GitHub Codespaces instead of using local environment files?,llm-zoomcamp,8b2f5e9d04
What are the steps to install Ollama on a macOS system?,llm-zoomcamp,1d0b969028
How can I download and install the Ollama package for Windows?,llm-zoomcamp,1d0b969028
What command should I run in a Linux terminal to install Ollama?,llm-zoomcamp,1d0b969028
"After installation, how do I start the LLaMA 3 model locally using Ollama?",llm-zoomcamp,1d0b969028
Where can I find the JSON response indicating successful setup of the Ollama local server?,llm-zoomcamp,1d0b969028
What command should I use to restart the Ollama server when I get a connection refused error?,llm-zoomcamp,c6fc2d4d11
How can I resolve the 'connection refused' issue while executing prompts in the Ollam RAG during the homework assignment?,llm-zoomcamp,c6fc2d4d11
"In Module 2 of the llm-zoomcamp course, what specific action is recommended if the Ollama server fails to connect as expected?",llm-zoomcamp,c6fc2d4d11
What steps are required to ensure successful reinitialization of the Ollama service after encountering a connection error in the notebook environment?,llm-zoomcamp,c6fc2d4d11
"According to the FAQ for the llm-zoomcamp course under Module 2: Agents, what is the procedure to address a persistent 'connection refused' notification when attempting to run prompts through the Ollam RAG?",llm-zoomcamp,c6fc2d4d11
Which Groq models provide tool use capabilities?,llm-zoomcamp,0d74a3616f
What are the free models that support tool use for development?,llm-zoomcamp,0d74a3616f
How can I access documentation on using tool use with Groq models?,llm-zoomcamp,0d74a3616f
Are there any limitations to the free usage of Groq models with tool use support?,llm-zoomcamp,0d74a3616f
Where can I find more information about deploying free Groq models with integrated tool functionality?,llm-zoomcamp,0d74a3616f
Why does calling `asyncio.run()` in a Jupyter notebook result in a `RuntimeError`?,llm-zoomcamp,7c4e1a3b58
How can I correctly execute an asynchronous coroutine within a Jupyter notebook cell without encountering the `RuntimeError`?,llm-zoomcamp,7c4e1a3b58
What is the appropriate way to await a coroutine directly inside a notebook cell?,llm-zoomcamp,7c4e1a3b58
"How should I run the FastMCP server associated with the agents homework, and why can't it be started from inside the notebook?",llm-zoomcamp,7c4e1a3b58
Are there any specific instructions for executing the 'run the server' question in the agents homework regarding the use of asyncio?,llm-zoomcamp,7c4e1a3b58
Why did my tool raise a validation error when I passed a float as input?,llm-zoomcamp,5beafdd0c8
What does FastMCP use to validate the types of inputs for tools?,llm-zoomcamp,5beafdd0c8
How can I ensure that the values in the JSON payload match the expected types defined in the tool's schema?,llm-zoomcamp,5beafdd0c8
"In the context of FastMCP, what is the difference between using 'number' and other data types like 'string' or 'boolean'?",llm-zoomcamp,5beafdd0c8
Can you provide an example of how to structure a JSON input so that it adheres to a tool's declaration where the property 'temp' expects a numeric value?,llm-zoomcamp,5beafdd0c8
Which non-OpenAI models are confirmed to support tool or function calling in the llm-zoomcamp course?,llm-zoomcamp,2a8f6c4d91
What specific model names from Groq are listed as working alternatives for tool calling?,llm-zoomcamp,2a8f6c4d91
"How does the schema for tool calling on Mistral's models differ from OpenAI's, and what should be considered when adapting code for it?",llm-zoomcamp,2a8f6c4d91
What is the process to use Google Gemini's function-calling capabilities through its OpenAI-compatible endpoint?,llm-zoomcamp,2a8f6c4d91
Can you provide an example of how to implement tool support with Ollama’s `llama3.1` model in a local setup?,llm-zoomcamp,2a8f6c4d91
What prerequisites must be met before installing the MCP Inspector?,llm-zoomcamp,d09e8d4843
Could you provide the exact command to install the MCP Inspector using npm?,llm-zoomcamp,d09e8d4843
In which module of the llm-zoomcamp course is the installation guide for MCP Inspector located?,llm-zoomcamp,d09e8d4843
What is the unique identifier for the FAQ record pertaining to the MCP Inspector installation?,llm-zoomcamp,d09e8d4843
Is there any additional setup required after running the npm install command for the MCP Inspector?,llm-zoomcamp,d09e8d4843
What error occurs when using the OpenAI Responses API with a non-OpenAI model?,llm-zoomcamp,9e7b3f0c25
Why does the 'AttributeError: 'str' object has no attribute 'output'' appear in this context?,llm-zoomcamp,9e7b3f0c25
How should I retrieve the response content from a non-OpenAI provider such as Mistral or Groq?,llm-zoomcamp,9e7b3f0c25
What is the correct method to call the chat-completions API for a model hosted by a third-party provider?,llm-zoomcamp,9e7b3f0c25
How can I adjust the tools schema when making requests to a non-OpenAI model via the OpenAI-compatible APIs?,llm-zoomcamp,9e7b3f0c25
How do I launch the MCP Inspector for debugging purposes in Module 2 of the llm-zoomcamp course?,llm-zoomcamp,42c7af7ed5
What command should be entered into the terminal to start the MCP Inspector as described in the FAQ record with ID 42c7af7ed5?,llm-zoomcamp,42c7af7ed5
"In the context of the llm-zoomcamp course, specifically within Module 2 on Agents, what is the exact procedure to initiate the MCP Inspector tool?",llm-zoomcamp,42c7af7ed5
Could you provide the precise terminal instruction needed to run the MCP Inspector according to the FAQ entry for this course module?,llm-zoomcamp,42c7af7ed5
What sequence of actions must be taken to execute the MCP Inspector as outlined in the FAQ record associated with Module 2 of llm-zoomcamp?,llm-zoomcamp,42c7af7ed5
How do I connect to the MCP Server?,llm-zoomcamp,9c2fd5451c
What information can be listed from the MCP Server using the inspector?,llm-zoomcamp,9c2fd5451c
Could you provide a link to a tutorial on testing the MCP Server with the MCP Inspector?,llm-zoomcamp,9c2fd5451c
Which images in the FAQ show the process of inspecting the MCP Server?,llm-zoomcamp,9c2fd5451c
In which module and course is the topic of inspecting the MCP Server covered?,llm-zoomcamp,9c2fd5451c
"What error occurs when attempting to use `asyncio.run()` within a Jupyter notebook cell, and why does it happen?",llm-zoomcamp,f96fde1726
How can I properly execute asynchronous code in a Jupyter notebook without encountering the `RuntimeError` related to an already running asyncio event loop?,llm-zoomcamp,f96fde1726
What is the difference between using `asyncio.run(main())` and `await main()` in the context of executing async functions in a Jupyter notebook?,llm-zoomcamp,f96fde1726
"Why does Jupyter Notebook automatically create an asyncio event loop, and how does this affect the execution of asynchronous code?",llm-zoomcamp,f96fde1726
Can you provide a corrected example that demonstrates how to call an asynchronous function within a Jupyter notebook cell without triggering the `RuntimeError: Already running asyncio in this thread`?,llm-zoomcamp,f96fde1726
Why am I encountering a 'Missing required parameter: 'tools[0].function'' error when using Azure OpenAI?,llm-zoomcamp,b9c7c6bb34
What modification should I make to the `get_weather_tool` JSON to resolve the missing required parameter issue?,llm-zoomcamp,b9c7c6bb34
How can I correctly define the function parameters in the `get_weather_tool` JSON for the Azure OpenAI service?,llm-zoomcamp,b9c7c6bb34
Which specific JSON structure is necessary for the `function` field within `get_weather_tool` to avoid the 400 error code?,llm-zoomcamp,b9c7c6bb34
What is the exact JSON configuration needed for the `tools[0].function` parameter to ensure proper functioning with Azure OpenAI?,llm-zoomcamp,b9c7c6bb34
How do embeddings convert categorical data into numerical representations while maintaining contextual relationships?,llm-zoomcamp,69430a79a8
What role does the vector space model play in the process of embedding non-numerical data for semantic similarity analysis?,llm-zoomcamp,69430a79a8
Can you explain how dimensionality reduction techniques are utilized alongside embeddings to improve computational efficiency and performance?,llm-zoomcamp,69430a79a8
"In what ways do similar inputs translate into numerically proximate outputs through the embedding mechanism, and why is this property important for downstream tasks such as information retrieval?",llm-zoomcamp,69430a79a8
"How can I eliminate the warning 'model ""multi-qa-mpnet-base-dot-v1"" was made on sentence transformers v3.0.0 bet' in my Python environment?",llm-zoomcamp,aa3f597424
What specific version of `sentence-transformers` resolves the compatibility issue causing this warning?,llm-zoomcamp,aa3f597424
Could you provide the exact pip command to update `sentence-transformers` and remove the aforementioned warning?,llm-zoomcamp,aa3f597424
"After updating `sentence-transformers`, will any existing models require retraining or can they be used directly?",llm-zoomcamp,aa3f597424
"In the context of Module 3: Vector Search from the llm-zoomcamp course, what steps should I follow to suppress this particular warning?",llm-zoomcamp,aa3f597424
"In the lesson, why was it correct to use `.dot(...)` directly for computing cosine similarity when obtaining embeddings from `model.encode(...)`?",llm-zoomcamp,92cd22cada
What assumption about the embeddings allows the dot product to be equivalent to cosine similarity in the lesson?,llm-zoomcamp,92cd22cada
"For the homework assignments involving classic embeddings like TF-IDF + SVD, why is normalization necessary before calculating cosine similarity?",llm-zoomcamp,92cd22cada
"If embeddings are not normalized by default, how does this affect the reliability of using dot products as a measure of similarity?",llm-zoomcamp,92cd22cada
What specific step must be taken with non-normalized embeddings to ensure that the dot product accurately reflects cosine similarity?,llm-zoomcamp,92cd22cada
"In the context of vector search for LLM applications, what are the three embedding options presented in the course materials?",llm-zoomcamp,5c4a8d2e60
How does embedding only the answer (`text`) affect semantic similarity between user queries and indexed answers according to the FAQ record?,llm-zoomcamp,5c4a8d2e60
What is the advantage of embedding only the question when performing vector search as described in the module on vector search?,llm-zoomcamp,5c4a8d2e60
"Why might concatenating the question and text into a single embedding produce slightly higher costs, and what is its typical effectiveness compared to other methods?",llm-zoomcamp,5c4a8d2e60
"What metric should be used to evaluate and compare the performance of different embedding strategies (question-only, answer-only, or combined) as suggested in the course FAQ?",llm-zoomcamp,5c4a8d2e60
Can you explain how cosine similarity is calculated between two vectors?,llm-zoomcamp,db78580409
"In what range does the cosine similarity value fall, and what do the extremes signify in terms of vector alignment?",llm-zoomcamp,db78580409
How is cosine similarity applied in text analysis for comparing document content?,llm-zoomcamp,db78580409
What are typical vector representations used when computing cosine similarity in document comparison?,llm-zoomcamp,db78580409
Why might cosine similarity be preferred over other similarity measures for assessing document similarity?,llm-zoomcamp,db78580409
How does normalizing vectors to unit length affect cosine similarity calculations?,llm-zoomcamp,95feb4e75b
In what way can matrix multiplication be used to efficiently compute cosine similarities between a query and multiple document embeddings?,llm-zoomcamp,95feb4e75b
What is the relationship between normalized vector magnitudes and cosine similarity in the context of information retrieval?,llm-zoomcamp,95feb4e75b
Why are dot products appropriate for measuring alignment between cosine-similarity-processed vectors?,llm-zoomcamp,95feb4e75b
How does Module 3 of the 'llm-zoomcamp' course explain the computational advantages of using matrix operations for cosine similarity in large-scale text analysis?,llm-zoomcamp,95feb4e75b
How can I ensure that the LLM outputs a clean JSON object without surrounding markdown or explanatory text?,llm-zoomcamp,a3c7e1b4f9
What parameter should I set in the OpenAI API call to force the response to be parsed as JSON?,llm-zoomcamp,a3c7e1b4f9
"Could you provide an example of how to explicitly instruct the model to produce output with a specific JSON structure, such as a single key 'questions' containing a list of strings?",llm-zoomcamp,a3c7e1b4f9
Are there equivalent settings for other language models like Gemini or Groq to enforce JSON output?,llm-zoomcamp,a3c7e1b4f9
What is the common error message I should expect if the JSON parsing fails due to unexpected formatting from the LLM?,llm-zoomcamp,a3c7e1b4f9
Why does the Jupyter kernel crash when embedding the ground-truth set in our evaluation process?,llm-zoomcamp,b8f2d6a30c
What specific embedder model can I use as a replacement to prevent memory issues without significantly affecting hit-rate or MRR metrics?,llm-zoomcamp,b8f2d6a30c
How can I separate the embedding step from the Jupyter notebook environment to avoid running out of RAM?,llm-zoomcamp,b8f2d6a30c
"If I choose to use a Codespaces machine with more RAM, what settings should I adjust in my project configuration?",llm-zoomcamp,b8f2d6a30c
What coding techniques can be applied to process large ground-truth sets in batches and manually clear memory between iterations within the notebook?,llm-zoomcamp,b8f2d6a30c
"What are the specific rate limits for free-tier Gemini when generating a ground-truth dataset, and how does `time.sleep(4)` affect them?",llm-zoomcamp,c1e9f4b820
"If I encounter both per-minute and per-day rate limits while creating the ground-truth dataset, which paid option is recommended to handle high request volumes affordably?",llm-zoomcamp,c1e9f4b820
How can I configure my script to save progress periodically during a long-running generation process to avoid losing work if the per-day quota is exceeded?,llm-zoomcamp,c1e9f4b820
What are the pros and cons of using Groq's free tier (`llama-3.3-70b-versatile`) compared to paying for OpenAI’s `gpt-4o-mini` when generating embeddings or large datasets?,llm-zoomcamp,c1e9f4b820
"In a multi-threaded approach, what concurrency settings should I use to prevent hitting rate limits while still making efficient API calls?",llm-zoomcamp,c1e9f4b820
Why am I encountering an 'OSError: [WinError 126]' when trying to import PyTorch in my Windows environment?,llm-zoomcamp,15e931476c
"What specific DLL file is causing the failure to load, and where is it located on my system?",llm-zoomcamp,15e931476c
How can I resolve the issue by installing the Visual C++ Redistributable package?,llm-zoomcamp,15e931476c
Is it necessary to install the full version of Visual Studio instead of just Visual Studio Code to fix this error?,llm-zoomcamp,15e931476c
Can you provide a direct link or additional resources for troubleshooting missing fbgemm.dll dependencies in PyTorch on Windows?,llm-zoomcamp,15e931476c
"I am encountering an OperationalError while executing `python prep.py`, specifically `psycopg2.OperationalError: could not translate host name ""postgres"" to address: No such host is known`. What steps should I take to fix this problem?",llm-zoomcamp,4b65d5542d
"In the context of Module 5 on Monitoring within the llm-zoomcamp course, how do I modify the `.env` file to correctly configure the PostgreSQL host when I receive a 'could not translate host name ""postgres""' error?",llm-zoomcamp,4b65d5542d
What is the correct value for the `POSTGRES_HOST` variable in the `.env` configuration file to resolve the 'No such host is known' error during the execution of `prep.py`?,llm-zoomcamp,4b65d5542d
"When running into an OperationalError related to PostgreSQL host translation ('could not translate host name ""postgres""'), which specific line in the `.env` file should be updated, and what should it be set to according to the llm-zoomcamp course instructions?",llm-zoomcamp,4b65d5542d
"How can I prevent the error 'could not translate host name ""postgres"" to address: No such host is known' when executing `python prep.py`, by adjusting settings within the `.env` file as described in Module 5 of the llm-zoomcamp curriculum?",llm-zoomcamp,4b65d5542d
"What is the default maximum column width setting in Pandas, and how does it affect text display?",llm-zoomcamp,641aedbbf5
How can I configure Pandas to display the full content of a text column without truncation?,llm-zoomcamp,641aedbbf5
Which Pandas option should be modified to view entire explanations from an LLM judge in the offline-rag-evaluation notebook?,llm-zoomcamp,641aedbbf5
What value must be assigned to `display.max_colwidth` to enable unrestricted column width for long textual data?,llm-zoomcamp,641aedbbf5
Where can I find detailed documentation explaining how to adjust Pandas display options for large text fields?,llm-zoomcamp,641aedbbf5
What is the purpose of normalizing vectors in a Pandas DataFrame column?,llm-zoomcamp,5039707c1a
How can I apply a normalization function to each vector in a specific Pandas Series?,llm-zoomcamp,5039707c1a
Which method from NumPy is used to calculate the norm of a vector in the provided code snippet?,llm-zoomcamp,5039707c1a
"If I have a DataFrame `df` with an original column named 'org_col', how do I create a new normalized column called 'new_col' using the given lambda function?",llm-zoomcamp,5039707c1a
"In the context of this course, under which module and lesson would you typically find information on vector normalization techniques?",llm-zoomcamp,5039707c1a
What method should I use in a Pandas DataFrame to find the 75th percentile of values in a specific column?,llm-zoomcamp,b4c8ac5a0c
"How can I retrieve the quantile value for a given probability (e.g., 0.75) from a Pandas Series?",llm-zoomcamp,b4c8ac5a0c
"In Python's Pandas library, what syntax is used to calculate the 0.75 quantile for a DataFrame column named 'col'?",llm-zoomcamp,b4c8ac5a0c
Which function in Pandas allows me to compute a custom percentile (like the 75th percentile) of data stored in a Series or DataFrame column?,llm-zoomcamp,b4c8ac5a0c
How do I specify the `q` parameter when using the `.quantile()` method to obtain the 75% percentile from a DataFrame column?,llm-zoomcamp,b4c8ac5a0c
"What command should I use to forcefully remove all Docker containers, including those that are currently running?",llm-zoomcamp,66ccbb7da0
How do I delete every Docker image stored on my system using the terminal?,llm-zoomcamp,66ccbb7da0
Which terminal command will erase all Docker volumes?,llm-zoomcamp,66ccbb7da0
Is there a single command sequence in Module 5 that clears Docker builds in addition to containers and images?,llm-zoomcamp,66ccbb7da0
"In the context of 'llm-zoomcamp' coursework, how can I ensure no leftover Docker resources remain after executing the cleanup commands provided?",llm-zoomcamp,66ccbb7da0
How can I ensure that a user can only provide feedback once per submission using Streamlit's `st.session_state`?,llm-zoomcamp,2e729f1271
"What is the correct way to disable feedback buttons after they have been pressed once, given the issue with `st.session.submitted` being reassigned unexpectedly?",llm-zoomcamp,2e729f1271
"In Streamlit, how do I maintain a flag (`st.session.submitted`) that accurately reflects whether a user has already submitted feedback to prevent multiple submissions?",llm-zoomcamp,2e729f1271
Where can I find a detailed solution or discussion on why `st.session.submitted` might be getting reset and how to properly handle session state for single feedback submission in Streamlit?,llm-zoomcamp,2e729f1271
What steps should I follow to implement a mechanism in my Streamlit app that tracks user submissions and disables further feedback options immediately after one response is given?,llm-zoomcamp,2e729f1271
"I'm attempting to run a Streamlit application with Docker Compose, but I encounter the error: 'unable to start container process: exec: ""streamlit"": executable file not found in $PATH'. The app functions correctly when executed outside of Docker Compose. How can I troubleshoot and resolve this issue?",llm-zoomcamp,e8df9f0d12
"In Module 6 of the llm-zoomcamp course, under Best Practices, what steps are recommended to ensure a Streamlit app runs successfully within a Docker Compose setup without encountering missing executable errors?",llm-zoomcamp,e8df9f0d12
What specific configuration changes in `docker-compose.yml` are necessary when deploying a Streamlit application inside a Docker container to avoid the error related to the 'streamlit' executable not being found?,llm-zoomcamp,e8df9f0d12
"After rebuilding and restarting the Docker containers using `docker-compose up --build`, does the Streamlit application continue to operate correctly, or are there additional steps required post-rebuild?",llm-zoomcamp,e8df9f0d12
"If the initial Dockerfile setup for a Streamlit app is incomplete, what essential instruction should be added to ensure that the 'streamlit' command is recognized within the container environment?",llm-zoomcamp,e8df9f0d12
Will I be working with classmates on the final project for this course?,llm-zoomcamp,0fab61eca2
Is the capstone assignment meant to be completed individually or as part of a team?,llm-zoomcamp,0fab61eca2
Does the 'llm-zoomcamp' curriculum require collaboration among students for the main project?,llm-zoomcamp,0fab61eca2
Are solo projects expected for the capstone component in this program?,llm-zoomcamp,0fab61eca2
How is the independence level required for the 'llm-zoomcamp' capstone project?,llm-zoomcamp,0fab61eca2
"Is it mandatory to submit only one project for the Capstone Project in the llm-zoomcamp course, or can I submit two projects with different datasets and problem statements?",llm-zoomcamp,d5fc98925d
"What happens if my first attempt at submitting the project fails, and how many opportunities do I have to resubmit?",llm-zoomcamp,d5fc98925d
"If I miss the attempt#1 submission window, am I still eligible to submit during the attempt#2 submission window without penalty?",llm-zoomcamp,d5fc98925d
Does participating in the peer-review of three peers in my cohort affect my certification eligibility even if I submit a project after the initial submission window?,llm-zoomcamp,d5fc98925d
What are the consequences of not submitting any project if I choose not to participate in the Capstone Project despite having the option to resubmit?,llm-zoomcamp,d5fc98925d
Is participation in the math-Kaggle-LLM competition considered part of the required coursework for the llm-zoomcamp?,llm-zoomcamp,e892d44e42
"Can students form teams to work on the math-Kaggle-LLM competition, and does this affect eligibility for receiving course credit?",llm-zoomcamp,e892d44e42
What distinguishes the capstone project from the optional mathematics competition in terms of assessment criteria and deliverables?,llm-zoomcamp,e892d44e42
Are there any restrictions or guidelines regarding team formation for the math-Kaggle-LLM competition that differ from those of the capstone project?,llm-zoomcamp,e892d44e42
"How does successful completion of the math-Kaggle-LLM competition influence, if at all, the evaluation process for the individual capstone submission?",llm-zoomcamp,e892d44e42
What is the process for evaluating my capstone project in the 'llm-zoomcamp' course?,llm-zoomcamp,9a2e2d2008
"How many students will review my submitted capstone project, and how are they selected?",llm-zoomcamp,9a2e2d2008
Am I required to grade other students' projects as part of the evaluation process?,llm-zoomcamp,9a2e2d2008
"If I fail to comply with the peer review requirements, what consequences might I face regarding my course certificate?",llm-zoomcamp,9a2e2d2008
Where can I find the detailed guidelines that define the criteria used for evaluating capstone project submissions?,llm-zoomcamp,9a2e2d2008
What is the process for receiving project assignments after submissions close?,llm-zoomcamp,eae0fb50aa
How many projects will each student be responsible for reviewing?,llm-zoomcamp,eae0fb50aa
Will the assigned projects be distributed evenly among participants?,llm-zoomcamp,eae0fb50aa
When can students expect to access the Excel sheet containing their review tasks?,llm-zoomcamp,eae0fb50aa
Is there a specific timeline within which reviews must be completed once projects are assigned?,llm-zoomcamp,eae0fb50aa
"After submitting my project, when will I be able to start reviewing other projects?",llm-zoomcamp,a8a7fef016
Is there a way for me to select specific projects to evaluate once the assignment list is released?,llm-zoomcamp,a8a7fef016
What happens if I miss the deadline to submit my own project? Can I still participate in reviewing others' projects?,llm-zoomcamp,a8a7fef016
How are the projects distributed among evaluators after the submission period ends?,llm-zoomcamp,a8a7fef016
Will I receive any guidance or resources to help me effectively evaluate the assigned projects?,llm-zoomcamp,a8a7fef016
Where can I locate a curated list of suitable project ideas and accompanying datasets for the capstone project in the llm-zoomcamp course?,llm-zoomcamp,e76a70cde3
What resources are provided to guide students in selecting appropriate topics and data sources for their final projects?,llm-zoomcamp,e76a70cde3
Is there an online repository or page that offers suggestions and examples of datasets relevant to the llm-zoomcamp project requirements?,llm-zoomcamp,e76a70cde3
How do I access recommendations for project themes along with dataset links specifically tailored for the llm-zoomcamp course capstone assignment?,llm-zoomcamp,e76a70cde3
Could you direct me to a detailed document or GitHub link that outlines possible project concepts and associated data sets for the llm-zoomcamp course?,llm-zoomcamp,e76a70cde3
"Is it necessary to incorporate an orchestration tool such as Airflow, Mage, or Kestra into my capstone project for full evaluation of the ingestion pipeline criterion?",llm-zoomcamp,d4f7c08ea1
"Will a simple Python script that handles data ingestion and indexing be sufficient to earn maximum points under the ""ingestion pipeline"" assessment?",llm-zoomcamp,d4f7c08ea1
"If I choose to use a Jupyter notebook instead of a standalone Python script for the data processing steps, what will be the point allocation compared to a full Python script?",llm-zoomcamp,d4f7c08ea1
"Under what circumstances would it be appropriate to include an orchestrator in my project, and when should I avoid adding one just to meet evaluation criteria?",llm-zoomcamp,d4f7c08ea1
"Can you provide examples of scenarios where using an orchestrator like Airflow or Kestra would genuinely enhance the capstone project, such as for recurring data feeds?",llm-zoomcamp,d4f7c08ea1
"In a recommender-style RAG system without direct Q&A ground truth, what method can be used to generate synthetic user queries for evaluation?",llm-zoomcamp,9b0e2d6a47
How is the performance of a recommender-style RAG evaluated using an LLM as a judge for end-to-end quality?,llm-zoomcamp,9b0e2d6a47
"Which evaluation metric is recommended for ranking-style problems in a recommender-style RAG, considering multiple acceptable answers?",llm-zoomcamp,9b0e2d6a47
What are the two complementary approaches proposed for evaluating a recommender-style RAG lacking obvious Q&A ground truth?,llm-zoomcamp,9b0e2d6a47
How should the LLM be instructed when assessing relevance and usefulness of retrieval results as part of an end-to-end quality evaluation?,llm-zoomcamp,9b0e2d6a47
What is an effective initial approach to chunk a large corpus consisting of lengthy PDF documents with numerous paragraphs?,llm-zoomcamp,6f2a8b3d10
How can I leverage a language model to intelligently segment each document into logical sections for indexing?,llm-zoomcamp,6f2a8b3d10
"Should I incorporate LLM-generated summaries alongside each chunk, and if so, how might this impact retrieval performance?",llm-zoomcamp,6f2a8b3d10
"For highly structured long documents such as legal or financial texts, what hybrid search method is recommended to preserve exact wording during semantic matching?",llm-zoomcamp,6f2a8b3d10
"Which tools are suitable for converting PDFs into clean markdown before applying a chunking strategy, considering trade-offs between speed and quality?",llm-zoomcamp,6f2a8b3d10
"In the context of the Capstone Project for LLM ZoomCamp, what is meant by 'reproducibility' and why is it important to avoid sharing API keys or hosted-service credentials in the repository?",llm-zoomcamp,e5d8a2c761
How can I ensure that a peer reviewer can clone my project repository and recreate the system from scratch using their own API keys without them being exposed in the codebase?,llm-zoomcamp,e5d8a2c761
"What specific file or configuration should I provide (e.g., `.env.example`) to indicate where reviewers should place their own credentials, and how should I protect these credentials from being tracked by Git?",llm-zoomcamp,e5d8a2c761
Which model variants are recommended for project reproducibility during peer review to prevent excessive API usage or cost concerns?,llm-zoomcamp,e5d8a2c761
"What steps should I take to document and lock down dependencies (e.g., using `requirements.txt` or a lock file) and specify the Python version to guarantee consistent execution across different environments?",llm-zoomcamp,e5d8a2c761
Is the workshop material from the 'Open-Source Data Ingestion (dlt)' module in the LLM Zoomcamp course freely available for personal use?,llm-zoomcamp,d850a0e7ea
Can I distribute or share the dlt workshop content with fellow students or colleagues outside of the Zoomcamp program?,llm-zoomcamp,d850a0e7ea
Does the open-source nature of dlt allow me to integrate its components into a capstone project without licensing restrictions?,llm-zoomcamp,d850a0e7ea
"Are there any limitations on using dlt's materials for projects in other Zoomcamps, such as the MLOps Zoomcamp?",llm-zoomcamp,d850a0e7ea
What should I do if I encounter issues while trying to use the dlt workshop content in my own data-related projects?,llm-zoomcamp,d850a0e7ea
What is the exact command to initialize a new dlt project for filesystem loading from the cloud?,llm-zoomcamp,6bceeebf04
"After running the initialization command, where can I find additional guidance on setting up my dlt project?",llm-zoomcamp,6bceeebf04
Is there a specific URL provided in the FAQ for detailed instructions on using dlt with DuckDB in a filesystem context?,llm-zoomcamp,6bceeebf04
Which course section and ID correspond to the information about initializing a dlt project for cloud loading?,llm-zoomcamp,6bceeebf04
What tool or platform should I use to locate more directions related to dlt initialization as mentioned in the FAQ?,llm-zoomcamp,6bceeebf04
"Why am I encountering a `FileNotFoundError` when trying to open the table with `db.open_table(""notion_pages___homework"")`?",llm-zoomcamp,0407213397
"What is the correct procedure to create a table named ""notion_pages___homework"" before attempting to open it using dlt?",llm-zoomcamp,0407213397
"In the provided workshop on Open-Source Data Ingestion (dlt) for the llm-zoomcamp course, what specific change must be made in pipeline settings to resolve the table not found error?",llm-zoomcamp,0407213397
"How can I ensure that all references to ""employee_handbook"" are updated to ""homework"" within my pipeline configuration?",llm-zoomcamp,0407213397
"What exact line of code should I use to create the ""notion_pages___homework"" table prior to opening it, as suggested in the FAQ for id 0407213397?",llm-zoomcamp,0407213397
Why am I encountering a `FileNotFoundError` for the table `notion_pages___homework` when executing `main()`?,llm-zoomcamp,e95bfafc0e
"What is the specific error message indicating, and how can I resolve it by creating the missing table?",llm-zoomcamp,e95bfafc0e
"In which line of my code should I call `db.create_table(""notion_pages___homework"", data)` to fix the FileNotFoundError?",llm-zoomcamp,e95bfafc0e
Could you provide the exact Python statement needed to open the correct table named `notion_pages___homework`?,llm-zoomcamp,e95bfafc0e
What steps should I follow in the 'Workshop: Open-Source Data Ingestion (dlt)' course of 'llm-zoomcamp' to ensure the table exists before running `main()`?,llm-zoomcamp,e95bfafc0e
What method should I use to retrieve a list of all tables within the database?,llm-zoomcamp,e394e6f738
How can I view the complete set of table names stored in our current database?,llm-zoomcamp,e394e6f738
Which function do I call to see every table name available in the system?,llm-zoomcamp,e394e6f738
"To identify all tables present in the database, what specific API or command is recommended?",llm-zoomcamp,e394e6f738
"In the context of the workshop 'Open-Source Data Ingestion (dlt)' for the course 'llm-zoomcamp', how can I check the names of all tables?",llm-zoomcamp,e394e6f738
"If DLT currently lacks built-in connectors for ClickHouse and StarRocks, how can community members contribute to develop these integrations?",llm-zoomcamp,cd19f122f3
What steps would a developer need to follow to create and submit a connector for ClickHouse or StarRocks to the DLT project?,llm-zoomcamp,cd19f122f3
Are there any existing templates or guidelines provided by DLT for creating new data ingestion connectors?,llm-zoomcamp,cd19f122f3
How does the acceptance process work for community-contributed connectors in the DLT framework?,llm-zoomcamp,cd19f122f3
What benefits would adding ClickHouse and StarRocks connectors bring to users of the DLT platform?,llm-zoomcamp,cd19f122f3
What should I verify first if I receive a '401 Client Error: Unauthorized' when accessing the Notion API via [api.notion.com](https://api.notion.com/v1/search)?,llm-zoomcamp,0dfba07ace
How can I ensure that my Notion API key has the necessary permissions to avoid unauthorized access errors?,llm-zoomcamp,0dfba07ace
What steps should I take if my authentication token seems expired while trying to use the Notion API?,llm-zoomcamp,0dfba07ace
Where can I find detailed guidance on correctly configuring access settings for the Notion API in my application?,llm-zoomcamp,0dfba07ace
"If all configurations appear correct but I still face authorization issues with the Notion API, what additional resources or documentation should I consult?",llm-zoomcamp,0dfba07ace
"I am trying to install version 2.32 of the requests library for use with Lancedb, but pip only installs version 2.28. How can I ensure that version 2.32 is installed instead?",llm-zoomcamp,4b30b918bc
What command should I use to directly download and install requests version 2.32.3 from its GitHub repository when pip defaults to an older version?,llm-zoomcamp,4b30b918bc
"Why am I receiving a 401 Client Error while attempting to access the data required for my Lancedb installation, and how does this relate to library version issues?",llm-zoomcamp,4b30b918bc
"In the context of installing specific Python package versions from external sources, what syntax should be used with pip to point directly to a ZIP archive hosted on GitHub?",llm-zoomcamp,4b30b918bc
Could you explain why granting access to a key or correcting an incorrect key might resolve a 401 Client Error during data ingestion processes like those in the dlt workshop?,llm-zoomcamp,4b30b918bc
What is the expected duration of each cohort for the Data Engineering ZoomCamp course?,data-engineering-zoomcamp,9e508f2212
Where can I find the registration link to enroll in the upcoming cohort?,data-engineering-zoomcamp,9e508f2212
How will I receive important announcements regarding the course schedule and updates?,data-engineering-zoomcamp,9e508f2212
Which communication platform should I join to interact with instructors and peers during the course?,data-engineering-zoomcamp,9e508f2212
Is there a specific Slack channel dedicated to discussions related to the Data Engineering ZoomCamp?,data-engineering-zoomcamp,9e508f2212
What foundational coding skills are necessary before enrolling in this data engineering course?,data-engineering-zoomcamp,bfafa427b3
Is knowledge of SQL a required prerequisite for the Data Engineering ZoomCamp course?,data-engineering-zoomcamp,bfafa427b3
Does prior experience with Python enhance one's understanding of the material in this course?,data-engineering-zoomcamp,bfafa427b3
Are there any specific programming languages or tools that participants should be comfortable using beforehand?,data-engineering-zoomcamp,bfafa427b3
Can someone without any background in data engineering still successfully complete this course?,data-engineering-zoomcamp,bfafa427b3
Is late registration allowed for the data engineering Zoom camp course?,data-engineering-zoomcamp,3f1424af17
Will I be able to submit homework assignments after missing the initial registration deadline?,data-engineering-zoomcamp,3f1424af17
Are there any penalties for joining the course on a later date compared to others who registered early?,data-engineering-zoomcamp,3f1424af17
What are the specific deadlines I should be aware of if I join the course after its start date?,data-engineering-zoomcamp,3f1424af17
How can I ensure timely submission of my projects and homeworks once enrolled in the course late?,data-engineering-zoomcamp,3f1424af17
"For the Data Engineering Bootcamp, is a confirmation email necessary after registration?",data-engineering-zoomcamp,52217fc51b
What should I do if I haven't received any communication regarding my acceptance into the Data Engineering Bootcamp?,data-engineering-zoomcamp,52217fc51b
Can I begin accessing course materials and submitting assignments immediately after registering for the Data Engineering Bootcamp?,data-engineering-zoomcamp,52217fc51b
"Is there an official start date for the Data Engineering Bootcamp, or can learning commence right away upon registration?",data-engineering-zoomcamp,52217fc51b
How will I know that my registration for the Data Engineering Bootcamp has been processed successfully?,data-engineering-zoomcamp,52217fc51b
What steps should I take to prepare my development environment before the 'data-engineering-zoomcamp' course begins?,data-engineering-zoomcamp,33fc260cd8
"How can I obtain a free Google Cloud account for this course, and why is it necessary?",data-engineering-zoomcamp,33fc260cd8
"Which version manager for Python do you recommend installing, and what are its benefits compared to others?",data-engineering-zoomcamp,33fc260cd8
Is there any specific Terraform installation guide provided for the prerequisites of this course?,data-engineering-zoomcamp,33fc260cd8
What materials should I review in advance to ensure I am familiar with the foundational topics covered in the syllabus?,data-engineering-zoomcamp,33fc260cd8
How many Zoomcamps does DataTalks.Club organize annually?,data-engineering-zoomcamp,b71fb3b195
"What are the typical time periods for each type of Zoomcamp, such as Data Engineering and Machine Learning?",data-engineering-zoomcamp,b71fb3b195
"If I miss the live cohort window for a specific Zoomcamp, can I still access the course materials later?",data-engineering-zoomcamp,b71fb3b195
Where can I find the most recent schedule and dates for all upcoming Zoomcamps?,data-engineering-zoomcamp,b71fb3b195
Does completing a Zoomcamp outside the designated live cohort period qualify me for a certificate?,data-engineering-zoomcamp,b71fb3b195
What specific tools are used for module 2 orchestration in the current cohort compared to past cohorts?,data-engineering-zoomcamp,e499535e82
How can I access previous cohort materials if I prefer their teaching style or content?,data-engineering-zoomcamp,e499535e82
"Will assignments be compatible with older tooling versions, or must they adhere strictly to the current cohort's stack?",data-engineering-zoomcamp,e499535e82
Is there a detailed changelog available that outlines all modifications made to module 4 analytics engineering between cohorts?,data-engineering-zoomcamp,e499535e82
Where can I find information on upcoming changes to the course tooling for future cohorts?,data-engineering-zoomcamp,e499535e82
Will I be able to access the course materials after the official course period ends?,data-engineering-zoomcamp,068529125b
Can I continue working on homework assignments post-course conclusion?,data-engineering-zoomcamp,068529125b
Is there a facility to review previous lessons and practice at my convenience once the course is over?,data-engineering-zoomcamp,068529125b
What opportunities are available for me to start or continue working on the final capstone project after the course finishes?,data-engineering-zoomcamp,068529125b
Are there any additional resources or support provided for learners who wish to proceed with their studies independently following the course completion?,data-engineering-zoomcamp,068529125b
What support channels are available for students enrolled in the self-paced mode of the Data Engineering Zoomcamp?,data-engineering-zoomcamp,c207b8614e
Is it necessary to search the Slack channel before posting a new question during the self-paced course?,data-engineering-zoomcamp,c207b8614e
How can I efficiently find answers to my questions if they might have been addressed previously?,data-engineering-zoomcamp,c207b8614e
"Can the `@ZoomcampQABot` assist me with locating existing answers in the Slack channel, and should I fully trust its responses?",data-engineering-zoomcamp,c207b8614e
What is the recommended approach for getting help with technical issues when studying independently in the self-paced format of this course?,data-engineering-zoomcamp,c207b8614e
Where can I find the main playlist containing all the Data Engineering ZoomCamp video lessons?,data-engineering-zoomcamp,8ac65b2225
How do I access up-to-date links for each module's videos in the course repository?,data-engineering-zoomcamp,8ac65b2225
What is the URL for the GitHub repository that hosts the Data Engineering ZoomCamp materials?,data-engineering-zoomcamp,8ac65b2225
"Are there separate playlists available for each cohort, and if so, where are they located?",data-engineering-zoomcamp,8ac65b2225
Where can I find office-hour recordings and any additional content specific to my current cohort?,data-engineering-zoomcamp,8ac65b2225
What factors determine the number of weekly hours I should allocate to this data engineering ZoomCamp course?,data-engineering-zoomcamp,316180784f
"Is there a minimum or maximum range for the estimated study time per week, and how flexible is it?",data-engineering-zoomcamp,316180784f
Can you provide guidance on how to estimate my personal required hours based on my existing knowledge and schedule?,data-engineering-zoomcamp,316180784f
Where can I find additional resources to help me plan my weekly commitment more accurately?,data-engineering-zoomcamp,316180784f
How might my prior experience with similar topics influence the actual time investment needed for this course?,data-engineering-zoomcamp,316180784f
Will the Office Hours sessions be recorded for later viewing?,data-engineering-zoomcamp,a411de5004
Can I access the recordings of past Office Hours after they have taken place?,data-engineering-zoomcamp,a411de5004
Is there a time delay between the live Office Hours and when the recording becomes available?,data-engineering-zoomcamp,a411de5004
What platform will host the recorded Office Hours sessions?,data-engineering-zoomcamp,a411de5004
"If I miss an Office Hours session, how soon can I expect the recording to be posted?",data-engineering-zoomcamp,a411de5004
How can I change the auto-generated randomized display name on the leaderboard to my preferred nickname or real name?,data-engineering-zoomcamp,16005581f2
What should I enter in the Certificate name field to ensure it appears correctly on my completed course certificate?,data-engineering-zoomcamp,16005581f2
"Is there an option to hide my name from appearing on the course leaderboard, and if so, how do I enable or disable this setting?",data-engineering-zoomcamp,16005581f2
"After editing my profile details, will the changes be reflected immediately on both the leaderboard and the final certificate?",data-engineering-zoomcamp,16005581f2
"Can multiple users have the same nickname for the leaderboard display, or does it enforce unique names across participants?",data-engineering-zoomcamp,16005581f2
Is completion of homework assignments required to obtain the course certificate in data-engineering-zoomcamp?,data-engineering-zoomcamp,3774a79c13
Do late enrollees need to complete the homeworks to earn a certificate for data-engineering-zoomcamp?,data-engineering-zoomcamp,3774a79c13
Can I receive the certificate if I only finish the peer-reviewed capstone projects for data-engineering-zoomcamp without doing the homeworks?,data-engineering-zoomcamp,3774a79c13
What are the conditions under which I can be awarded the certificate in data-engineering-zoomcamp without completing all coursework?,data-engineering-zoomcamp,3774a79c13
Are there any alternatives to homework completion that satisfy the requirements for a data-engineering-zoomcamp certificate?,data-engineering-zoomcamp,3774a79c13
Is it possible to complete the Data Engineering ZoomCamp in a self-paced format and still receive an official certificate?,data-engineering-zoomcamp,900f60fd25
What are the requirements for obtaining a certificate after finishing the Data Engineering ZoomCamp?,data-engineering-zoomcamp,900f60fd25
Can participants peer-review capstone projects outside of an active live cohort in the Data Engineering ZoomCamp?,data-engineering-zoomcamp,900f60fd25
Why are certificates not issued for those who complete the course through the self-paced option in the Data Engineering ZoomCamp?,data-engineering-zoomcamp,900f60fd25
During which type of enrollment (live cohort vs. self-paced) can students engage in project peer-review processes within the Data Engineering ZoomCamp?,data-engineering-zoomcamp,900f60fd25
Where can I locate the homework and project deadlines for my specific cohort in the Data Engineering ZoomCamp course?,data-engineering-zoomcamp,d3f485cd10
"Is there a centralized platform where all cohort-specific information, including deadlines, is documented?",data-engineering-zoomcamp,d3f485cd10
How do I access the Google Calendar linked to our cohort's folder for tracking upcoming submission dates?,data-engineering-zoomcamp,d3f485cd10
What should I do if I receive an announcement from `@Au-Tomator` regarding deadline extensions in Slack?,data-engineering-zoomcamp,d3f485cd10
"In case instructors modify a deadline after it has been posted, how will the submission form reflect these changes?",data-engineering-zoomcamp,d3f485cd10
"In the data-engineering-zoomcamp course, are late submissions of homework permitted?",data-engineering-zoomcamp,4dbd2eea47
What is the policy regarding submitting homework after the official deadline in the Course page?,data-engineering-zoomcamp,4dbd2eea47
"If I submit a homework form after the due date but before it closes, will my submission be accepted?",data-engineering-zoomcamp,4dbd2eea47
How can I verify that my submitted homework was recorded on time despite submitting late?,data-engineering-zoomcamp,4dbd2eea47
Does logging into the course platform affect the timestamp of my homework submission?,data-engineering-zoomcamp,4dbd2eea47
Where can I access the repository for submitting my homework in the Data Engineering Zoom Camp course?,data-engineering-zoomcamp,9d89b52976
"What platforms are acceptable for hosting the homework code, such as GitHub, GitLab, or Bitbucket?",data-engineering-zoomcamp,9d89b52976
How does the homework submission process reflect my participation in the weekly exercises of the Data Engineering Zoom Camp?,data-engineering-zoomcamp,9d89b52976
Is there a specific format or criteria that a reasonable person should expect when reviewing my submitted code portfolio?,data-engineering-zoomcamp,9d89b52976
"What is the purpose of the homework link provided in the course, and how does it relate to potential future job opportunities?",data-engineering-zoomcamp,9d89b52976
"After logging into my enrollment/profile page, how can I locate and change the randomly assigned display name that appears there?",data-engineering-zoomcamp,7255a1c3bc
Could you guide me through the process of updating my certificate name to reflect my real identity after viewing my current random display name on the profile page?,data-engineering-zoomcamp,7255a1c3bc
"What is the exact URL pattern for accessing my cohort's enrollment/profile page in the Data Engineering Zoomcamp course, and where can I find this link within the GitHub repository?",data-engineering-zoomcamp,7255a1c3bc
Is there an image or visual guide included in the FAQ that demonstrates how to navigate from the course site to my enrollment/profile page to view or modify my display name and certificate details?,data-engineering-zoomcamp,7255a1c3bc
"Once I have located my display name on the profile page, what steps should I follow to ensure that my real name appears correctly on the final certificate awarded at the end of the course?",data-engineering-zoomcamp,7255a1c3bc
What is the schedule for the live Zoom calls during the Capstone period?,data-engineering-zoomcamp,99bb0ceeb6
Will these additional Zoom calls be announced before they occur?,data-engineering-zoomcamp,99bb0ceeb6
Where can I find the Google Calendar link to view all scheduled course meetings?,data-engineering-zoomcamp,99bb0ceeb6
Are there any other times outside of office hours when live support will be available?,data-engineering-zoomcamp,99bb0ceeb6
How frequently are we expected to check the Google Calendar for updates on upcoming Zoom sessions?,data-engineering-zoomcamp,99bb0ceeb6
What specific actions can I take to support the data-engineering-zoomcamp course?,data-engineering-zoomcamp,721f9e0c29
How do I share this course with my peers without directly linking to the repository?,data-engineering-zoomcamp,721f9e0c29
In what ways can I enhance the content of the repository through a pull request?,data-engineering-zoomcamp,721f9e0c29
Where should I go to update the frequently asked questions (FAQ) for this course?,data-engineering-zoomcamp,721f9e0c29
Are there any additional methods mentioned for promoting or improving the course beyond those listed?,data-engineering-zoomcamp,721f9e0c29
Could you suggest any supplementary reading materials or online resources that would enhance my understanding of data engineering concepts covered in the course?,data-engineering-zoomcamp,86251abcdf
"Is there a curated list of books, articles, or videos recommended by the instructors to further explore topics discussed during lectures?",data-engineering-zoomcamp,86251abcdf
Where can I find additional practice problems or projects related to the data engineering curriculum to apply what I've learned?,data-engineering-zoomcamp,86251abcdf
"Are there any external resources, such as forums or communities, where I can discuss challenges and solutions with peers enrolled in the data-engineering-zoomcamp course?",data-engineering-zoomcamp,86251abcdf
"Does the course provide access to supplementary materials like slide decks, lecture notes, or coding examples beyond the scheduled sessions?",data-engineering-zoomcamp,86251abcdf
What are the two distinct opportunities provided for submitting a project in this course?,data-engineering-zoomcamp,9b0561dbf8
"If my initial project submission is late or unsuccessful, what is the subsequent step I can take?",data-engineering-zoomcamp,9b0561dbf8
How many total chances does a student have to complete and pass the project component of the data-engineering-zoomcamp course?,data-engineering-zoomcamp,9b0561dbf8
What happens if I submit my first project attempt after the deadline but still achieve passing marks?,data-engineering-zoomcamp,9b0561dbf8
Are there any penalties or restrictions associated with using the second project attempt compared to the first?,data-engineering-zoomcamp,9b0561dbf8
What is the first step to set up Git and GitHub for this course?,data-engineering-zoomcamp,dc06a38bc6
How can I clone the course repository onto my local machine?,data-engineering-zoomcamp,dc06a38bc6
Where can I find a tutorial on creating my own repositories for my notes?,data-engineering-zoomcamp,dc06a38bc6
What should I include in a `.gitignore` file to avoid storing sensitive information?,data-engineering-zoomcamp,dc06a38bc6
Are there any specific files or extensions that I should always ignore when using Git?,data-engineering-zoomcamp,dc06a38bc6
What are the steps to verify my name on the certificate before it is issued?,data-engineering-zoomcamp,6314bc3029
Where and how can I access the announcements regarding certificate readiness in the course communication channels?,data-engineering-zoomcamp,6314bc3029
"After the certificate announcement, which URL should I visit to proceed with certificate generation?",data-engineering-zoomcamp,6314bc3029
Is there a specific file or documentation path within the repository that details the steps for generating my certificate after grading is completed?,data-engineering-zoomcamp,6314bc3029
What should I do if I notice an error in my name on the preview of the certificate before it is finalized?,data-engineering-zoomcamp,6314bc3029
What determines the points awarded for each homework submission?,data-engineering-zoomcamp,05727a95dd
How are FAQ contributions factored into the overall leaderboard score?,data-engineering-zoomcamp,05727a95dd
"What is the maximum number of points that can be earned from Learning in Public activities per week, and how are these points calculated?",data-engineering-zoomcamp,05727a95dd
Where can students find the URL to view the leaderboard for their current cohort?,data-engineering-zoomcamp,05727a95dd
Is there a visual guide or video explanation available to help understand how the points system works in the course?,data-engineering-zoomcamp,05727a95dd
What is the recommended Python version for running the data engineering course materials?,data-engineering-zoomcamp,29e58c5c37
"Will Python 3.9 work for all components of the course, or are there exceptions?",data-engineering-zoomcamp,29e58c5c37
Are there any modules within the course that specify a stricter Python version requirement?,data-engineering-zoomcamp,29e58c5c37
How can I determine if a particular module requires a specific Python version?,data-engineering-zoomcamp,29e58c5c37
"If I use Python 3.11, will it be compatible with all libraries mentioned in the course (pandas, SQLAlchemy, dbt, dlt, PySpark)?",data-engineering-zoomcamp,29e58c5c37
What are the advantages of running the course on a local machine versus using GitHub Codespaces?,data-engineering-zoomcamp,4f1fe161b1
"How does GitHub Codespaces handle port forwarding for tools like Kestra and pgAdmin, and why is it different from using `http://localhost`?",data-engineering-zoomcamp,4f1fe161b1
"If I choose to use a Google Cloud VM, will I still be able to access BigQuery as demonstrated in Module 3 and the final project?",data-engineering-zoomcamp,4f1fe161b1
Is a GCP account necessary even if I decide not to run the course on a GCP VM for compute purposes?,data-engineering-zoomcamp,4f1fe161b1
What specific configurations or prerequisites should I have on my local machine (especially Windows) before starting the course locally?,data-engineering-zoomcamp,4f1fe161b1
"When connecting to a GCP VM using VSCode on Windows, what error message do I encounter if there's an issue with the install script?",data-engineering-zoomcamp,b92da7c113
"How can I resolve the connection problem to ""MyServerName"" by modifying settings in the Windows registry?",data-engineering-zoomcamp,b92da7c113
What specific registry path should I navigate to when changing the 'Autorun' value to fix the VSCode connection issue on a GCP VM?,data-engineering-zoomcamp,b92da7c113
"If I prefer not to modify the registry, where is the known_hosts file located on Windows and how can I remove the problematic server entry?",data-engineering-zoomcamp,b92da7c113
"On a Windows machine, what are the exact steps to open the Registry Editor using keyboard shortcuts?",data-engineering-zoomcamp,b92da7c113
What is the primary reason the course opts for Google Cloud Platform (GCP) instead of Amazon Web Services (AWS) or Azure?,data-engineering-zoomcamp,a8219681ec
"Does using BigQuery in the course limit options for other cloud providers, and are there any workarounds for students who prefer AWS or Azure?",data-engineering-zoomcamp,a8219681ec
Are most participants expected to have existing GCP accounts that facilitate easy access to course materials?,data-engineering-zoomcamp,a8219681ec
How do the foundational concepts taught (such as data warehousing and infrastructure-as-code) apply if we decide to use a different cloud provider like AWS or Azure?,data-engineering-zoomcamp,a8219681ec
"Where can students find detailed information about the trade-offs if they choose to implement their project using AWS, Snowflake, or Azure?",data-engineering-zoomcamp,a8219681ec
Why do shell scripts (*.sh) cause problems for Windows users outside of WSL?,data-engineering-zoomcamp,8b0214d089
What issues might arise if I try to run the *.sh scripts using Git Bash or MINGW64 on Windows?,data-engineering-zoomcamp,8b0214d089
Is it necessary to set up a Windows Subsystem for Linux (WSL) environment before starting the course?,data-engineering-zoomcamp,8b0214d089
"Can I complete the data-engineering-zoomcamp course without installing WSL, or will I encounter significant obstacles?",data-engineering-zoomcamp,8b0214d089
What alternative environments could I use besides Git Bash and MINGW64 to successfully run the shell scripts provided in the course?,data-engineering-zoomcamp,8b0214d089
What is the first step I should take when I encounter an error while coding?,data-engineering-zoomcamp,a83f047f52
How can I effectively search for solutions to a specific programming error online?,data-engineering-zoomcamp,a83f047f52
Which details are essential to include when asking for help in the course Slack channel or forums?,data-engineering-zoomcamp,a83f047f52
What should I do if my installation seems corrupted and troubleshooting steps don't resolve the issue?,data-engineering-zoomcamp,a83f047f52
How can I contribute back to the community if I solve a problem that isn't yet documented in the FAQ?,data-engineering-zoomcamp,a83f047f52
How can I configure Git Bash on Windows to recognize the backslash as an escape character?,data-engineering-zoomcamp,1ba19ed6a0
What command should I enter in the Git Bash terminal to set the backslash as an escape character?,data-engineering-zoomcamp,1ba19ed6a0
Is it necessary to add a specific line to my `.bashrc` file for enabling the backslash escape feature in Git Bash?,data-engineering-zoomcamp,1ba19ed6a0
What is the exact syntax to define the backslash as an escape character within Git Bash environment variables?,data-engineering-zoomcamp,1ba19ed6a0
"After executing the command, will the backslash function as an escape character throughout all subsequent Git Bash sessions?",data-engineering-zoomcamp,1ba19ed6a0
How can I configure Visual Studio Code to use tabs instead of spaces for indentation in my Makefile?,data-engineering-zoomcamp,e5dc51eac9
"What is the error message indicating about missing separators in a Makefile, and how does it relate to tab vs. space usage?",data-engineering-zoomcamp,e5dc51eac9
Where can I find a detailed guide or stack overflow discussion on converting spaces to tabs in Visual Studio Code?,data-engineering-zoomcamp,e5dc51eac9
What specific steps are recommended to resolve the 'missing separator' error caused by improper indentation in a Makefile?,data-engineering-zoomcamp,e5dc51eac9
"In the context of setting up my development environment for the data-engineering-zoomcamp course, how do I ensure that all code files use consistent tab spacing?",data-engineering-zoomcamp,e5dc51eac9
How can I open an HTML file located in my Linux WSL environment using a Windows browser?,data-engineering-zoomcamp,5b54567e89
What steps are required to configure wslu for opening HTML files with the default Windows browser from within WSL?,data-engineering-zoomcamp,5b54567e89
"Is it possible to specify a particular Windows browser (e.g., Chrome or Firefox) to open HTML files from Linux via WSL, and if so, how?",data-engineering-zoomcamp,5b54567e89
"After installing wslu, what command should I use to launch an HTML file like 'index.html' in the currently set Windows browser?",data-engineering-zoomcamp,5b54567e89
What is the process for storing account-specific secrets that will be accessible in GitHub Codespaces?,data-engineering-zoomcamp,994ef10e79
Where can I find detailed instructions on managing secrets specifically for GitHub Codespaces?,data-engineering-zoomcamp,994ef10e79
How are account-specific secrets defined and utilized within the GitHub Codespaces environment?,data-engineering-zoomcamp,994ef10e79
Which documentation section from GitHub provides guidance on configuring secrets for use in Codespaces?,data-engineering-zoomcamp,994ef10e79
What URL points to the official guide for setting up account-specific secrets for GitHub Codespaces?,data-engineering-zoomcamp,994ef10e79
How can I configure Chrome Remote Desktop on a Debian Linux VM running on Google Compute Engine?,data-engineering-zoomcamp,1b03f3dadf
What is the purpose of using Chrome Remote Desktop for accessing applications with GUIs in a remote environment?,data-engineering-zoomcamp,1b03f3dadf
Where can I find a detailed guide to set up Chrome Remote Desktop service for a virtual machine instance on Compute Engine?,data-engineering-zoomcamp,1b03f3dadf
Which operating system is specifically mentioned in the tutorial for setting up Chrome Remote Desktop on Compute Engine?,data-engineering-zoomcamp,1b03f3dadf
In which course section does the information about setting up Chrome Remote Desktop on a Linux VM appear?,data-engineering-zoomcamp,1b03f3dadf
.,data-engineering-zoomcamp,3d24f7796d
. ,data-engineering-zoomcamp,3d24f7796d
. ,data-engineering-zoomcamp,3d24f7796d
How can I free up space on my VM if it runs out of storage during data processing?,data-engineering-zoomcamp,dcb8885c9b
"What command should I use to identify processes that are still holding onto deleted files, preventing disk space from being reclaimed?",data-engineering-zoomcamp,dcb8885c9b
What is the process for installing and using `ncdu` to visually inspect file system usage on a Linux-based VM?,data-engineering-zoomcamp,dcb8885c9b
"Which common components typically consume large amounts of disk space in a data engineering environment, and how can I clean them up (e.g., Docker images, pipeline caches, old logs)?",data-engineering-zoomcamp,dcb8885c9b
"If my pipeline tool's cache continues to grow unchecked, what alternative strategies can I implement to manage storage usage effectively?",data-engineering-zoomcamp,dcb8885c9b
. How can I configure my computer to execute a particular Python script automatically when the system starts up?,data-engineering-zoomcamp,a3776dc060
. What steps are required to set an environment variable for running a custom Python program at login?,data-engineering-zoomcamp,a3776dc060
. Could you explain the process of modifying system settings so that a specified Python file runs each time Windows boots?,data-engineering-zoomcamp,a3776dc060
". In data engineering, what method allows me to ensure my Python startup script is triggered upon logging into my user account?",data-engineering-zoomcamp,a3776dc060
. What modification to the Python environment setting enables the automatic initiation of a designated Python program at user login?,data-engineering-zoomcamp,a3776dc060
Why am I receiving the SSH error 'ssh: Could not resolve hostname linux: Name or service not known'?,data-engineering-zoomcamp,10407876a1
How can I fix the hostname resolution issue when trying to connect via SSH to a Linux server?,data-engineering-zoomcamp,10407876a1
What file should be located at `C/User/Username/.ssh/config` to resolve the SSH connection problem?,data-engineering-zoomcamp,10407876a1
Where is the correct path for my SSH configuration file on Windows to avoid DNS resolution errors?,data-engineering-zoomcamp,10407876a1
What steps should I take if I encounter SSH hostname resolution failures during setup in the data-engineering-zoomcamp course?,data-engineering-zoomcamp,10407876a1
How can I install and upgrade nbconvert to resolve the 'Failed to spawn' error when using uv with Jupyter notebooks?,data-engineering-zoomcamp,35d7874a8d
"What command should I use to add nbconvert support specifically for uv in a Jupyter notebook workflow, and how do I execute nbconvert from within uv?",data-engineering-zoomcamp,35d7874a8d
"If I encounter persistent issues with the 'Failed to spawn: `nbconvert`' error after installing nbconvert, what alternative steps can I take to convert my notebook to a Python script using uv?",data-engineering-zoomcamp,35d7874a8d
"What is the exact command to directly convert a Jupyter Notebook file (e.g., notebook.ipynb) to a Python script using nbconvert without integrating with uv?",data-engineering-zoomcamp,35d7874a8d
"In the context of the data-engineering-zoomcamp course, where can I find additional troubleshooting steps for converting notebooks that involve uv integration?",data-engineering-zoomcamp,35d7874a8d
What is Jupytext and why might it be useful for converting Jupyter Notebooks?,data-engineering-zoomcamp,c2f39b0ef3
Can you provide the exact command to install Jupytext via pip?,data-engineering-zoomcamp,c2f39b0ef3
"After installing Jupytext, what command should I use to convert a notebook file named 'analysis.ipynb' to a Python script?",data-engineering-zoomcamp,c2f39b0ef3
"If nbconvert fails with errors, how does Jupytext handle the conversion process?",data-engineering-zoomcamp,c2f39b0ef3
Are there any additional configuration options or parameters I can specify when converting notebooks with Jupytext?,data-engineering-zoomcamp,c2f39b0ef3
Is Anaconda recommended for this Data Engineering ZoomCamp course?,data-engineering-zoomcamp,a1b2c3d4e5
What tool is now the official recommendation for installing Python and managing project dependencies in this course?,data-engineering-zoomcamp,a1b2c3d4e5
How do I install a specific Python version using the recommended tool?,data-engineering-zoomcamp,a1b2c3d4e5
Can you provide steps to create a virtual environment with the recommended tool?,data-engineering-zoomcamp,a1b2c3d4e5
Which command should I use to add packages like pandas and sqlalchemy to my project after setting up the virtual environment?,data-engineering-zoomcamp,a1b2c3d4e5
What operating systems are compatible with the Data Engineering ZoomCamp course?,data-engineering-zoomcamp,a0e992e6ef
Is Linux preferred over other operating systems for smoother execution during the course?,data-engineering-zoomcamp,a0e992e6ef
Do students need to install any additional tools on Windows to ensure seamless completion of shell scripts in later modules?,data-engineering-zoomcamp,a0e992e6ef
Are Git Bash and MINGW64 adequate for running the shell scripts used in the latter parts of the course?,data-engineering-zoomcamp,a0e992e6ef
Which specific WSL2 distribution is recommended for optimal performance when using Windows as the operating system?,data-engineering-zoomcamp,a0e992e6ef
"Is it possible to substitute Google Cloud Platform (GCP) with Amazon Web Services (AWS), Snowflake, or Azure for the capstone project?",data-engineering-zoomcamp,19aaf65b2a
What are the implications of using AWS or Azure instead of GCP in terms of lesson alignment and peer review explanations?,data-engineering-zoomcamp,19aaf65b2a
Will there be sufficient support available on Slack if I choose to use AWS or Azure for my data engineering project?,data-engineering-zoomcamp,19aaf65b2a
"Can I complete all modules locally without any cloud service, except Module 3 which uses BigQuery on GCP?",data-engineering-zoomcamp,19aaf65b2a
How might the choice of using a non-GCP cloud provider affect the grading criteria and peer review process?,data-engineering-zoomcamp,19aaf65b2a
Is there a cost associated with using Google Cloud Platform (GCP) for this course?,data-engineering-zoomcamp,9aa9591efc
What are the benefits of the free trial offered by GCP for new accounts?,data-engineering-zoomcamp,9aa9591efc
"How much credit is provided in the free trial, and how can it be used within the course materials?",data-engineering-zoomcamp,9aa9591efc
What steps should I take to ensure I stay within the budget during the free trial period?,data-engineering-zoomcamp,9aa9591efc
"Do I need a payment method to register for the GCP free trial, and will charges apply without my permission?",data-engineering-zoomcamp,9aa9591efc
.,data-engineering-zoomcamp,d4c56f568d
. . ,data-engineering-zoomcamp,d4c56f568d
. . .,data-engineering-zoomcamp,d4c56f568d
. ...,data-engineering-zoomcamp,d4c56f568d
Which countries are currently supported by Google Cloud Platform (GCP) for the Data Engineering ZoomCamp?,data-engineering-zoomcamp,e834a2ff3e
"If my payment card is rejected when trying to sign up for GCP, what alternative virtual or bank cards have been successful for other students?",data-engineering-zoomcamp,e834a2ff3e
Are there any specific banks or types of cards that commonly work with GCP for enrolling in the course?,data-engineering-zoomcamp,e834a2ff3e
"What should I do if I am unable to create a GCP account due to country restrictions or card rejection, and I still want to complete most of the course modules?",data-engineering-zoomcamp,e834a2ff3e
"Is it possible to finish Module 3's homework without access to BigQuery, given limitations with GCP availability?",data-engineering-zoomcamp,e834a2ff3e
How can I resolve the 'FORBIDDEN' error when trying to download the 2021 Yellow Taxi Trip Records from the TLC website?,data-engineering-zoomcamp,6affd2987c
What is the direct link to download the January 2021 Yellow Taxi trip data after encountering a downloading error?,data-engineering-zoomcamp,6affd2987c
Can you provide guidance on unzipping a '.gz' file for the NYC Yellow Taxi dataset?,data-engineering-zoomcamp,6affd2987c
Where can I find an alternative backup source for the NYC Yellow Taxi Trip Records if the official TLC site is inaccessible?,data-engineering-zoomcamp,6affd2987c
What specific command should I use to unzip the 'yellow_tripdata_2021-01.csv.gz' file provided in the GitHub repository?,data-engineering-zoomcamp,6affd2987c
What should be done if the taxi data file has a `.csv.gz` extension?,data-engineering-zoomcamp,d677df9ccb
How can I extract the file name from a URL for use with `pandas.read_csv`?,data-engineering-zoomcamp,d677df9ccb
Which function in pandas can directly read a compressed CSV file?,data-engineering-zoomcamp,d677df9ccb
Where can I find a video tutorial that demonstrates handling gzip-compressed taxi data files?,data-engineering-zoomcamp,d677df9ccb
"What modification is required to the line `csv_name = ""output.csv""` when using a `.csv.gz` file?",data-engineering-zoomcamp,d677df9ccb
Where can I find the data dictionary for New York City's Yellow Taxi trip records?,data-engineering-zoomcamp,4ee5e16952
What is the URL to access the data dictionary for Green Trips in NYC's taxi dataset?,data-engineering-zoomcamp,4ee5e16952
Which document provides the detailed field definitions for Yellow Taxi trip data in the NY Taxi dataset?,data-engineering-zoomcamp,4ee5e16952
"How do I locate the data dictionary for the LPEP Trip Records of Green Trips updated on May 1, 2018?",data-engineering-zoomcamp,4ee5e16952
In which module of the 'data-engineering-zoomcamp' course can I find information about accessing NYC taxi data dictionaries?,data-engineering-zoomcamp,4ee5e16952
How can I unzip a downloaded `csv.gz` file for the taxi dataset?,data-engineering-zoomcamp,8585d2d7f4
What command should I use in the terminal to decompress a `csv.gz` file?,data-engineering-zoomcamp,8585d2d7f4
Is it possible to import a gzipped CSV file directly into pandas without first unzipping it?,data-engineering-zoomcamp,8585d2d7f4
"In the Python script `ingest_data.py`, how do I modify the `main(params)` function to handle a Parquet file instead of a CSV?",data-engineering-zoomcamp,8585d2d7f4
"What steps are required to download a Parquet file, convert it to CSV, and save it with the same naming convention used in other parts of the code?",data-engineering-zoomcamp,8585d2d7f4
How can I install wget on Ubuntu to resolve the 'wget is not recognized' error?,data-engineering-zoomcamp,b3030c88e7
What steps are required to install wget using Homebrew on macOS?,data-engineering-zoomcamp,b3030c88e7
"On Windows, how do I use Chocolatey or download a binary from GnuWin32 to fix the 'wget is not recognized' issue?",data-engineering-zoomcamp,b3030c88e7
"If I prefer using Python, which library should I install to perform similar functions as wget?",data-engineering-zoomcamp,b3030c88e7
Are there any recommended alternatives to directly downloading files via a web browser when wget is problematic?,data-engineering-zoomcamp,b3030c88e7
How do I handle a certificate verification error when using `wget` on macOS to download a file from a website?,data-engineering-zoomcamp,542abbcb6a
What command should I use in a Jupyter Notebook to ensure the `wget` utility is recognized before downloading a resource?,data-engineering-zoomcamp,542abbcb6a
"If I encounter a certificate issue while downloading via `wget`, which flag can I append to bypass the verification?",data-engineering-zoomcamp,542abbcb6a
Can you provide the exact syntax for invoking `python -m wget` to download a URL without encountering SSL certificate problems on macOS?,data-engineering-zoomcamp,542abbcb6a
"When running `wget` from the command line on a Mac, what alternative method allows me to proceed with the download despite a certificate error?",data-engineering-zoomcamp,542abbcb6a
How can I use curl to download a CSV file from a given URL and save it with a specific name in Python?,data-engineering-zoomcamp,48cae101d6
What command should I execute in my Python script to fetch data from `https://example.com/data.csv` and store it as `output.csv`?,data-engineering-zoomcamp,48cae101d6
"In the context of Module 1 on Taxi Data, what is the correct syntax for downloading a file using curl within a Python os.system call?",data-engineering-zoomcamp,48cae101d6
"If I encounter the error 'curl: (6) Could not resolve host', which parameter might be incorrectly specified in my curl command?",data-engineering-zoomcamp,48cae101d6
What steps are required to properly set up a curl command to download data from an online source into a local CSV file during the Data Engineering ZoomCamp course?,data-engineering-zoomcamp,48cae101d6
Why does adding `--no-check-certificate` to the wget command not resolve the issue when downloading a parquet file from a CloudFront URL?,data-engineering-zoomcamp,c1135885e3
What is the reason for network blocks causing redirection to a block page like https://blocked.sbmd.cicc.gov.ph/ when attempting to access the dataset URL?,data-engineering-zoomcamp,c1135885e3
How can I disable SSL verification using wget to potentially bypass any certificate-related issues during the download of the CloudFront parquet file?,data-engineering-zoomcamp,c1135885e3
"If my network blocks requests to the CloudFront domain entirely, what alternative method can I use to successfully download the file?",data-engineering-zoomcamp,c1135885e3
What steps should I follow to connect to a VPN and retry the original wget command to circumvent network restrictions when accessing the specified dataset URL?,data-engineering-zoomcamp,c1135885e3
How can I verify if the Docker daemon is actively running on my system?,data-engineering-zoomcamp,5e6c4090af
What command should I use in PowerShell to refresh or update WSL configurations when encountering Docker connectivity issues?,data-engineering-zoomcamp,5e6c4090af
"If I see the error 'Cannot connect to Docker daemon at unix:///var/run/docker.sock', what are the initial troubleshooting steps I need to take?",data-engineering-zoomcamp,5e6c4090af
What specific message indicates that the Docker daemon might be misconfigured or not started correctly?,data-engineering-zoomcamp,5e6c4090af
"After updating WSL, what additional checks should I perform to ensure Docker can communicate with its daemon without errors?",data-engineering-zoomcamp,5e6c4090af
"What should I do to fix the error 'docker: error during connect: In the default daemon configuration on Windows, the docker client must be run with elevated privileges to connect.'?",data-engineering-zoomcamp,46dbe4810d
How can I enable Hyper-V for Docker on Windows 10 Pro or Windows 11 Pro?,data-engineering-zoomcamp,46dbe4810d
What alternative method should Windows 10 Home or Windows 11 Home users use to set up Docker?,data-engineering-zoomcamp,46dbe4810d
Where can I find detailed instructions to install and configure WSL2 for Docker on Windows?,data-engineering-zoomcamp,46dbe4810d
What specific steps are required if I encounter the 'WslRegisterDistribution failed with error: 0x800701bc' error while installing WSL2?,data-engineering-zoomcamp,46dbe4810d
What happens when a Docker `docker pull` command is executed for a public image like `postgres:13`?,data-engineering-zoomcamp,bceb4aa421
"Why might I receive an error stating 'requested access to the resource is denied' during a `docker pull`, and how can I resolve it if my incorrect image name was `dbpage/pgadmin4` instead of the correct one?",data-engineering-zoomcamp,bceb4aa421
"Is a DockerHub login required to fetch images used in the Data Engineering Zoomcamp, given that all mentioned images are public?",data-engineering-zoomcamp,bceb4aa421
What steps should be taken if a needed Docker image is located in a private repository that only my DockerHub account can access?,data-engineering-zoomcamp,bceb4aa421
Can you explain the difference between pulling an image from a public repository versus a private one in terms of authentication requirements?,data-engineering-zoomcamp,bceb4aa421
Why do I receive permission errors when mounting a host directory to Postgres in Docker?,data-engineering-zoomcamp,0beb2b5df7
How can I prevent the error `could not change permissions of directory` when using `-v $(pwd)/ny_taxi_postgres_data:/var/lib/postgresql/data`?,data-engineering-zoomcamp,0beb2b5df7
What is the recommended approach to avoid cross-OS permission problems with PostgreSQL data directories in Docker?,data-engineering-zoomcamp,0beb2b5df7
"If I must use a host-bind mount on Linux, how do I grant the Postgres container appropriate permissions for the directory?",data-engineering-zoomcamp,0beb2b5df7
How can I handle the situation when `initdb` reports that the target directory exists but is not empty during subsequent container runs?,data-engineering-zoomcamp,0beb2b5df7
How can I resolve the issue when Docker fails to start or gets stuck in settings on Windows 10/11?,data-engineering-zoomcamp,3549528659
What steps should I take if upgrading Docker through the menu does not work?,data-engineering-zoomcamp,3549528659
Where can I download the latest version of Docker for Windows?,data-engineering-zoomcamp,3549528659
How do I switch between different container backends (Windows vs. Linux) when Docker is stuck starting?,data-engineering-zoomcamp,3549528659
What specific configurations are required to enable Hyper-V or WSL2 backend for Docker on Windows 10/11 Pro Edition?,data-engineering-zoomcamp,3549528659
"In the context of running Docker on Windows, should I execute Docker commands from the native Windows file system or from a Linux file system when using WSL?",data-engineering-zoomcamp,c7e1100613
What specific steps are outlined in the tutorial linked for installing and configuring WSL2 to work with Docker on Windows Home Edition?,data-engineering-zoomcamp,c7e1100613
"If Docker does not function properly even after setting up WSL2 or Hyper-V correctly, what alternative solutions are suggested in the FAQ record?",data-engineering-zoomcamp,c7e1100613
Where can I find detailed instructions for resetting Docker to factory defaults if it becomes unresponsive?,data-engineering-zoomcamp,c7e1100613
What is the recommended action to take if all other troubleshooting steps fail to resolve Docker issues on Windows with WSL?,data-engineering-zoomcamp,c7e1100613
What error message appears when trying to run a Docker container interactively on Windows without `winpty`?,data-engineering-zoomcamp,ed8dcfbb5a
"How can I resolve the ""the input device is not a TTY"" error when executing a Docker command in Windows?",data-engineering-zoomcamp,ed8dcfbb5a
Which prefix should be added before the `docker run` command to fix the TTY issue on Windows?,data-engineering-zoomcamp,ed8dcfbb5a
What configuration change should be made to my shell profile (`~/.bashrc` or `~/.bash_profile`) to avoid manually typing `winpty` each time I use Docker on Windows?,data-engineering-zoomcamp,ed8dcfbb5a
Where can I find the original source that provides this solution for the Docker TTY problem on Windows?,data-engineering-zoomcamp,ed8dcfbb5a
Why am I unable to execute `pip install` within a Docker container running on Windows?,data-engineering-zoomcamp,4c8959502e
What specific error message indicates that pip installation is failing in a Docker container on Windows?,data-engineering-zoomcamp,4c8959502e
How can adding `--dns=8.8.8.8` when running the Docker command resolve network-related issues during pip installations?,data-engineering-zoomcamp,4c8959502e
What is the purpose of using `winpty` before the `docker run` command in this context?,data-engineering-zoomcamp,4c8959502e
Which Docker image tag (`python:3.9`) and DNS server (`8.8.8.8`) are recommended to fix pip installation problems on Windows?,data-engineering-zoomcamp,4c8959502e
What should I do if `ny_taxi_postgres_data` appears empty even though Postgres has started?,data-engineering-zoomcamp,87e92edf02
How can I resolve the error `Docker: invalid reference format: repository name must be lowercase` when running Docker commands in Git Bash on Windows?,data-engineering-zoomcamp,87e92edf02
Why does Docker create a folder with an unexpected name like `ny_taxi_postgres_data;C` during volume mounting?,data-engineering-zoomcamp,87e92edf02
"What are the recommended `-v` syntax variants to use for mounting host paths on Windows with MINGW64, especially when paths contain spaces?",data-engineering-zoomcamp,87e92edf02
"If all bind-mount options fail, how can I switch to using a named volume in Docker on Windows without losing data persistence?",data-engineering-zoomcamp,87e92edf02
What are the two primary methods for installing Docker on macOS?,data-engineering-zoomcamp,b2eabcd7dc
"How can I download Docker Desktop for Mac, and where should I obtain it from?",data-engineering-zoomcamp,b2eabcd7dc
"If I choose to install Docker using Homebrew, what precautions should I take regarding potential conflicts with command-line tools?",data-engineering-zoomcamp,b2eabcd7dc
Could you provide the exact Homebrew commands needed to install Docker Desktop and its associated command line tools?,data-engineering-zoomcamp,b2eabcd7dc
Where can I find further reading or a detailed article on setting up Docker in macOS?,data-engineering-zoomcamp,b2eabcd7dc
What is the command to list all Docker volumes on my system?,data-engineering-zoomcamp,30dcc71db8
How do I create a compressed backup of PostgreSQL data stored in a Docker volume while the container is running?,data-engineering-zoomcamp,30dcc71db8
What steps are required to restore PostgreSQL data from a previously created tar.gz backup into a Docker volume?,data-engineering-zoomcamp,30dcc71db8
"Can you provide the exact `docker exec` command to dump the contents of a specific database (e.g., 'ny_taxi') into an SQL file within a running PostgreSQL container?",data-engineering-zoomcamp,30dcc71db8
"If my PostgreSQL data is stored in a host-mounted directory defined in `docker-compose.yaml`, how can I manually back up that data to another location on the host?",data-engineering-zoomcamp,30dcc71db8
Why am I encountering the error 'ERRO[0000] error waiting for container: context canceled' when using Docker?,data-engineering-zoomcamp,d87e3d2a14
"How can I check if Docker was installed via snap, and what should I do if it was?",data-engineering-zoomcamp,d87e3d2a14
What command should I run to verify the installation method of Docker on my system?,data-engineering-zoomcamp,d87e3d2a14
"If the snap status command fails with 'unknown command ""status""', how do I proceed to fix the Docker installation issue?",data-engineering-zoomcamp,d87e3d2a14
Where can I find the official guide to install Docker correctly when the snap installation seems problematic?,data-engineering-zoomcamp,d87e3d2a14
How can I view all the networks created in my Docker environment?,data-engineering-zoomcamp,79e44b9c07
What command is used to list Docker networks along with their details?,data-engineering-zoomcamp,79e44b9c07
Where can I find the official documentation for the `docker network ls` command?,data-engineering-zoomcamp,79e44b9c07
Which section of the 'data-engineering-zoomcamp' course covers Docker networking commands?,data-engineering-zoomcamp,79e44b9c07
What specific instruction should I follow to retrieve the name of a Docker network?,data-engineering-zoomcamp,79e44b9c07
"What does the error message 'Error response from daemon: Conflict. The container name ""pg-database"" is already in use by container ""xxx"".' indicate?",data-engineering-zoomcamp,381dfe5145
"How can I resolve a conflict when trying to restart a Docker container with the name ""pg-database"" that is already in use?",data-engineering-zoomcamp,381dfe5145
"If a Docker container named ""pg-database"" is currently running, what command should I execute to stop it before renaming or removing?",data-engineering-zoomcamp,381dfe5145
"What is the correct Docker command to remove a stopped container named ""pg-database"" to allow reuse of its name?",data-engineering-zoomcamp,381dfe5145
Is there an alternative method to restart a Docker container without first stopping and removing it if it conflicts with an existing container name?,data-engineering-zoomcamp,381dfe5145
Why does the error `could not translate host name pgdatabase to address` occur in a Docker Compose setup?,data-engineering-zoomcamp,1700cb2bd4
"What is the default network name created by Docker Compose, and how can I verify it?",data-engineering-zoomcamp,1700cb2bd4
How can I ensure that service names are correctly resolved across containers in different networks?,data-engineering-zoomcamp,1700cb2bd4
"If my ingestion container was started with `--network <name>`, what should I do if `<name>` does not match the actual network created by Compose?",data-engineering-zoomcamp,1700cb2bd4
What steps should I take to resolve a hostname mismatch between my script and the Docker Compose service names?,data-engineering-zoomcamp,1700cb2bd4
How can I enable nested virtualization for an Intel CPU when running a MacOS/Windows 11 VM on top of Linux?,data-engineering-zoomcamp,c6cd0fedc5
What command should be executed to allow nested virtualization for an AMD CPU in a similar VM configuration?,data-engineering-zoomcamp,c6cd0fedc5
Why is nested virtualization necessary to install Docker within a VM running on Linux?,data-engineering-zoomcamp,c6cd0fedc5
Are there any additional steps required after executing the modprobe commands to successfully enable nested virtualization?,data-engineering-zoomcamp,c6cd0fedc5
Which specific module of the 'data-engineering-zoomcamp' course covers the procedure for installing Docker in a nested virtualized environment?,data-engineering-zoomcamp,c6cd0fedc5
How do I install the official extension for managing Docker containers in Visual Studio Code?,data-engineering-zoomcamp,0cc94bef66
What steps are required to launch the Docker extension from within VS Code?,data-engineering-zoomcamp,0cc94bef66
Is it possible to manage Docker resources when my Docker environment is running on WSL2 using VS Code?,data-engineering-zoomcamp,0cc94bef66
Which icon in the left sidebar of VS Code indicates the active Docker extension?,data-engineering-zoomcamp,0cc94bef66
"Can I use VS Code to monitor and control Docker containers, images, networks, and Compose projects simultaneously?",data-engineering-zoomcamp,0cc94bef66
"In Module 1 of the data-engineering-zoomcamp course, what command is used to stop a running Docker container?",data-engineering-zoomcamp,9e05e54958
How do I identify the container ID when stopping a Docker container in the data engineering ZoomCamp?,data-engineering-zoomcamp,9e05e54958
What is the precise syntax for halting a specific container using Docker within the context of the provided FAQ record?,data-engineering-zoomcamp,9e05e54958
"According to the FAQ entry from data-engineering-zoomcamp, Module 1, what action stops a Docker container identified by its ID?",data-engineering-zoomcamp,9e05e54958
Which command should be executed to cease the operation of a Docker container as outlined in the FAQ for the data engineering ZoomCamp course?,data-engineering-zoomcamp,9e05e54958
How can I install Docker on Ubuntu where the regular installation methods are not available?,data-engineering-zoomcamp,1b727dde32
What command should I use to install Docker via Snap on Ubuntu?,data-engineering-zoomcamp,1b727dde32
Is there a specific sudo privilege required to execute the Snap installation command for Docker on Ubuntu?,data-engineering-zoomcamp,1b727dde32
Which versions of Ubuntu support installing Docker using the `snap` package manager?,data-engineering-zoomcamp,1b727dde32
"After executing the provided command, how can I verify that Docker has been successfully installed on my Ubuntu system?",data-engineering-zoomcamp,1b727dde32
What does the -i flag in `docker run -it` accomplish?,data-engineering-zoomcamp,fa905a3e7b
What is the purpose of the -t flag when used with `docker run`?,data-engineering-zoomcamp,fa905a3e7b
How do the -i and -t flags interact when both are specified together in a Docker command?,data-engineering-zoomcamp,fa905a3e7b
Can you provide an example demonstrating the use of `-i` to send input to a running container?,data-engineering-zoomcamp,fa905a3e7b
Why would one typically use both `-it` flags for interactive shell sessions in Docker?,data-engineering-zoomcamp,fa905a3e7b
Why is my PgAdmin showing an empty database after running docker-compose up?,data-engineering-zoomcamp,a950fda271
What command should I use to build and run the taxi_ingest container with the correct networking setup?,data-engineering-zoomcamp,a950fda271
How do I ensure that the `--network` flag in my Docker run command matches the network defined in the docker-compose.yaml file?,data-engineering-zoomcamp,a950fda271
"If the docker-compose.yaml file does not explicitly define a network, what is the automatically generated network name based on the directory containing the yaml file?",data-engineering-zoomcamp,a950fda271
"During the execution of `docker-compose up`, how can I verify that the correct default network (e.g., week_1_default) has been created?",data-engineering-zoomcamp,a950fda271
How can I ensure that my server configurations and query history in pgAdmin persist across container restarts?,data-engineering-zoomcamp,ac52bea382
What is the recommended method to store pgAdmin configuration data outside of the Docker container?,data-engineering-zoomcamp,ac52bea382
"If I decide to use a host-bind mount for storing pgAdmin data, what steps are required to correctly set file permissions?",data-engineering-zoomcamp,ac52bea382
Will using a named volume instead of a host-bind mount solve permission issues on cloud VMs like those provided by GCP?,data-engineering-zoomcamp,ac52bea382
What environment variables must be set when running the dpage/pgadmin4 image to configure default user credentials?,data-engineering-zoomcamp,ac52bea382
What error messages might appear if the Docker engine crashes continuously after a restart?,data-engineering-zoomcamp,5baf3e8a5e
How can I verify whether my current Docker installation is up to date?,data-engineering-zoomcamp,5baf3e8a5e
"If updating Docker does not resolve the ""failed to fetch extensions"" issue, what should be the next troubleshooting step?",data-engineering-zoomcamp,5baf3e8a5e
Will reinstalling Docker affect any existing containers or images that I have already downloaded?,data-engineering-zoomcamp,5baf3e8a5e
Are there any specific configurations or settings I need to review after reinstalling Docker to prevent recurrence of the error?,data-engineering-zoomcamp,5baf3e8a5e
How do I resolve the 'docker-compose: command not found' error after downloading the binary?,data-engineering-zoomcamp,e43abaa421
What steps should I take to ensure I download the correct docker-compose binary for my Linux system's architecture?,data-engineering-zoomcamp,e43abaa421
"Why am I encountering a 'cannot execute binary file: Exec format error', and how can I fix it on an ARM64 machine?",data-engineering-zoomcamp,e43abaa421
How can I address the 'error getting credentials' issue when Docker requests a credential helper that is missing?,data-engineering-zoomcamp,e43abaa421
What should I do to grant my user permission to connect to Docker's socket without encountering a 'permission denied' error?,data-engineering-zoomcamp,e43abaa421
How do I create a new volume in Docker to resolve setup issues with `docker-compose.yml`?,data-engineering-zoomcamp,73876c8348
What modification should be made to the `docker-compose.yml` file for PostgreSQL data ingestion?,data-engineering-zoomcamp,73876c8348
Why must I set `low_memory=False` when importing a large CSV file using pandas?,data-engineering-zoomcamp,73876c8348
Which function from the `upload-data.ipynb` notebook is recommended for tracking data ingestion timing?,data-engineering-zoomcamp,73876c8348
What is the correct sequence of steps to start and connect to pgAdmin after running `docker compose up` in the `2_docker_sql` directory?,data-engineering-zoomcamp,73876c8348
Why does my Postgres container fail to launch with exit code (1) when using docker-compose?,data-engineering-zoomcamp,d3c860aa46
What is the reason behind the initialization of the Postgres database before running `docker-compose up -d`?,data-engineering-zoomcamp,d3c860aa46
"Can you provide a command to initialize a PostgreSQL database for use with Docker Compose, specifically for a dataset named 'ny_taxi' with user 'root' and password 'root'?",data-engineering-zoomcamp,d3c860aa46
How can I configure the PostgreSQL container to map data from the local directory `/path/to/data` into the container's `/var/lib/postgresql/data` volume during initialization?,data-engineering-zoomcamp,d3c860aa46
What network setting should be applied to ensure that the Postgres container can communicate with other containers in the same Docker Compose setup?,data-engineering-zoomcamp,d3c860aa46
What is the primary cause of the error 'WSL: Insufficient system resources exist to complete the requested service'?,data-engineering-zoomcamp,ec091c69a0
How can I update Windows Terminal from the Microsoft Store?,data-engineering-zoomcamp,ec091c69a0
Which specific updates should I check for in order to resolve the insufficient system resources issue related to WSL?,data-engineering-zoomcamp,ec091c69a0
"After updating Windows Terminal and security updates, what step is necessary to apply these changes effectively?",data-engineering-zoomcamp,ec091c69a0
"If I encounter this error while working with Docker during Module 1 of the data-engineering-zoomcamp course, what immediate action should I take?",data-engineering-zoomcamp,ec091c69a0
Why does the WSL integration with Ubuntu stop unexpectedly with exit code 1?,data-engineering-zoomcamp,62f6c8dd8d
What is the first troubleshooting step suggested for resolving the WSL integration issue that results in exit code 1?,data-engineering-zoomcamp,62f6c8dd8d
How can I toggle the DNS cache service to potentially fix the WSL integration problem?,data-engineering-zoomcamp,62f6c8dd8d
"After toggling the DNS cache service, what should I do next to attempt a resolution of the exit code 1 error?",data-engineering-zoomcamp,62f6c8dd8d
"If the issue persists after adjusting the DNS cache settings, what alternative Docker Desktop setting should be checked?",data-engineering-zoomcamp,62f6c8dd8d
How can I resolve the 'Permissions too open' error when attempting to connect to a GPC VM via SSH using WSL2?,data-engineering-zoomcamp,73c8de600c
What command should I use to ensure that my SSH key is correctly recognized by WSL2 during an SSH connection attempt?,data-engineering-zoomcamp,73c8de600c
"What steps are required to adjust file permissions for an SSH private key (e.g., `gpc`) so it can be used without errors in WSL2?",data-engineering-zoomcamp,73c8de600c
"If WSL2 does not automatically locate the `.ssh` directory, what procedure should I follow to manually create and populate a matching `.ssh` folder within my WSL2 home directory?",data-engineering-zoomcamp,73c8de600c
"After transferring SSH configuration files from a Windows location (`/mnt/c/Users/YourUsername/.ssh/*`) to a newly created `.ssh` folder in WSL2, what additional permission adjustments might be necessary?",data-engineering-zoomcamp,73c8de600c
What should I do if WSL2 cannot resolve the host name while trying to connect to a GPC VM using SSH?,data-engineering-zoomcamp,16d0d756c3
How can I ensure that WSL2 is referencing the correct `.ssh/config` file from Windows for SSH connections?,data-engineering-zoomcamp,16d0d756c3
"Could you guide me through creating a `config` file in the home directory of WSL2 with the necessary SSH settings, such as the host name, username, and private key path?",data-engineering-zoomcamp,16d0d756c3
What steps are required to set up an SSH configuration file within the WSL2 environment to successfully connect to a remote GPC VM?,data-engineering-zoomcamp,16d0d756c3
"Why might WSL2 fail to resolve a host name, and what is the recommended solution involving the `.ssh/config` file?",data-engineering-zoomcamp,16d0d756c3
What does the error message 'Error: error starting userland proxy: listen tcp4 0.0.0.0:8080: bind: address already in use' indicate?,data-engineering-zoomcamp,8b082e74c0
How can I identify which service is currently using port 8080 on my system?,data-engineering-zoomcamp,8b082e74c0
"What is the command to forcefully terminate the process occupying a specific TCP port, such as 8080?",data-engineering-zoomcamp,8b082e74c0
"In the context of Docker, why might a proxy attempt fail due to an address already in use error?",data-engineering-zoomcamp,8b082e74c0
What steps should I follow to resolve a conflict where a port required by Docker is already occupied by another service?,data-engineering-zoomcamp,8b082e74c0
Is it possible to use Docker Engine within WSL2 (Ubuntu) without installing Docker Desktop?,data-engineering-zoomcamp,8c1d06d681
What are the advantages of running Docker directly inside WSL2 compared to using Docker Desktop?,data-engineering-zoomcamp,8c1d06d681
Do I need any special configurations to run Docker commands from the WSL2 terminal after installation?,data-engineering-zoomcamp,8c1d06d681
Can I manage Docker containers and images efficiently through the CLI when Docker is set up in WSL2?,data-engineering-zoomcamp,8c1d06d681
Will running Docker in WSL2 impact performance or resource usage on my host machine?,data-engineering-zoomcamp,8c1d06d681
Why does docker-compose take an infinitely long time to install the zip and unzip packages for Linux when unpacking datasets?,data-engineering-zoomcamp,687d54c6ba
What command can I use to automatically agree to install additional packages during `apt-get` installation in Docker?,data-engineering-zoomcamp,687d54c6ba
How can I extract files from a ZIP archive using Python without installing external `zip` and `unzip` packages?,data-engineering-zoomcamp,687d54c6ba
Is there an alternative method to handle ZIP file extractions within a Docker environment that avoids package installations?,data-engineering-zoomcamp,687d54c6ba
What specific flags should be added to the `apt-get install` command to speed up the installation of zip and unzip utilities in a Docker container?,data-engineering-zoomcamp,687d54c6ba
"What is the most common cause of ""FATAL: password authentication failed for user ""root"""" error when using pgcli to connect to a Postgres container?",data-engineering-zoomcamp,b9cd2aaccb
How can I verify if the Docker `postgres` container with port mapping `0.0.0.0:5432->5432/tcp` is running?,data-engineering-zoomcamp,b9cd2aaccb
"What steps should I take if I encounter a ""connection refused"" error and suspect that another application might be using port 5432 on my host?",data-engineering-zoomcamp,b9cd2aaccb
"Why would I see a ""FATAL: database ""ny_taxi"" does not exist"" message after the database was previously created, and how can I resolve it?",data-engineering-zoomcamp,b9cd2aaccb
What command should I use to check if any process is currently listening on port 5432 on a Linux or macOS system?,data-engineering-zoomcamp,b9cd2aaccb
What is the purpose of creating a common network named `pg-network` in the ingestion pipeline setup?,data-engineering-zoomcamp,30622af850
How should I specify environment variables when running the Postgres container to ensure successful database creation?,data-engineering-zoomcamp,30622af850
What command do I need to execute to build the Docker container for the ingestion script located in the `/pipeline` directory?,data-engineering-zoomcamp,30622af850
Which flags must be included in the `docker run` command for the ingestion container to connect to the Postgres instance correctly?,data-engineering-zoomcamp,30622af850
"After running the ingestion process, what SQL query can I use within pgcli to verify the number of records inserted into the `yellow_taxi_trips` table?",data-engineering-zoomcamp,30622af850
Is it necessary to run pgcli within a separate Docker container when the PostgreSQL 5432 port is already mapped to my computer's 5432 port?,data-engineering-zoomcamp,8ddf54cbd0
How can I directly access the PostgreSQL database using pgcli from my local machine in this course setup?,data-engineering-zoomcamp,8ddf54cbd0
What is the purpose of mapping the PostgreSQL 5432 port to my computer's 5432 port during Module 1?,data-engineering-zoomcamp,8ddf54cbd0
Will running pgcli on my local system provide the same functionality as executing it inside an additional Docker container for data engineering purposes?,data-engineering-zoomcamp,8ddf54cbd0
Does the configuration described in Module 1 eliminate the need for any extra containerization when using pgcli with PostgreSQL?,data-engineering-zoomcamp,8ddf54cbd0
What does the permission error `[Errno 13] Permission denied: '~/.config/pgcli'` indicate?,data-engineering-zoomcamp,05e6bff42c
Why might running `pgcli` with `sudo` earlier cause this permission issue?,data-engineering-zoomcamp,05e6bff42c
How can I restore ownership of the `~/.config/pgcli` directory to my user account?,data-engineering-zoomcamp,05e6bff42c
What is recommended instead of using `sudo` for installing and running `pgcli`?,data-engineering-zoomcamp,05e6bff42c
How can I ensure that `pgcli` is installed in an isolated environment to avoid permission problems?,data-engineering-zoomcamp,05e6bff42c
How can I resolve the 'pgcli: command not found' error after installing `pgcli` on Git Bash?,data-engineering-zoomcamp,aa8c30b777
What steps should I take to fix the 'pgcli: The term is not recognized as an internal or external command' issue in Windows Terminal?,data-engineering-zoomcamp,aa8c30b777
Can you guide me through locating the correct Python Scripts path when adding it to the Windows PATH variable for `pgcli` compatibility?,data-engineering-zoomcamp,aa8c30b777
"If my Python installation is located at `c:\python310\lib`, what specific directory should I add to the system's PATH environment variable to resolve the pgcli command issue?",data-engineering-zoomcamp,aa8c30b777
What is the URL of the Stack Overflow reference that provides additional troubleshooting steps for the 'pgcli: command not found' problem?,data-engineering-zoomcamp,aa8c30b777
How can I run pgcli within a Docker container for the course?,data-engineering-zoomcamp,c6a6a991d8
What is the command to execute when using the Docker image `ai2ys/dockerized-pgcli:4.0.1` with a custom network name of `pg-network`?,data-engineering-zoomcamp,c6a6a991d8
"Which Postgres variables should be used in the pgcli command to connect to the database named `ny_taxi` running on host `pg-database`, user `root`, port `5432`?",data-engineering-zoomcamp,c6a6a991d8
What password prompt will appear when executing the pgcli connection command for the root user?,data-engineering-zoomcamp,c6a6a991d8
"After connecting via Docker, how do I list all tables in the `ny_taxi` database using pgcli?",data-engineering-zoomcamp,c6a6a991d8
"Why is `PULocationID` not recognized in PostgreSQL queries while `""PULocationID""` works?",data-engineering-zoomcamp,45ffd3e213
What determines the case sensitivity of unquoted identifiers in PostgreSQL?,data-engineering-zoomcamp,45ffd3e213
Where can I find documentation explaining the rules for identifier quoting in PostgreSQL?,data-engineering-zoomcamp,45ffd3e213
How should I correctly quote column names that contain capital letters to ensure they are recognized by the database?,data-engineering-zoomcamp,45ffd3e213
"In the context of data engineering with Postgres, what is the recommended way to specify column names that include uppercase characters?",data-engineering-zoomcamp,45ffd3e213
Why am I encountering the error 'column c.relhasoids does not exist' when executing the `\d <database name>` command in pgcli?,data-engineering-zoomcamp,0a6a3ccf35
What steps should I follow to resolve the 'column c.relhasoids does not exist' error in pgcli?,data-engineering-zoomcamp,0a6a3ccf35
"Is uninstalling and reinstalling pgcli necessary to fix the mentioned error, or are there alternative solutions?",data-engineering-zoomcamp,0a6a3ccf35
"After reinstalling pgcli, what additional action is recommended to ensure the changes take effect?",data-engineering-zoomcamp,0a6a3ccf35
Does restarting my computer after reinstalling pgcli affect any other installed software or configurations?,data-engineering-zoomcamp,0a6a3ccf35
How can I resolve the error 'Postgres: bind: address already in use' when starting a Docker Postgres container?,data-engineering-zoomcamp,f291e8d311
What command should I execute to find out which service is currently using port 5432 on my system?,data-engineering-zoomcamp,f291e8d311
"After identifying the conflicting service, what specific command do I need to run to stop it?",data-engineering-zoomcamp,f291e8d311
"If I want to avoid future port conflicts with the Postgres container, which configuration change should I make in my Docker setup?",data-engineering-zoomcamp,f291e8d311
"When mapping a local port to a different container port in Docker, where should I specify this mapping (`Dockerfile` or `docker-compose.yml`)?",data-engineering-zoomcamp,f291e8d311
Why am I receiving a 'column does not exist' error in my PostgreSQL query using Psycopg2 on a MacBook Pro M2?,data-engineering-zoomcamp,4277a9cb86
How can I correctly specify column names in a JOIN query to avoid the 'column does not exist' error with Psycopg2?,data-engineering-zoomcamp,4277a9cb86
What is the difference between single quotes and double quotes when naming columns in a PostgreSQL query via Psycopg2?,data-engineering-zoomcamp,4277a9cb86
Is there a specific syntax or convention for quoting column identifiers that should be used with Psycopg2 on macOS devices?,data-engineering-zoomcamp,4277a9cb86
"After encountering a 'column does not exist' error, what steps should I follow to ensure my column names are properly referenced in a join operation using Psycopg2?",data-engineering-zoomcamp,4277a9cb86
Why isn't the Create Server dialog showing up in my current version of pgAdmin?,data-engineering-zoomcamp,117164c439
What alternative method can I use to create a new server in the latest version of pgAdmin?,data-engineering-zoomcamp,117164c439
In which menu option should I look for to register a new server within the updated pgAdmin interface?,data-engineering-zoomcamp,117164c439
Is there a specific command or sequence of actions recommended for setting up a server after the recent pgAdmin update?,data-engineering-zoomcamp,117164c439
How can I ensure that my server configuration is correctly applied following the changes in the newer version of pgAdmin?,data-engineering-zoomcamp,117164c439
How can I resolve the CSRF session token is missing error when using pgAdmin within a Docker container?,data-engineering-zoomcamp,0cfd7f7ed6
What immediate steps should I take in my browser to fix the CSRF token mismatch issue while running pgAdmin in Docker?,data-engineering-zoomcamp,0cfd7f7ed6
Which environment variables need to be added to the Docker configuration for pgAdmin to eliminate the CSRF token problem?,data-engineering-zoomcamp,0cfd7f7ed6
"After adding the necessary environment variables, what command should I run to restart the pgAdmin container and apply the changes?",data-engineering-zoomcamp,0cfd7f7ed6
"What are the security implications of disabling CSRF protection by setting `PGADMIN_CONFIG_WTF_CSRF_ENABLED` and `PGADMIN_CONFIG_WTF_CSRF_CHECK_DEFAULT` to `False`, and how should this be handled in production versus development environments?",data-engineering-zoomcamp,0cfd7f7ed6
Why can't I access the PgAdmin address through my browser when running the PgAdmin container with `docker run` or `docker compose`?,data-engineering-zoomcamp,2efd03d7f8
What modifications are required to the `docker run` command to successfully open PgAdmin in the browser?,data-engineering-zoomcamp,2efd03d7f8
How should the `docker-compose.yaml` file be configured to allow browser access to PgAdmin?,data-engineering-zoomcamp,2efd03d7f8
Which environment variables need to be set to enable access to PgAdmin from outside the container?,data-engineering-zoomcamp,2efd03d7f8
"After applying the suggested changes, what is the correct URL to use in the browser to reach PgAdmin?",data-engineering-zoomcamp,2efd03d7f8
"Why are 100,000 records missing when I run the Jupyter notebook containing the NY Taxi data ingestion script a second time?",data-engineering-zoomcamp,0d6dc0d041
What specific change should I make to the Jupyter notebook to ensure all ~1.3 million rows are ingested into the `yellow_taxi_data` table without missing any records?,data-engineering-zoomcamp,0d6dc0d041
Is it possible to execute the entire script in the Jupyter notebook multiple times without encountering issues with record duplication or omission?,data-engineering-zoomcamp,0d6dc0d041
"What is the purpose of removing the cell `df=next(df_iter)` that appears above the while loop, and how does this affect data ingestion efficiency?",data-engineering-zoomcamp,0d6dc0d041
"After modifying the notebook as instructed, will the data be correctly ingested into Postgres when the logic is later moved to a `.py` file for the pipeline?",data-engineering-zoomcamp,0d6dc0d041
How can I specify which columns to parse as dates when reading a CSV file with `pd.read_csv` in Pandas?,data-engineering-zoomcamp,5b4c133384
What parameter should be used in `pd.read_csv` to directly convert string column values to datetime objects?,data-engineering-zoomcamp,5b4c133384
"After using `parse_dates` in `pd.read_csv`, how can I verify that the specified columns have been converted to datetime type?",data-engineering-zoomcamp,5b4c133384
Can you provide an example of reading a CSV file where both 'tpep_pickup_datetime' and 'tpep_dropoff_datetime' are parsed as dates?,data-engineering-zoomcamp,5b4c133384
What is the benefit of parsing date columns during the `pd.read_csv` operation instead of converting them afterward?,data-engineering-zoomcamp,5b4c133384
Why does the Python script fail to fetch data from the GitHub link using curl?,data-engineering-zoomcamp,e80e8216d5
What is the correct syntax to use in a Python os.system call for downloading a CSV file from a provided URL?,data-engineering-zoomcamp,e80e8216d5
"In Module 1 of the Data Engineering Zoom Camp, how do we ingest data from an external GitHub repository into our Python environment?",data-engineering-zoomcamp,e80e8216d5
Could you provide an example of using `os.system` with `curl` to download a file named '{csv_name}' from '{url}'?,data-engineering-zoomcamp,e80e8216d5
What potential issues might arise when attempting to use curl within a Python script for downloading files from GitHub?,data-engineering-zoomcamp,e80e8216d5
How can I read a Gzip compressed CSV file using the `read_csv()` function in Pandas?,data-engineering-zoomcamp,e0c1900c47
What is the appropriate file extension for a Gzip compressed CSV file?,data-engineering-zoomcamp,e0c1900c47
Which parameter should be set to 'gzip' when reading a '.csv.gz' file with Pandas' `read_csv()` method?,data-engineering-zoomcamp,e0c1900c47
Is there any option within `pd.read_csv()` that helps manage memory usage effectively while reading large Gzip compressed CSV files?,data-engineering-zoomcamp,e0c1900c47
Could you provide a concise code snippet demonstrating the process of loading a Gzip-encoded CSV dataset into a Pandas DataFrame?,data-engineering-zoomcamp,e0c1900c47
How can I iterate through a large Parquet file using PyArrow in Python?,data-engineering-zoomcamp,fbfa475350
What is the recommended method to ingest rows from a Parquet file into a PostgreSQL table using Python and SQLAlchemy?,data-engineering-zoomcamp,fbfa475350
"In the provided code snippet, what does `parquet_file.iter_batches(use_threads=True)` accomplish?",data-engineering-zoomcamp,fbfa475350
How are the SQL insertion operations performed within the loop iterating over batches of the Parquet file?,data-engineering-zoomcamp,fbfa475350
What is the purpose of clearing the target PostgreSQL table (`table_name`) before ingesting new data?,data-engineering-zoomcamp,fbfa475350
What should I do if I encounter an `ImportError: cannot import name 'TypeAliasType' from 'typing_extensions'` when trying to use SQLAlchemy's `create_engine`?,data-engineering-zoomcamp,26ff32cb35
How can I resolve the `ModuleNotFoundError: No module named 'psycopg2'` error when working with PostgreSQL in Python?,data-engineering-zoomcamp,26ff32cb35
What is the correct connection string format for using psycopg3 with SQLAlchemy's `create_engine` function?,data-engineering-zoomcamp,26ff32cb35
"Why might I receive a `'module' object is not callable` error, and how can I fix it when importing SQLAlchemy?",data-engineering-zoomcamp,26ff32cb35
What steps should I take if I suspect that nested virtual environments are causing import issues with SQLAlchemy in my project?,data-engineering-zoomcamp,26ff32cb35
"When using `pd.read_sql_query()` with SQLAlchemy, why might I encounter the error `'OptionEngine' object has no attribute 'execute'`?",data-engineering-zoomcamp,5f8cf90bb4
What steps should I take to resolve the issue where `read_sql_query()` throws an error about a missing `execute` attribute in the OptionEngine object?,data-engineering-zoomcamp,5f8cf90bb4
How can I ensure compatibility between SQLAlchemy and pandas when encountering execution errors with `pd.read_sql_query()`?,data-engineering-zoomcamp,5f8cf90bb4
What is the recommended method to wrap a SQL query using SQLAlchemy to avoid the `'OptionEngine' object has no attribute 'execute'` error when reading into a DataFrame?,data-engineering-zoomcamp,5f8cf90bb4
"In the context of data engineering, what upgrade commands should I use for both SQLAlchemy and pandas to potentially fix execution-related errors in `pd.read_sql_query()`?",data-engineering-zoomcamp,5f8cf90bb4
How can I correctly reference a column named 'Zone' in a PostgreSQL query if it starts with an uppercase letter?,data-engineering-zoomcamp,bac852d170
"What is the appropriate syntax to select all records from the 'zones' table where the 'Zone' column equals 'Astoria Zone', considering potential naming issues?",data-engineering-zoomcamp,bac852d170
"If my database contains a zone labeled only as 'Astoria' instead of 'Astoria Zone', how should I modify the SQL query to retrieve the correct data?",data-engineering-zoomcamp,bac852d170
Why does enclosing the column name in double quotes resolve the error related to the non-existent 'Zone' column in the `SELECT * FROM zones_taxi WHERE Zone='Astoria Zone';` query?,data-engineering-zoomcamp,bac852d170
What steps should I take to verify whether a specific zone label exists in my dataset before executing an SQL query targeting that label?,data-engineering-zoomcamp,bac852d170
Why does the SQL query `SELECT Zone FROM taxi_zones` result in an error stating that the column 'Zone' doesn't exist?,data-engineering-zoomcamp,358cb2fd4d
How can I ensure all column names in my database are consistently lowercase to avoid such errors?,data-engineering-zoomcamp,358cb2fd4d
"After reading a CSV file into a Pandas DataFrame, what operation should be applied to convert all column names to lowercase?",data-engineering-zoomcamp,358cb2fd4d
What is the purpose of executing `df.columns = df.columns.str.lower()` after loading data from 'taxi+_zone_lookup.csv' into a DataFrame named `df`?,data-engineering-zoomcamp,358cb2fd4d
"In the context of data engineering with Python and Pandas, why is it recommended to maintain uniform casing for column names?",data-engineering-zoomcamp,358cb2fd4d
Why does PostgreSQL fail to start after upgrading from version 16 to version 18 in a Docker container?,data-engineering-zoomcamp,5f560784b0
What change in the data directory structure caused the startup failure when moving from Postgres 16 to Postgres 18?,data-engineering-zoomcamp,5f560784b0
"If I have an existing volume created with Postgres 16, how should I modify it to work with Postgres 18?",data-engineering-zoomcamp,5f560784b0
What specific steps are required to update the Docker Compose configuration for a new Postgres 18 data directory mount path?,data-engineering-zoomcamp,5f560784b0
How can I ensure that my data is safely backed up before removing and recreating volumes during the upgrade process?,data-engineering-zoomcamp,5f560784b0
"What should I set as the host name/address in pgAdmin to resolve the connection error 'connection failed: connection to server at ""127.0.0.1"", port 5432 failed' when connecting to a PostgreSQL server running locally?",data-engineering-zoomcamp,8fe89183d7
"If using 'localhost' does not work for establishing a PostgreSQL connection in pgAdmin, what alternative host names can I try?",data-engineering-zoomcamp,8fe89183d7
How can I determine my local IPv4 address on Windows operating system to use as the host name/address in pgAdmin for connecting to a PostgreSQL server?,data-engineering-zoomcamp,8fe89183d7
"What is an alternative solution if I have installed PostgreSQL locally and disabled data persistence on the PostgreSQL container in Docker, causing connection issues with default port 5432?",data-engineering-zoomcamp,8fe89183d7
"In case none of 'localhost', 'postgres', or 'host.docker.internal' resolve the PostgreSQL connection in pgAdmin, what fallback option should I consider using?",data-engineering-zoomcamp,8fe89183d7
What could cause my table to fail creation in PostgreSQL when I submit a job?,data-engineering-zoomcamp,56d8f7ae9a
Are there any common issues related to database connections that might prevent table creation during job execution?,data-engineering-zoomcamp,56d8f7ae9a
How can I ensure that the necessary code for creating tables is included and executed properly within the job submission process?,data-engineering-zoomcamp,56d8f7ae9a
"Is it advisable to pre-create tables in PostgreSQL before running jobs, and why?",data-engineering-zoomcamp,56d8f7ae9a
"What SQL statement should I use to safely create a table only if it does not already exist, preventing runtime errors during job execution?",data-engineering-zoomcamp,56d8f7ae9a
"What type of IP address does a newly created VM in Google Cloud Platform initially use, and how often does it change?",data-engineering-zoomcamp,bd56924fcb
Why might I need to convert an ephemeral IP address to a static IP address for my virtual machine configuration?,data-engineering-zoomcamp,bd56924fcb
,data-engineering-zoomcamp,bd56924fcb
Could you describe the process of allocating a new static IP address in the GCP console?,data-engineering-zoomcamp,bd56924fcb
What is the cost implication if a static IP address is not attached to any VM instance in Google Cloud Platform?,data-engineering-zoomcamp,bd56924fcb
Where can I find detailed instructions for attaching a static IP address to an existing VM instance in GCP?,data-engineering-zoomcamp,bd56924fcb
What should I do when the Google Cloud SDK installer on Windows fails to update my system PATH automatically?,data-engineering-zoomcamp,25b0348672
How can I manually add the Google Cloud SDK's `bin/` directory to the Windows system PATH after installation?,data-engineering-zoomcamp,25b0348672
"After adding the SDK path, what steps are required to make it effective for existing and new terminal sessions?",data-engineering-zoomcamp,25b0348672
Which Windows Terminal setup is recommended for running course command-line examples that assume a Unix-like shell?,data-engineering-zoomcamp,25b0348672
What are the two alternative methods provided for setting up a Unix-like shell environment on Windows in this course?,data-engineering-zoomcamp,25b0348672
Why am I receiving the error 'Requested entity already exists' when trying to create a project in Google Cloud Platform?,data-engineering-zoomcamp,bad6a11a5a
"What does the HTTP status code 409 signify in the context of GCP project creation, and how is it related to the message 'Requested entity already exists'?",data-engineering-zoomcamp,bad6a11a5a
How can I determine if a specific project ID has already been taken before attempting to create a new project in GCP?,data-engineering-zoomcamp,bad6a11a5a
Are there any guidelines or best practices for selecting a unique project ID to avoid encountering the 'Requested entity already exists' error during GCP project creation?,data-engineering-zoomcamp,bad6a11a5a
Where can I find additional information and community discussions regarding resolving the 'Requested entity already exists' error when creating projects in Google Cloud Platform?,data-engineering-zoomcamp,bad6a11a5a
How can I verify that I have entered the correct project ID to avoid the 'accountDisabled' error when using Google Cloud Platform?,data-engineering-zoomcamp,bc90da941d
What steps are required to link a billing account to my GCP project if it is not already associated?,data-engineering-zoomcamp,bc90da941d
Where can I locate my unique project ID on the GCP Dashboard after logging in?,data-engineering-zoomcamp,bc90da941d
"If I encounter an Error 403 due to an absent billing account, what should be my first troubleshooting step?",data-engineering-zoomcamp,bc90da941d
What are the potential reasons for receiving the error message 'The project to be billed is associated with an absent billing account.' during a GCP operation?,data-engineering-zoomcamp,bc90da941d
What should I do if Google Cloud Platform rejects my credit or debit card during the free trial registration?,data-engineering-zoomcamp,53b423d784
Are there specific types of cards that are more likely to be accepted for a Google Cloud free trial account?,data-engineering-zoomcamp,53b423d784
I used a Kaspi card and it was declined; will a TBC card from Georgia work instead?,data-engineering-zoomcamp,53b423d784
"If my primary payment method is unsuccessful, what alternative payment methods can I use to sign up for the Google Cloud free trial?",data-engineering-zoomcamp,53b423d784
Does support staff typically provide effective assistance for resolving credit/debit card rejection issues during GCP account creation?,data-engineering-zoomcamp,53b423d784
"In the context of Module 1 on GCP setup and VM for the data-engineering-zoomcamp course, how do I locate my private `ny-rides.json` file within Google Cloud Platform?",data-engineering-zoomcamp,cdd91ef84a
What specific steps are required to add a JSON key for accessing my private files in GCP's Service Accounts section?,data-engineering-zoomcamp,cdd91ef84a
"Once inside the GCP interface, which tab or menu should I select after choosing the relevant project to find and create the `ny-rides.json` file?",data-engineering-zoomcamp,cdd91ef84a
"After selecting a service account within GCP, what is the exact process to generate a new key of JSON type for my private files?",data-engineering-zoomcamp,cdd91ef84a
Where can I confirm that the newly created JSON key for my private files in GCP's Service Accounts has been successfully added?,data-engineering-zoomcamp,cdd91ef84a
"What is the probable cause if I encounter a ""Failed to load"" error when trying to access the metadata section of Compute Engine, specifically to upload an SSH key?",data-engineering-zoomcamp,a1f6167da1
How can I resolve the issue where Compute Engine's metadata section fails to load and prevents me from adding an SSH key?,data-engineering-zoomcamp,a1f6167da1
Which specific Google Cloud Platform (GCP) API must be enabled to avoid a 'Failed to load' error when accessing Compute Engine’s metadata for SSH key configuration?,data-engineering-zoomcamp,a1f6167da1
"In the context of Data Engineering Zoomcamp, what step is necessary to ensure seamless access to Compute Engine metadata features such as adding an SSH key?",data-engineering-zoomcamp,a1f6167da1
What action should I take in the GCP console to fix the problem of a 'Failed to load' message when attempting to modify SSH keys through Compute Engine's settings?,data-engineering-zoomcamp,a1f6167da1
Is it necessary for me to remove my Google Cloud instance during the course?,data-engineering-zoomcamp,a697cb2dee
Will I need to recreate my Google Cloud instance if I follow Alexey's example and delete it as shown in this lecture [In this lecture](https://www.youtube.com/watch?v=ae-CV2KfoN0&list=PL3MmuxUbc_hJed7dXYoJw8DoCuVHhGEQb)?,data-engineering-zoomcamp,a697cb2dee
What will happen if I decide not to delete my instance in Google Cloud Platform while going through the week 1 readings?,data-engineering-zoomcamp,a697cb2dee
Could deleting my Google Cloud instance affect the completion of tasks for Module 1: GCP setup & VM in the data-engineering-zoomcamp course?,data-engineering-zoomcamp,a697cb2dee
"After viewing Alexey's demonstration, should I proceed with deleting or preserving my Google Cloud instance to ensure smooth progress in the course?",data-engineering-zoomcamp,a697cb2dee
How can I ensure the username in my SSH key matches the one configured on my Google Cloud VM?,data-engineering-zoomcamp,eb759226aa
What steps should I take if I generate an SSH key using Windows Command Prompt instead of MINGW/git Bash?,data-engineering-zoomcamp,eb759226aa
Why did changing the username in my SSH configuration file resolve the public key error when accessing my GCP VM?,data-engineering-zoomcamp,eb759226aa
Is it possible to delete a secondary user account (`mySSHuser`) created during the SSH key setup without affecting my primary `googleacctuser` access?,data-engineering-zoomcamp,eb759226aa
"What temporary workaround can I use if I encounter an SSH public key error while trying to connect from Windows, especially before identifying the username discrepancy?",data-engineering-zoomcamp,eb759226aa
What size of virtual machine is recommended for initial project setup?,data-engineering-zoomcamp,513410225e
How can I monitor real-time system resource usage on my VM?,data-engineering-zoomcamp,513410225e
Which command displays detailed information about CPU and memory utilization?,data-engineering-zoomcamp,513410225e
What utility lists all currently running processes along with their details?,data-engineering-zoomcamp,513410225e
How do I check the installed packages on an Ubuntu-based VM?,data-engineering-zoomcamp,513410225e
"I'm encountering a 'billingNotEnabled' error when trying to update my dataset in Google BigQuery, even though I've already linked a billing account. What steps can I take to resolve this issue?",data-engineering-zoomcamp,e34580b954
Could you explain why disabling and re-enabling the billing for a project might fix the problem where the system reports that billing has not been enabled despite having set up a billing account?,data-engineering-zoomcamp,e34580b954
What is the significance of the default table expiration time in relation to the 60-day limit mentioned in the error message from Google BigQuery?,data-engineering-zoomcamp,e34580b954
"If I disable billing for my GCP project and then re-enable it, will any existing resources or data be affected, or is this purely a configuration change?",data-engineering-zoomcamp,e34580b954
Are there any potential risks or considerations I should keep in mind when disabling and re-enabling billing for a GCP project to resolve the 'billingNotEnabled' error?,data-engineering-zoomcamp,e34580b954
What error message indicates a quota project issue during the Google Cloud SDK installation on Windows?,data-engineering-zoomcamp,8f9f91b4de
Which command should be executed to set up a quota project for Application Default Credentials after installing the GCP SDK?,data-engineering-zoomcamp,8f9f91b4de
How can I verify that the Google Cloud SDK has been successfully installed on my Windows machine?,data-engineering-zoomcamp,8f9f91b4de
What steps are required to initialize and authenticate the GCP SDK using `gcloud` commands?,data-engineering-zoomcamp,8f9f91b4de
Where can I find the comprehensive guide for installing the Windows SDK as referenced in the FAQ?,data-engineering-zoomcamp,8f9f91b4de
How can I resolve the issue of my Google Cloud Platform (GCP) Virtual Machine not starting due to insufficient resources?,data-engineering-zoomcamp,f29d45f419
What steps should I follow to create an image of my existing VM in GCP when facing resource limitations?,data-engineering-zoomcamp,f29d45f419
"After creating an image, where do I find the option to generate a new VM instance using that image?",data-engineering-zoomcamp,f29d45f419
"In the settings for the newly created VM instance from an image, how can I modify its location within GCP?",data-engineering-zoomcamp,f29d45f419
What is the purpose of changing the location setting for a new VM instance in GCP when my original VM is unable to start?,data-engineering-zoomcamp,f29d45f419
Why was this video about configuring a GCP VM created in our course?,data-engineering-zoomcamp,d8ebc91216
What difficulties did students encounter when setting up their environment without using the provided GCP VM?,data-engineering-zoomcamp,d8ebc91216
What are the benefits of using my own development environment instead of the recommended GCP VM?,data-engineering-zoomcamp,d8ebc91216
Can I directly commit changes to a GitHub repository while working inside the GCP VM?,data-engineering-zoomcamp,d8ebc91216
In what scenarios would it be preferable to use an alternative setup rather than the suggested GCP VM for our projects?,data-engineering-zoomcamp,d8ebc91216
Why am I getting a 'Permission denied' error when trying to create the `.ssh` directory in the root folder (`/`) on a GCP VM?,data-engineering-zoomcamp,51bc7e280d
What is the correct method to create an `.ssh` directory on a GCP VM without encountering permission issues?,data-engineering-zoomcamp,51bc7e280d
"After navigating to my home directory using `cd ~`, how do I proceed to successfully create the `.ssh` directory?",data-engineering-zoomcamp,51bc7e280d
Where can I find additional instructions or a video tutorial that demonstrates the process of creating the `.ssh` directory in a GCP VM environment?,data-engineering-zoomcamp,51bc7e280d
"In the context of setting up a GCP VM for data engineering, what specific steps should I follow to avoid permission errors when creating essential directories like `.ssh`?",data-engineering-zoomcamp,51bc7e280d
Why am I encountering a permission denied error when attempting to save a file in my Google Cloud Platform VM through VS Code?,data-engineering-zoomcamp,1ba58ae0e0
What specific command should I execute to modify the ownership of files within my specified directory on the VM in order to resolve the saving issue?,data-engineering-zoomcamp,1ba58ae0e0
Could you guide me through the process of connecting to my GCP VM via SSH before changing the file ownership?,data-engineering-zoomcamp,1ba58ae0e0
"After running the `sudo chown -R <user> <path to your directory>` command, what steps should I follow to confirm that the permission issue has been successfully resolved?",data-engineering-zoomcamp,1ba58ae0e0
Is there any potential risk or additional configuration required after altering the file ownership on my VM to ensure smooth operation of VS Code?,data-engineering-zoomcamp,1ba58ae0e0
Why does my SSH connection to the Google Cloud Platform (GCP) VM time out even though I connected successfully last week?,data-engineering-zoomcamp,a63d2734b2
How can I verify that my GCP virtual machine (VM) is currently running and accessible via its external IP address?,data-engineering-zoomcamp,a63d2734b2
What steps should I take to update my SSH configuration file with the current external IP address of my GCP VM?,data-engineering-zoomcamp,a63d2734b2
Could you provide a command to open and edit the SSH configuration file using Visual Studio Code from within the terminal?,data-engineering-zoomcamp,a63d2734b2
"If the connection request continues to timeout after ensuring the VM is running, where can I check for additional troubleshooting steps related to network or firewall settings?",data-engineering-zoomcamp,a63d2734b2
How can I enable SSH access on my Google Cloud Platform (GCP) virtual machine when encountering a 'no route to host' error for port 22?,data-engineering-zoomcamp,68f8a4b307
What steps are required to configure a startup script that allows incoming SSH connections on a GCP VM through the Automation section?,data-engineering-zoomcamp,68f8a4b307
"After modifying the startup script in the Automation settings of my GCP VM, what actions should I take to apply these changes effectively?",data-engineering-zoomcamp,68f8a4b307
"In the context of resolving connectivity issues to GCP VM port 22, is it necessary to stop and start the virtual machine after updating firewall rules via a startup script?",data-engineering-zoomcamp,68f8a4b307
"What specific command should be included in the startup script to permit SSH traffic on GCP VMs, ensuring successful remote connections?",data-engineering-zoomcamp,68f8a4b307
"How can I configure port forwarding for pgAdmin, PostgreSQL, and Jupyter Notebook on a Google Cloud Platform virtual machine without using Visual Studio Code?",data-engineering-zoomcamp,d6fa41adb6
What command should be executed on the VM to start Docker and launch Jupyter Notebook in the correct directory?,data-engineering-zoomcamp,d6fa41adb6
"When setting up SSH tunneling from my local machine to the VM, which specific SSH command syntax is required for forwarding ports 5432, 8080, and 8888?",data-engineering-zoomcamp,d6fa41adb6
"If I encounter authentication issues while accessing Jupyter Notebook after establishing the SSH tunnel, where can I find the necessary access token on the VM's terminal output?",data-engineering-zoomcamp,d6fa41adb6
What combined SSH command allows me to forward both pgAdmin (port 8080) and PostgreSQL (port 5432) to my local machine in a single execution?,data-engineering-zoomcamp,d6fa41adb6
"Why does `gcloud auth application-default login` hang and display ""not found"" errors for browsers in MS VS Code with WSL2?",data-engineering-zoomcamp,af2b85f346
What is the step-by-step process to resolve the OAuth URL opening issue when running the `gcloud` CLI in WSL2 from VS Code?,data-engineering-zoomcamp,af2b85f346
How can I configure trusted domains in VS Code to allow Google accounts authentication during `gcloud auth` operations?,data-engineering-zoomcamp,af2b85f346
"After configuring trusted domains, will subsequent `gcloud` authentications proceed without manual browser interaction?",data-engineering-zoomcamp,af2b85f346
"Is there a way to automate the OAuth login process for `gcloud` in WSL2 without triggering the ""Open external website"" dialog each time?",data-engineering-zoomcamp,af2b85f346
What should I do if I encounter a 'service account key creation is disabled' error while trying to create a service account key in GCP?,data-engineering-zoomcamp,06c61761df
How can I enable the creation of service account keys at the organizational level using the Google Cloud Platform (GCP) Console?,data-engineering-zoomcamp,06c61761df
In what steps must I follow to disable the policy that prevents service account key creation via the GCP Console?,data-engineering-zoomcamp,06c61761df
Which roles need to be assigned to my user account in order to modify organization policies related to service account key creation?,data-engineering-zoomcamp,06c61761df
What command sequence in the gcloud CLI is required to remove the 'disableServiceAccountKeyCreation' policy for a specific organization?,data-engineering-zoomcamp,06c61761df
Why did SSH stop working on my GCP VM after it was restarted?,data-engineering-zoomcamp,cdbabdd71a
What is the most common reason for SSH connections to fail on a GCP VM?,data-engineering-zoomcamp,cdbabdd71a
How can I check if disk space is running low on my GCP VM's filesystem?,data-engineering-zoomcamp,cdbabdd71a
What command should I use in the serial console to view detailed disk usage information?,data-engineering-zoomcamp,cdbabdd71a
"After freeing up disk space, what step should I take to restore SSH access on the GCP VM?",data-engineering-zoomcamp,cdbabdd71a
"What should I do if I lose SSH access to my Google Cloud Platform virtual machine because the disk lacks space, and I receive a 'Permission denied (publickey)' error?",data-engineering-zoomcamp,c01d835b44
Could you provide step-by-step instructions for regaining SSH access to a GCP VM when the system reports that there is insufficient space on the drive and authentication fails with a public key?,data-engineering-zoomcamp,c01d835b44
"In the context of Module 1: GCP setup & VM from the data-engineering-zoomcamp course, how can I resolve a 'Permission denied (publickey)' error after losing SSH connectivity due to disk space issues?",data-engineering-zoomcamp,c01d835b44
"What are the recommended troubleshooting steps for recovering SSH access on a Google Cloud Platform instance when the message 'Permission denied (publickey)' appears, and I suspect it's related to low disk space?",data-engineering-zoomcamp,c01d835b44
"For the data-engineering-zoomcamp course, specifically Module 1: GCP setup & VM, what is the procedure to fix lost SSH access caused by insufficient storage on a GCP virtual machine?",data-engineering-zoomcamp,c01d835b44
How can I troubleshoot the SSH connection error 'Permission denied (publickey)' when accessing a VM from VS Code on Windows?,data-engineering-zoomcamp,7889d2bad5
What steps should I follow to copy my `.ssh` folder from a Linux environment to a Windows machine for remote access via SSH?,data-engineering-zoomcamp,7889d2bad5
What exact modification is required in the `config` file within the `.ssh` directory to correctly reference a private key located at `C:\Users\<username>\.ssh\gcp` on Windows?,data-engineering-zoomcamp,7889d2bad5
Is there a specific formatting or additional line that must be included at the end of my private key file (`C:\Users\<username>\.ssh\gcp`) to ensure successful SSH authentication?,data-engineering-zoomcamp,7889d2bad5
"After setting up the `.ssh` directory and modifying the `config` file, what is the recommended method to verify that the SSH connection to ""de-zoomcamp"" now works without permission denied errors?",data-engineering-zoomcamp,7889d2bad5
Why does Terraform fail to reach the provider registry in regions like Iraq?,data-engineering-zoomcamp,dec5edee6a
What specific error messages indicate that Terraform cannot query available provider packages due to a restricted region?,data-engineering-zoomcamp,dec5edee6a
How can I configure my system to allow Terraform to access the online provider registry when running in a restricted region?,data-engineering-zoomcamp,dec5edee6a
Is using a VPN browser extension enough to resolve the 'Invalid provider registry host' error during `terraform init`?,data-engineering-zoomcamp,dec5edee6a
"After setting up a VPN, what command should I run to attempt fetching provider packages again?",data-engineering-zoomcamp,dec5edee6a
What specific error message did I receive when running `terraform apply`?,data-engineering-zoomcamp,31053272e0
"Why was Google not accessible in the context of this error, and how does it relate to my location?",data-engineering-zoomcamp,31053272e0
How can I resolve the network restriction issue that caused the error during Terraform execution?,data-engineering-zoomcamp,31053272e0
"What steps are required to configure a VPN for successful Terraform operations, especially regarding proxy settings?",data-engineering-zoomcamp,31053272e0
"If I face similar issues in the future, what should I do to troubleshoot the terminal program's proxy configuration?",data-engineering-zoomcamp,31053272e0
How can I set up Terraform on Windows 10 using the Linux Subsystem (WSL) for the Data Engineering ZoomCamp?,data-engineering-zoomcamp,a5a163f51d
What is the recommended guide to configure Terraform when working with Windows 10's Linux Subsystem as part of Module 1 of the data-engineering-zoomcamp course?,data-engineering-zoomcamp,a5a163f51d
Could you provide a link to the official documentation or blog post that details the process of installing and configuring Terraform within the WSL environment for this course?,data-engineering-zoomcamp,a5a163f51d
"In the context of the Data Engineering ZoomCamp, what specific steps should I follow to enable Terraform functionality on my Windows machine using WSL?",data-engineering-zoomcamp,a5a163f51d
"Where can I find a comprehensive walkthrough for integrating Terraform with Windows 10's Linux Subsystem, particularly relevant to Module 1 of the data-engineering-zoomcamp curriculum?",data-engineering-zoomcamp,a5a163f51d
"What does the error 'Terraform: Error acquiring the state lock' indicate, and where can I find detailed information about it?",data-engineering-zoomcamp,feb57d99da
"In the context of the 'data-engineering-zoomcamp' course under Module 1: Terraform, which GitHub issue provides further details regarding the state lock error mentioned in the FAQ record?",data-engineering-zoomcamp,feb57d99da
How can I resolve the 'Terraform: Error acquiring the state lock' when working with Terraform modules as covered in Module 1 of the 'data-engineering-zoomcamp' course?,data-engineering-zoomcamp,feb57d99da
Where should I look for troubleshooting steps related to the Terraform state lock error (ID: feb57d99da) within the course materials for Module 1?,data-engineering-zoomcamp,feb57d99da
What specific GitHub URL is referenced in the FAQ record to address the Terraform state lock error encountered during Module 1 of the 'data-engineering-zoomcamp' course?,data-engineering-zoomcamp,feb57d99da
Why am I receiving a '400 Bad Request' error with an 'Invalid JWT Token' when executing `terraform apply` in WSL2?,data-engineering-zoomcamp,dd3e6999fd
What is causing the discrepancy in JWT validation resulting from time desynchronization on my machine during Terraform operations?,data-engineering-zoomcamp,dd3e6999fd
Could you explain how system time synchronization affects the validity of JWT tokens used by Terraform?,data-engineering-zoomcamp,dd3e6999fd
How can I resolve the 'Invalid JWT: Token must be a short-lived token (60 minutes) and in a reasonable timeframe' error message encountered while running `terraform apply` on WSL2?,data-engineering-zoomcamp,dd3e6999fd
What specific command should I execute to synchronize the system time and eliminate the JWT validation issue during Terraform execution within a Windows Subsystem for Linux (WSL) environment?,data-engineering-zoomcamp,dd3e6999fd
Why am I receiving a '403: Access denied' error when running Terraform?,data-engineering-zoomcamp,55c0047f8b
How can I verify that the `$GOOGLE_APPLICATION_CREDENTIALS` environment variable is set to the correct JSON key file path?,data-engineering-zoomcamp,55c0047f8b
What command should I use to activate the service account associated with my Google Cloud credentials?,data-engineering-zoomcamp,55c0047f8b
"If `googleapi: Error 403` persists after setting `$GOOGLE_APPLICATION_CREDENTIALS`, what additional steps can I take to troubleshoot the issue?",data-engineering-zoomcamp,55c0047f8b
"In the context of Terraform on Google Cloud, where should I place the JSON key file for the service account?",data-engineering-zoomcamp,55c0047f8b
"Is it necessary to create a separate service account specifically for Terraform, or can I reuse an existing one?",data-engineering-zoomcamp,de1924abdb
Do I require multiple JSON key files if I intend to manage various resources within the same course project?,data-engineering-zoomcamp,de1924abdb
"After obtaining the credentials file, what steps should I follow to set up my environment variables correctly?",data-engineering-zoomcamp,de1924abdb
Will having a single service account affect my ability to deploy different types of cloud resources in this course?,data-engineering-zoomcamp,de1924abdb
"Can I share the .json key file with teammates, or is it restricted to individual use for security reasons?",data-engineering-zoomcamp,de1924abdb
How do I determine the correct Terraform version to download for my Linux system according to the data-engineering-zoomcamp course?,data-engineering-zoomcamp,d0f76f4669
"What is the URL where I can find all available Terraform releases, as mentioned in the FAQ record?",data-engineering-zoomcamp,d0f76f4669
Which file should I select from the Terraform release page for a standard x86_64 Linux machine?,data-engineering-zoomcamp,d0f76f4669
"On ARM-based machines, such as a Raspberry Pi, what specific zip file should I choose to download Terraform?",data-engineering-zoomcamp,d0f76f4669
"After downloading and extracting the Terraform binary, where should I place it to ensure it is accessible via the command line?",data-engineering-zoomcamp,d0f76f4669
What does the error message 'Terraform initialized in an empty directory! The directory has no Terraform configuration files.' indicate?,data-engineering-zoomcamp,76f95c1d28
How can I resolve the issue when running `terraform init` outside the correct working directory?,data-engineering-zoomcamp,76f95c1d28
Where should my Terraform configuration files (.tf files) be located to avoid this error?,data-engineering-zoomcamp,76f95c1d28
What steps must I follow to ensure `terraform init` executes successfully in a new environment?,data-engineering-zoomcamp,76f95c1d28
Which command do I need to execute after navigating to the proper directory containing my Terraform configurations?,data-engineering-zoomcamp,76f95c1d28
Why am I receiving a '403 Forbidden' error when attempting to create a dataset using Terraform?,data-engineering-zoomcamp,4a6d04a2c3
What does the error message 'Request had insufficient authentication scopes' indicate in the context of Google Cloud operations with Terraform?,data-engineering-zoomcamp,4a6d04a2c3
How can I verify if my Google service account credentials are correctly set up for Terraform tasks?,data-engineering-zoomcamp,4a6d04a2c3
What command should I run to check the path specified by the `GOOGLE_APPLICATION_CREDENTIALS` environment variable?,data-engineering-zoomcamp,4a6d04a2c3
Where can I find instructions on properly configuring the `GOOGLE_APPLICATION_CREDENTIALS` variable during the setup of my Terraform environment in Week 1 of the Data Engineering ZoomCamp?,data-engineering-zoomcamp,4a6d04a2c3
Why am I encountering a 'Permission denied to access ‘storage.buckets.create’' error when trying to create a bucket with Terraform?,data-engineering-zoomcamp,5849afe5f6
"What does the error message 'terraform-trans-campus@trans-campus-410115.iam.gserviceaccount.com does not have storage.buckets.create access to the Google Cloud project.' indicate, and how can I resolve it?",data-engineering-zoomcamp,5849afe5f6
"In the context of setting up a Google Cloud project for Terraform, why is it important to use the Project ID instead of the Project name when configuring permissions?",data-engineering-zoomcamp,5849afe5f6
How do I identify the correct Project ID within my Google Cloud console dashboard to ensure proper access rights for bucket creation in Terraform?,data-engineering-zoomcamp,5849afe5f6
What steps should I follow to grant the necessary storage.buckets.create permission to my service account for successful bucket creation via Terraform?,data-engineering-zoomcamp,5849afe5f6
How do I configure the Google provider in Terraform to use service account credentials securely?,data-engineering-zoomcamp,fa8cbc8f40
What is the correct syntax for specifying a variable file path for GCP credentials within a Terraform configuration?,data-engineering-zoomcamp,fa8cbc8f40
"In a Terraform script, how should I assign values to the `project` and `zone` parameters of the Google provider?",data-engineering-zoomcamp,fa8cbc8f40
Where can I find detailed instructions on integrating Google Cloud Platform (GCP) with Terraform using a service account key file?,data-engineering-zoomcamp,fa8cbc8f40
What steps are necessary to ensure that Terraform reads GCP credentials from an external JSON key file in my project directory?,data-engineering-zoomcamp,fa8cbc8f40
What error occurs when attempting to destroy a BigQuery dataset using `terraform destroy`?,data-engineering-zoomcamp,9f9a1b9e4f
Why does the error message indicate that the dataset is still in use during destruction?,data-engineering-zoomcamp,9f9a1b9e4f
Which property must be set to true in the `main.tf` file to successfully delete a dataset and its contents during `terraform destroy`?,data-engineering-zoomcamp,9f9a1b9e4f
What confirmation value is required when Terraform prompts to confirm the destruction of all managed infrastructure?,data-engineering-zoomcamp,9f9a1b9e4f
In which module of the 'data-engineering-zoomcamp' course does this issue regarding BigQuery dataset teardown occur?,data-engineering-zoomcamp,9f9a1b9e4f
What does the error code 412 from Terraform indicate when dealing with Google Cloud Storage buckets?,data-engineering-zoomcamp,64d0d03a6f
Why is Uniform Bucket-Level Access (UBLA) required for a Google Cloud Storage bucket in this context?,data-engineering-zoomcamp,64d0d03a6f
How can I enable Uniform Bucket-Level Access for a specific Google Cloud Storage bucket using Terraform?,data-engineering-zoomcamp,64d0d03a6f
What changes should be made to the `google_storage_bucket` resource block in my Terraform configuration to resolve the 412 error?,data-engineering-zoomcamp,64d0d03a6f
"After enabling UBLA, what steps should I follow to ensure that the Terraform apply process completes successfully without the constraint violation?",data-engineering-zoomcamp,64d0d03a6f
How does Kestra define and implement concurrency in workflow executions?,data-engineering-zoomcamp,5bf119a791
What is the purpose of setting a concurrency limit in a Kestra flow configuration?,data-engineering-zoomcamp,5bf119a791
"If a concurrency limit of 1 is set, what happens when another execution attempt occurs while the first one is still running?",data-engineering-zoomcamp,5bf119a791
Where can I find details about configuring concurrency behavior in a Kestra YAML workflow definition?,data-engineering-zoomcamp,5bf119a791
In which module of the 'data-engineering-zoomcamp' course does the explanation of concurrency in Kestra appear?,data-engineering-zoomcamp,5bf119a791
Where can I access the Prefect FAQ document for the orchestration module?,data-engineering-zoomcamp,f1c31510e6
What is the link to the Airflow FAQ document related to workflow orchestration?,data-engineering-zoomcamp,f1c31510e6
"Is there a Mage FAQ document available for the orchestration module, and if so, where can I find it?",data-engineering-zoomcamp,f1c31510e6
Which documents contain frequently asked questions for Module 2: Workflow Orchestration in the data-engineering-zoomcamp course?,data-engineering-zoomcamp,f1c31510e6
Could you provide the URLs for all three FAQ documents relevant to the orchestration module?,data-engineering-zoomcamp,f1c31510e6
What are the steps to start Kestra on a Linux system?,data-engineering-zoomcamp,bcc6781b6e
How can I access the Kestra dashboard after it is running?,data-engineering-zoomcamp,bcc6781b6e
Where can I find detailed instructions for launching Kestra on Windows?,data-engineering-zoomcamp,bcc6781b6e
Which GitHub repository provides the setup guide for Kestra?,data-engineering-zoomcamp,bcc6781b6e
What does the provided `docker-compose` configuration do for Kestra?,data-engineering-zoomcamp,bcc6781b6e
What is the specific error message encountered when executing the Docker command for Kestra in a WSL2 environment?,data-engineering-zoomcamp,16481ac8f7
Why does running Bash as administrator not resolve the access denied issue during the Docker execution?,data-engineering-zoomcamp,16481ac8f7
Which command should be executed in an administrative Command Prompt to successfully run the Kestra Docker container?,data-engineering-zoomcamp,16481ac8f7
What are the necessary volume mappings required when executing the corrected Docker command for local Kestra server startup?,data-engineering-zoomcamp,16481ac8f7
"After applying the suggested fix, on which URL or endpoint will the Kestra UI be accessible locally?",data-engineering-zoomcamp,16481ac8f7
How can I resolve permission issues when mounting a volume for pgAdmin in Docker?,data-engineering-zoomcamp,db53f69d74
What specific ownership change is required for the local directory to allow pgAdmin access inside a Docker container?,data-engineering-zoomcamp,db53f69d74
Why does pgAdmin require explicit permission settings unlike Postgres in a Docker environment?,data-engineering-zoomcamp,db53f69d74
Which user ID should be set as the owner of the local pgAdmin data directory to fix the 'permission denied' error?,data-engineering-zoomcamp,db53f69d74
Can you provide a reliable resource or link that explains how to correctly configure permissions for pgAdmin volumes in Docker?,data-engineering-zoomcamp,db53f69d74
How can I identify which files or directories are consuming the most disk space on a GCP VM running Kestra with Postgres?,data-engineering-zoomcamp,00e8093b90
What command should I use to clean up unused Docker images and volumes that might be bloating my VM's storage?,data-engineering-zoomcamp,00e8093b90
"Could you explain how to manually purge old execution data in Kestra to free up additional space, especially if the scheduled purge is not sufficient?",data-engineering-zoomcamp,00e8093b90
What steps are required to drop unnecessary backup tables or compact existing ones in a Postgres database after multiple backfills?,data-engineering-zoomcamp,00e8093b90
"If I've exhausted all cleanup options and still need more disk capacity, what is the process for resizing the boot disk of my GCP VM?",data-engineering-zoomcamp,00e8093b90
How can I securely store a Google Cloud service account JSON key in Kestra without committing it to version control?,data-engineering-zoomcamp,06775a8677
"What are the steps to configure the KV store in Kestra for storing GCP credentials, and how do I reference them in my flow?",data-engineering-zoomcamp,06775a8677
"If the KV store option is unavailable, what alternative method can be used to pass a service account JSON key to Kestra via Docker Compose?",data-engineering-zoomcamp,06775a8677
"How should I encode the service account JSON file before adding it as an environment variable or secret in Kestra, and why is this step necessary?",data-engineering-zoomcamp,06775a8677
What are the procedures for rotating a Google Cloud service account credential once it has been set up in Kestra using either the KV store or encoded secret method?,data-engineering-zoomcamp,06775a8677
"In a Kestra workflow with dependent tasks, why might an upstream task be reported as successful even if a subsequent downstream task encounters an error?",data-engineering-zoomcamp,70722b98b6
How does Kestra handle the execution status of individual tasks when some downstream operations fail during workflow processing?,data-engineering-zoomcamp,70722b98b6
"Can we still access the outputs or logs from an upstream task in Kestra if a later task in the dependency chain fails, and why is this behavior beneficial?",data-engineering-zoomcamp,70722b98b6
"What mechanism allows each task in a Kestra workflow to be evaluated independently of its successors, ensuring that successful completions are recorded even when downstream tasks fail?",data-engineering-zoomcamp,70722b98b6
"When using Kestra for orchestration, how does the platform determine the success or failure status of tasks within a workflow that involves multiple dependent steps?",data-engineering-zoomcamp,70722b98b6
What specific error message appears when a permission denied error occurs during the gcp_setup flow execution?,data-engineering-zoomcamp,dda62d0ef0
"Why might the GCP console indicate that a bucket already exists, causing the setup to fail?",data-engineering-zoomcamp,dda62d0ef0
How can I verify programmatically whether a particular GCP bucket name is available before creating it in the gcp_setup flow?,data-engineering-zoomcamp,dda62d0ef0
"What are the implications of naming constraints for GCP buckets globally, and how does this relate to the permission denied error encountered?",data-engineering-zoomcamp,dda62d0ef0
"After encountering a permission denied error due to an existing bucket, what alternative steps should I take to successfully complete the gcp_setup workflow?",data-engineering-zoomcamp,dda62d0ef0
Why am I encountering an 'Invalid dataset ID' error during the `create_bq_dataset` task when executing the gcp_setup flow?,data-engineering-zoomcamp,c18119ba32
What is the specific issue causing the error related to the dataset name in the gcp_setup flow?,data-engineering-zoomcamp,c18119ba32
How can I modify the dataset identifier in the gcp_setup.yaml file to eliminate the invalid ID error message?,data-engineering-zoomcamp,c18119ba32
"After renaming the dataset, will there be any impact on existing queries or data pipelines that reference the old dataset name?",data-engineering-zoomcamp,c18119ba32
Can you provide the exact change needed in the `gcp_setup.yaml` configuration file to resolve the Invalid dataset ID problem mentioned in the YouTube lesson for Module 2 of the Data Engineering ZoomCamp course?,data-engineering-zoomcamp,c18119ba32
Why am I encountering a SIGILL error when executing the most recent Kestra image on a Mac with an M4 chip running MacOS version 15.2/3?,data-engineering-zoomcamp,5db9bca6a9
What specific environment variable should I set in my Kestra container to resolve the SIGILL issue in the Java Runtime Environment on MacOS M4?,data-engineering-zoomcamp,5db9bca6a9
"Can you provide the exact Docker run command that includes the necessary `-e JAVA_OPTS=""-XX:UseSVE=0""` flag for running Kestra without encountering SIGILL?",data-engineering-zoomcamp,5db9bca6a9
"How do I configure a Docker Compose file to include the required `JAVA_OPTS: ""-XX:UseSVE=0""` setting to prevent SIGILL in Kestra on MacOS M4?",data-engineering-zoomcamp,5db9bca6a9
"Is there any additional setup or consideration needed besides adding `-e JAVA_OPTS=""-XX:UseSVE=0""` when running Kestra on a Mac with an M4 processor and the specified MacOS version?",data-engineering-zoomcamp,5db9bca6a9
Why do Kestra tasks fail to connect to Postgres using `host.docker.internal` on a Linux Docker setup?,data-engineering-zoomcamp,5d66421473
What is the recommended method to resolve inter-container communication between Kestra and Postgres in a `docker-compose.yml` file?,data-engineering-zoomcamp,5d66421473
How can I modify the `pluginDefaults` section of my YAML configuration to refer to Postgres by its service name instead of using `host.docker.internal`?,data-engineering-zoomcamp,5d66421473
"If I need Kestra to communicate with a service running on the host machine, what configuration change should I make in the Kestra service definition within `docker-compose.yml`?",data-engineering-zoomcamp,5d66421473
What additional property must be added to a Docker task runner configuration to ensure that `host.docker.internal` resolves correctly on Linux?,data-engineering-zoomcamp,5d66421473
What is the correct YAML configuration to run a Python script in Kestra Docker on Windows 11?,data-engineering-zoomcamp,acd25600d1
How can I avoid the 'Could not find or install 'Python 3.13' path' error when executing a Python script in Kestra?,data-engineering-zoomcamp,acd25600d1
Which commands should be included in the YAML file to install dependencies like `requests` and `kestra` before running my script?,data-engineering-zoomcamp,acd25600d1
Where do I place the actual content of my Python script within the provided YAML structure?,data-engineering-zoomcamp,acd25600d1
Is there a specific filename convention or replacement step needed for `your_script.py` to ensure the script runs correctly?,data-engineering-zoomcamp,acd25600d1
What is Kestra primarily designed to do in a data engineering workflow?,data-engineering-zoomcamp,7fc105290f
Why are dataset row counts preferred to be calculated in PostgreSQL rather than within the Kestra orchestration?,data-engineering-zoomcamp,7fc105290f
In what module of the 'data-engineering-zoomcamp' course does this concept of separating dataset analytics from orchestration tasks belong?,data-engineering-zoomcamp,7fc105290f
What advantage does computing row counts at the database layer offer compared to performing them during workflow execution?,data-engineering-zoomcamp,7fc105290f
How does separating data analytics computations from orchestration logic contribute to the overall reliability and maintenance of a data pipeline?,data-engineering-zoomcamp,7fc105290f
How can I implement conditional branching in a Kestra workflow to handle different dataset types without creating separate flows?,data-engineering-zoomcamp,b7ff18706c
What are the best practices for sharing common orchestration logic across branches within a single Kestra workflow?,data-engineering-zoomcamp,b7ff18706c
Can you provide an example of how to use a branching mechanism in Kestra YAML to route tasks based on a runtime variable like `dataset_type`?,data-engineering-zoomcamp,b7ff18706c
"What should I consider when deciding how branches in a Kestra workflow converge, either with a common tail or as separate end states?",data-engineering-zoomcamp,b7ff18706c
How can I ensure consistent error handling and logging across multiple branches within one Kestra workflow?,data-engineering-zoomcamp,b7ff18706c
Why are row count questions in Homework 2 not directly answerable from Kestra execution logs?,data-engineering-zoomcamp,c493aa6b92
What type of metrics does Kestra fail to automatically aggregate across multiple executions?,data-engineering-zoomcamp,c493aa6b92
"For obtaining total rows for a full year or specific months, what alternative method is recommended instead of relying on Kestra logs?",data-engineering-zoomcamp,c493aa6b92
How were accurate row counts achieved in Homework 2 despite Kestra's limitations?,data-engineering-zoomcamp,c493aa6b92
Which database and query type was used to retrieve the dataset-level metrics required for Homework 2?,data-engineering-zoomcamp,c493aa6b92
.,data-engineering-zoomcamp,226d10e788
.,data-engineering-zoomcamp,226d10e788
.,data-engineering-zoomcamp,226d10e788
.,data-engineering-zoomcamp,226d10e788
.,data-engineering-zoomcamp,226d10e788
What is the distinction that Kestra makes between execution logs and structured outputs?,data-engineering-zoomcamp,5a0d2c0e59
Why are values printed to standard output (stdout) considered logs in Kestra?,data-engineering-zoomcamp,5a0d2c0e59
How can a student ensure that a value generated in one task is available for use in subsequent tasks within a workflow?,data-engineering-zoomcamp,5a0d2c0e59
"According to the course 'data-engineering-zoomcamp', what mechanism must be employed to persist or reuse values across different tasks in a Kestra workflow?",data-engineering-zoomcamp,5a0d2c0e59
"In Module 2: Workflow Orchestration of the data-engineering-zoomcamp, what is the reason for requiring explicit output definitions instead of relying on automatic conversion of printed task outputs into variables?",data-engineering-zoomcamp,5a0d2c0e59
What is the purpose of declaring files under outputFiles in Kestra?,data-engineering-zoomcamp,39328a73c7
How does Kestra handle file persistence across task executions?,data-engineering-zoomcamp,39328a73c7
Why are files not automatically visible or downloadable after being created within a task?,data-engineering-zoomcamp,39328a73c7
In what scenarios should a file be explicitly declared as an output file in a Kestra workflow?,data-engineering-zoomcamp,39328a73c7
What happens to files that are not declared under outputFiles at the end of a Kestra task execution?,data-engineering-zoomcamp,39328a73c7
What role does the Docker socket play in Kestra's operation?,data-engineering-zoomcamp,733065c175
Why is it necessary for the Kestra container to run with root privileges when accessing the Docker daemon?,data-engineering-zoomcamp,733065c175
"In a production environment, how would access to the Docker socket by Kestra be handled differently from the development setup?",data-engineering-zoomcamp,733065c175
What specific path on the host system does Kestra use to connect to the Docker daemon during execution?,data-engineering-zoomcamp,733065c175
How does mounting the Docker socket at /var/run/docker.sock affect the security and functionality of Kestra in a Docker Compose configuration?,data-engineering-zoomcamp,733065c175
Why does the file size shown in the Kestra Outputs tab differ from the value returned by `os.path.getsize()` in a Python task?,data-engineering-zoomcamp,f5a8ca34fa
What units are used to display file sizes in the Kestra Outputs tab versus the raw byte count from a Python task?,data-engineering-zoomcamp,f5a8ca34fa
"For Homework 2, should I use the human-readable file size shown in the Kestra Outputs tab or the exact byte size printed by the task logs?",data-engineering-zoomcamp,f5a8ca34fa
Is the UI size displayed in the Kestra Outputs tab reliable for precise file size comparisons?,data-engineering-zoomcamp,f5a8ca34fa
How can I obtain the uncompressed file size in bytes for accurate results in data processing tasks within Kestra?,data-engineering-zoomcamp,f5a8ca34fa
How can I integrate a dbt project into a Kestra workflow?,data-engineering-zoomcamp,e14f6a8ed9
What are the benefits of orchestrating dbt runs using Kestra?,data-engineering-zoomcamp,e14f6a8ed9
Does Kestra provide monitoring and alerting features for dbt projects?,data-engineering-zoomcamp,e14f6a8ed9
Can I manage my dbt project triggers and changes through Git within Kestra?,data-engineering-zoomcamp,e14f6a8ed9
In which module of the data-engineering-zoomcamp course is the integration of dbt with Kestra covered?,data-engineering-zoomcamp,e14f6a8ed9
What steps are required to bind-mount a local directory for Kestra flows so that they can be edited outside the container?,data-engineering-zoomcamp,958ab42c43
How do you configure Kestra's file watcher to automatically import flow definitions from a mounted directory?,data-engineering-zoomcamp,958ab42c43
"Which environment variable controls the file-watcher settings in Kestra, and what should its value look like?",data-engineering-zoomcamp,958ab42c43
"If I edit a flow directly through the Kestra web UI, will those changes be reflected in the local YAML files on my host?",data-engineering-zoomcamp,958ab42c43
Can you provide a complete example of a `docker-compose.yml` configuration that includes both the bind-mount and file-watcher setup for Kestra flows?,data-engineering-zoomcamp,958ab42c43
Why am I encountering an ERR_EMPTY_RESPONSE error when trying to access Kestra through http://localhost:8080 in GitHub Codespaces?,data-engineering-zoomcamp,91a298833a
How can I correctly identify and use the forwarded port URL provided by Codespaces to reach my running Kestra instance inside a Docker container?,data-engineering-zoomcamp,91a298833a
What steps should I take if Kestra appears to be running but remains inaccessible via the forwarded port URL in GitHub Codespaces?,data-engineering-zoomcamp,91a298833a
"Where can I find the list of forwarded ports for my Codespaces environment, and how does it differ from using http://localhost:8080 directly?",data-engineering-zoomcamp,91a298833a
"If restarting the Kestra container resolves connectivity issues after accessing it through the forwarded URL, what should I check first to confirm that Kestra was listening on the correct port?",data-engineering-zoomcamp,91a298833a
Why is the backfill process appearing as executed in Kestra but not producing any results or appearing in the execution logs?,data-engineering-zoomcamp,c717810bc6
Is there a known issue causing backfills to fail silently without showing up in the executions list?,data-engineering-zoomcamp,c717810bc6
What specific change should be made to the script triggers to resolve the problem of missing backfill results?,data-engineering-zoomcamp,c717810bc6
Where can I find more detailed information about this bug related to backfill execution in Kestra?,data-engineering-zoomcamp,c717810bc6
Has there been an official update or fix published for the bug that prevents backfills from showing up in executions?,data-engineering-zoomcamp,c717810bc6
Why are Python logging messages appearing as error logs within Kestra?,data-engineering-zoomcamp,e32e8737da
What is the default stream used by Python's logging module for output?,data-engineering-zoomcamp,e32e8737da
How does Kestra differentiate between logs sent to `stdout` and `stderr`?,data-engineering-zoomcamp,e32e8737da
What configuration change in a Python script will ensure that logs are correctly interpreted as DEBUG-level messages by Kestra?,data-engineering-zoomcamp,e32e8737da
Can you provide an example of how to redirect Python logging to `stdout` so that it is recognized as DEBUG level in Kestra?,data-engineering-zoomcamp,e32e8737da
What specific error occurs when attempting to write data from a web source to a Google Cloud Storage (GCS) bucket?,data-engineering-zoomcamp,ee4a3bc34d
How can I ensure that my data types are compatible with GCS when transferring data via a web application?,data-engineering-zoomcamp,ee4a3bc34d
Which Pandas data type should I use for columns that may contain missing values during the upload process to prevent errors in GCS?,data-engineering-zoomcamp,ee4a3bc34d
What steps should be taken to handle nullable fields when uploading datasets from the internet to GCS using Python?,data-engineering-zoomcamp,ee4a3bc34d
"In the context of Module 3 on Data Warehousing for the data-engineering-zoomcamp course, what is the recommended approach to deal with potential null values while writing data to a GCS bucket?",data-engineering-zoomcamp,ee4a3bc34d
What causes the error 'Parquet column 'XYZ' has type INT which does not match the target cpp_type DOUBLE' when ingesting data into a BigQuery table?,data-engineering-zoomcamp,d2902a7227
Why do datasets like the FHV Datasets from 2019 have inconsistent schemas for columns such as 'PUlocationID' and 'DOlocationID' across different months?,data-engineering-zoomcamp,d2902a7227
How can I ensure that all files within a directory have the same schema before importing them as Parquet to BigQuery to avoid schema mismatch errors?,data-engineering-zoomcamp,d2902a7227
What is the recommended method to enforce consistent data types for specific columns in a DataFrame when preparing it for serialization/uploading to BigQuery?,data-engineering-zoomcamp,d2902a7227
"In the context of BigQuery data ingestion, what happens if the first file defines one column type and subsequent files define that same column with a different type?",data-engineering-zoomcamp,d2902a7227
What error occurs when the incorrect URL is specified for importing FHV data to GCS?,data-engineering-zoomcamp,950192cbcc
Where should I find the correct URL to download the FHV dataset for import into Google Cloud Storage (GCS)?,data-engineering-zoomcamp,950192cbcc
How does the `/releases/download` segment in the URL ensure successful retrieval of the FHV CSV file from GitHub?,data-engineering-zoomcamp,950192cbcc
What is the expected format of the FHV data file when it is downloaded using the correct GitHub URL?,data-engineering-zoomcamp,950192cbcc
"Why might a `gzip.BadGzipFile` exception be raised during the import process, and how can this issue be resolved?",data-engineering-zoomcamp,950192cbcc
How can I create a TSV file that contains multiple URLs for loading data into a GCS bucket?,data-engineering-zoomcamp,4ae927f8a0
What is the specific format required at the top of the TSV file to ensure it works with `gsutil` or the GCS Transfer Service?,data-engineering-zoomcamp,4ae927f8a0
Can you provide an example entry in the TSV file for loading a single Parquet dataset from a given URL?,data-engineering-zoomcamp,4ae927f8a0
Which command-line tool should I use to transfer data from the list of URLs in the TSV file into my Google Cloud Storage bucket?,data-engineering-zoomcamp,4ae927f8a0
What is the name of the course module where this method for loading data from URLs into GCS is discussed?,data-engineering-zoomcamp,4ae927f8a0
Why am I encountering a 'Bad character (ASCII 0)' error when querying my dataset in GCS Bucket?,data-engineering-zoomcamp,33184c75bd
How can I verify that the schema of my dataset is correctly defined to prevent query errors?,data-engineering-zoomcamp,33184c75bd
What formatting issues might cause a 'Bad character (ASCII 0)' error during dataset queries?,data-engineering-zoomcamp,33184c75bd
Should I upload CSV.GZ files directly to the GCS Bucket without using pandas for processing?,data-engineering-zoomcamp,33184c75bd
Is it recommended to use `wget` for downloading and uploading files to ensure proper format integrity?,data-engineering-zoomcamp,33184c75bd
Why am I encountering the error 'bq: command not found' when trying to use BigQuery?,data-engineering-zoomcamp,a07b793f65
How can I verify whether the BigQuery Command Line Tool is installed on my system?,data-engineering-zoomcamp,a07b793f65
What specific command should I run in the terminal to list all installed Cloud SDK components?,data-engineering-zoomcamp,a07b793f65
"If the 'bq' command is missing, what alternative filename can be used to execute the BigQuery tool?",data-engineering-zoomcamp,a07b793f65
"In the context of Module 3: Data Warehousing for the data-engineering-zoomcamp course, what steps are recommended to resolve a 'bq: command not found' issue?",data-engineering-zoomcamp,a07b793f65
What precautions should I take when using BigQuery to avoid unexpected charges?,data-engineering-zoomcamp,0131ac93ac
"How did the creator of this FAQ experience a significant bill from BigQuery, and what was its amount?",data-engineering-zoomcamp,0131ac93ac
What is the recommended action to prevent billing issues after creating datasets in BigQuery during a free trial?,data-engineering-zoomcamp,0131ac93ac
Why is it important to monitor billing activity daily when using cloud services like GCP?,data-engineering-zoomcamp,0131ac93ac
What specific steps should be followed post-creation of a dataset in BigQuery to avoid additional costs?,data-engineering-zoomcamp,0131ac93ac
"Why am I receiving an error stating ""Cannot read and write in different locations"" when attempting to load data from a Google Cloud Storage (GCS) bucket into a BigQuery dataset?",data-engineering-zoomcamp,61b908fe84
How can I verify the region of my GCS bucket in order to ensure compatibility with a BigQuery dataset for data loading?,data-engineering-zoomcamp,61b908fe84
What steps should I follow to create a BigQuery dataset that matches the region of an existing GCS bucket to avoid location mismatch errors during data import?,data-engineering-zoomcamp,61b908fe84
"If my GCS bucket is located in the `EU` region, what specific settings must I configure when creating a new BigQuery dataset to successfully load data from this bucket?",data-engineering-zoomcamp,61b908fe84
"What should I do if my project uses both US and Asia regions for different datasets and buckets, leading to location mismatch errors during data loading operations?",data-engineering-zoomcamp,61b908fe84
"In BigQuery SQL Editor, how can I ensure my queries are preserved if the browser crashes unexpectedly?",data-engineering-zoomcamp,b98d573ce2
What is the recommended frequency for saving queries in Google Cloud Platform's BigQuery environment?,data-engineering-zoomcamp,b98d573ce2
Where will my saved queries be accessible after using the save button within the BigQuery SQL Editor?,data-engineering-zoomcamp,b98d573ce2
"Besides clicking the save button, what alternative method can I use to safeguard my query code while working on it?",data-engineering-zoomcamp,b98d573ce2
Which text editors support syntax highlighting for `.sql` files that could help in managing my BigQuery queries outside the console?,data-engineering-zoomcamp,b98d573ce2
Is it possible to integrate real-time data streaming into our current BigQuery setup for live analytics?,data-engineering-zoomcamp,57303f9d80
What are the capabilities of BigQuery that would support real-time analytics in a project?,data-engineering-zoomcamp,57303f9d80
Can we incorporate future iterations of the project to enable real-time data processing using BigQuery?,data-engineering-zoomcamp,57303f9d80
What specific error message indicates an invalid timestamp when loading data from external tables into a materialized table in BigQuery?,data-engineering-zoomcamp,1724e08426
How can I define the schema of an external table to avoid parsing errors for timestamp columns during data ingestion in BigQuery?,data-engineering-zoomcamp,1724e08426
What steps should be taken to filter out rows with invalid timestamps before importing them into a materialized table in GCP BigQuery?,data-engineering-zoomcamp,1724e08426
"After filtering out invalid timestamp rows, what datatype should be specified for the timestamp fields when inserting the cleaned data into a materialized table in BigQuery?",data-engineering-zoomcamp,1724e08426
"In the context of GCP BQ and materialized tables, why is it necessary to handle timestamp parsing errors during the data loading process?",data-engineering-zoomcamp,1724e08426
"What does the error message 'annotated as a valid Timestamp, please annotate it as TimestampType(MICROS) or TimestampType(MILLIS)' mean in BigQuery?",data-engineering-zoomcamp,c2a18da218
How can I modify my PyArrow Parquet writing configuration to resolve timestamp compatibility issues with Google BigQuery?,data-engineering-zoomcamp,c2a18da218
When should I use `use_deprecated_int96_timestamps=True` in the `pq.write_to_dataset` function?,data-engineering-zoomcamp,c2a18da218
What are the potential sources of datetime format errors when editing Parquet files for BigQuery ingestion?,data-engineering-zoomcamp,c2a18da218
Can you provide a reference or discussion from Stack Overflow that explains the compatibility differences between PyArrow and PySpark-generated Parquet files?,data-engineering-zoomcamp,c2a18da218
Why do datetime columns appear as integer columns in BigQuery when loading Parquet files generated from a Pandas DataFrame?,data-engineering-zoomcamp,a83247e572
What is the default behavior of Pandas when writing timestamp columns to Parquet files?,data-engineering-zoomcamp,a83247e572
How can I ensure that timestamp columns are treated as TIMESTAMP types in BigQuery after uploading Parquet files created with Pandas?,data-engineering-zoomcamp,a83247e572
What parameter should be used with `pq.write_table` from PyArrow to enforce proper TIMESTAMP logical types during file creation?,data-engineering-zoomcamp,a83247e572
Is there a method to explicitly define the schema of the DataFrame before writing it to a Parquet file to avoid type misinterpretation by BigQuery?,data-engineering-zoomcamp,a83247e572
How can I create an external table in Google BigQuery using Python?,data-engineering-zoomcamp,7c97a61529
What is the purpose of setting `external_source_format` to 'PARQUET' when creating an external table?,data-engineering-zoomcamp,7c97a61529
How do I specify the location of the data source in Google Cloud Storage for an external table creation via Python?,data-engineering-zoomcamp,7c97a61529
What steps are required to configure and execute the external data configuration for a BigQuery table using the `ExternalConfig` class?,data-engineering-zoomcamp,7c97a61529
"Can you provide a complete example code snippet that demonstrates creating an external table in BigQuery with Python, including setting up the client and specifying the source URIs?",data-engineering-zoomcamp,7c97a61529
How can I verify whether a specific BigQuery table is already present in my dataset before attempting to create a new one?,data-engineering-zoomcamp,88f2fb38b0
What Python function should I use from the Google Cloud BigQuery library to determine if a table with a given ID exists?,data-engineering-zoomcamp,88f2fb38b0
"In the provided code snippet, what exception handling mechanism is employed to identify when a table does not exist in BigQuery?",data-engineering-zoomcamp,88f2fb38b0
Could you explain the purpose of the `table_exists` function and how it integrates with the BigQuery client object?,data-engineering-zoomcamp,88f2fb38b0
"After checking for the existence of a BigQuery table using the suggested method, what would be the next appropriate step if the table is found to be absent?",data-engineering-zoomcamp,88f2fb38b0
"How can I resolve the 'Missing close double quote ("") character' error when loading data into BigQuery?",data-engineering-zoomcamp,21e010f826
What is the correct command to upload CSV files from Google Cloud Storage to a BigQuery dataset using the BigQuery Cloud Shell?,data-engineering-zoomcamp,21e010f826
"In the command `bq load --autodetect --allow_quoted_newlines --source_format=CSV dataset_name.table_name ""gs://dtc-data-lake-bucketname/fhv/fhv_tripdata_2019-*.csv.gz""`, what does each flag represent?",data-engineering-zoomcamp,21e010f826
Which flags are necessary to handle quoted newlines and automatically detect the schema of CSV files when loading data into BigQuery?,data-engineering-zoomcamp,21e010f826
Where should I specify the source path for my compressed CSV files in the `bq load` command to upload them to the specified dataset and table in BigQuery?,data-engineering-zoomcamp,21e010f826
How can I set up a Cloud Function to automatically load CSV.gz files from GitHub directly into a BigQuery table?,data-engineering-zoomcamp,7cbadfe131
What are the necessary configurations for defining the schema when loading CSV data into BigQuery using a Python Cloud Function?,data-engineering-zoomcamp,7cbadfe131
How do I determine whether to use WRITE_APPEND or WRITE_TRUNCATE in the LoadJobConfig for loading monthly data into an existing BigQuery table?,data-engineering-zoomcamp,7cbadfe131
Can you explain the purpose of creating a temporary file within the Cloud Function when uploading the gzipped CSV file to BigQuery?,data-engineering-zoomcamp,7cbadfe131
What steps are required to ensure that the data from multiple months of CSV.gz files are appended correctly to a single BigQuery table using this function?,data-engineering-zoomcamp,7cbadfe131
"In GCP BigQuery, when I run a query involving both an external table and a materialized view, why does `COUNT(DISTINCT *)` return identical results in both cases?",data-engineering-zoomcamp,8bfd81c403
What specific setting must be adjusted in the BigQuery query settings to prevent caching from affecting queries that join an external dataset with a materialized result set?,data-engineering-zoomcamp,8bfd81c403
"How can I ensure that my count of distinct values across an external table and a materialized table does not unintentionally benefit from any query cache, leading to potentially misleading results?",data-engineering-zoomcamp,8bfd81c403
When performing a `COUNT(DISTINCT *)` operation on two different data sources within BigQuery—an external CSV table and a precomputed materialized table—what configuration change is required to align the distinct value calculation accurately?,data-engineering-zoomcamp,8bfd81c403
"What step should I take in the BigQuery query interface to avoid cache interference when executing queries that simultaneously reference an external dataset and a materialized view, especially for aggregate functions like `COUNT(DISTINCT)`?",data-engineering-zoomcamp,8bfd81c403
What is the specific error message encountered when loading Parquet data into BigQuery due to type mismatch?,data-engineering-zoomcamp,66d3c42dd4
How can missing values in the `DOlocationID` and `PUlocationID` columns cause inconsistent data types during data injection into GCS using Pandas?,data-engineering-zoomcamp,66d3c42dd4
What Pandas method should be used to cast these columns to handle missing values while ensuring compatibility with BigQuery's schema?,data-engineering-zoomcamp,66d3c42dd4
Provide an example of how to correctly cast the `PUlocationID` and `DOlocationID` columns using Pandas before uploading them to GCS.,data-engineering-zoomcamp,66d3c42dd4
What is recommended to ensure all column data types are aligned with BigQuery's schema during the transformation stage of the ETL pipeline?,data-engineering-zoomcamp,66d3c42dd4
Why does my BigQuery query return an 'Invalid project ID' error?,data-engineering-zoomcamp,625c1f542a
What are the valid characters allowed in a GCP project ID for BigQuery?,data-engineering-zoomcamp,625c1f542a
How can I correct a misplacement of content after the `FROM` clause in a BigQuery SQL statement?,data-engineering-zoomcamp,625c1f542a
"If my project ID contains uppercase letters, what should I do to resolve the 'Invalid project ID' error?",data-engineering-zoomcamp,625c1f542a
What specific formatting rules must be followed to ensure a valid GCP project ID for BigQuery?,data-engineering-zoomcamp,625c1f542a
What is the maximum number of partition columns allowed for a single BigQuery table?,data-engineering-zoomcamp,45b587e597
How many clustering columns can be specified when creating a clustered table in BigQuery?,data-engineering-zoomcamp,45b587e597
What is the current limit on the total number of partitions that can exist in a BigQuery table?,data-engineering-zoomcamp,45b587e597
"If I perform a load, query, or DML job on partitioned data, what is the maximum number of partitions it can modify in one operation?",data-engineering-zoomcamp,45b587e597
"Given the daily partition limit of 10,000, approximately how many years of daily time-based partitioning can be supported before reaching this cap?",data-engineering-zoomcamp,45b587e597
What SQL query can I use to retrieve the DDL for a specific native table named 'yellow_tripdata_parquet' in BigQuery?,data-engineering-zoomcamp,7df3102580
How do I modify the query to get the DDL for an external table called 'yellow_tripdata_parquet_ext'?,data-engineering-zoomcamp,7df3102580
"Can the INFORMATION_SCHEMA.TABLES be used to obtain DDL for both native and external tables, and what fields does it return?",data-engineering-zoomcamp,7df3102580
What is the exact syntax for a CREATE TABLE statement that recreates a BigQuery native table based on the retrieved DDL?,data-engineering-zoomcamp,7df3102580
Where can I find additional documentation or examples for querying the information_schema-tables in BigQuery?,data-engineering-zoomcamp,7df3102580
What is the exact error message when using DATE() in a BigQuery query?,data-engineering-zoomcamp,49b5277d77
How can I resolve a PARTITION BY expression error related to DATE() in BigQuery?,data-engineering-zoomcamp,49b5277d77
What function should I use to convert timestamp columns before applying DATE() in BigQuery?,data-engineering-zoomcamp,49b5277d77
Can you provide an example of converting a column to datetime format in Python for BigQuery compatibility?,data-engineering-zoomcamp,49b5277d77
What are the valid expressions allowed for the PARTITION BY clause when using DATE() in BigQuery?,data-engineering-zoomcamp,49b5277d77
Can I cluster directly on a TIMESTAMP column in Google BigQuery without converting it to another data type?,data-engineering-zoomcamp,8248dd9d7f
What types of columns are supported for clustering in BigQuery?,data-engineering-zoomcamp,8248dd9d7f
How does clustering by DATE(tpep_pickup_datetime) affect query performance for time-based filters?,data-engineering-zoomcamp,8248dd9d7f
Is it beneficial to use both partitioning and clustering when working with timestamp data in a BigQuery dataset?,data-engineering-zoomcamp,8248dd9d7f
What is the difference between partitioning and clustering in the context of optimizing queries on large datasets in BigQuery?,data-engineering-zoomcamp,8248dd9d7f
What is the primary distinction between native tables and external tables in BigQuery?,data-engineering-zoomcamp,16b4ae94ef
How do I create an external table that references Parquet files stored in a Google Cloud Storage bucket?,data-engineering-zoomcamp,16b4ae94ef
"Can I directly point an external table to data hosted on a public URL, such as nyc.gov, without transferring it to GCS first?",data-engineering-zoomcamp,16b4ae94ef
What trade-offs exist when choosing native tables over external tables in terms of query performance and cost?,data-engineering-zoomcamp,16b4ae94ef
"After creating an external table from Parquet files, how can I convert its data into a native table for faster subsequent queries?",data-engineering-zoomcamp,16b4ae94ef
Why might a partitioned table in BigQuery appear non-partitioned in the interface?,data-engineering-zoomcamp,24c64415c0
Is there a known delay in updating partition information for tables in BigQuery's UI?,data-engineering-zoomcamp,24c64415c0
What steps can I take if my BigQuery table shows as non-partitioned but is confirmed to be partitioned?,data-engineering-zoomcamp,24c64415c0
Does refreshing the BigQuery web interface resolve discrepancies between displayed and actual table partitioning?,data-engineering-zoomcamp,24c64415c0
"Are there alternative methods, such as opening a new browser tab, to quickly verify table partition status in BigQuery?",data-engineering-zoomcamp,24c64415c0
What is the correct command syntax to export an ML model from a BigQuery dataset to a Google Cloud Storage bucket?,data-engineering-zoomcamp,155949a31a
"Why does the error 'Dataset was not found in location US' occur when attempting to export a model, even though the BQ dataset and GCS bucket are both located in `us-west1`?",data-engineering-zoomcamp,155949a31a
How can I verify that my project ID and GCS bucket path are correctly specified in the export command for BigQuery?,data-engineering-zoomcamp,155949a31a
What should I check if the extraction operation fails with 'Not found: Dataset was not found in location US' while trying to move an ML model from BQ to GCS?,data-engineering-zoomcamp,155949a31a
"Can you provide an example of a properly formatted GCS bucket address for storing an exported ML model, as mentioned in the solution?",data-engineering-zoomcamp,155949a31a
Why does the standard TensorFlow Serving Docker image fail to work on a MacBook with an Apple M1 chip?,data-engineering-zoomcamp,47f7c8310a
What alternative Docker image should I use for TensorFlow Serving when running on an Apple Silicon processor?,data-engineering-zoomcamp,47f7c8310a
How do I configure the `serving_dir` directory and set up the necessary environment variables to run the modified TensorFlow Serving container on my Macbook with an M1 chip?,data-engineering-zoomcamp,47f7c8310a
What specific command should I execute to start the TensorFlow Serving container using the `emacski/tensorflow-serving` image after configuring the `serving_dir`?,data-engineering-zoomcamp,47f7c8310a
"Are there any newer, more performant options available for running Docker containers on macOS with Apple Silicon since October 2024, and if so, what are they?",data-engineering-zoomcamp,47f7c8310a
"In Module 3 of the data-engineering-zoomcamp course, after loading files into a bucket, what specific action should be taken to create an external table?",data-engineering-zoomcamp,a9c1fd2a8f
What tasks are explicitly prohibited when instructed to 'Stop with loading the files into a bucket' in the context of data warehousing homework?,data-engineering-zoomcamp,a9c1fd2a8f
"Does the instruction to 'Stop with loading the files into a bucket' imply that subsequent data transformations, such as cleaning or converting to Parquet format, should be omitted?",data-engineering-zoomcamp,a9c1fd2a8f
"Within the framework of the data-engineering-zoomcamp course's Module 3, what is the final step after successfully loading files into a designated bucket?",data-engineering-zoomcamp,a9c1fd2a8f
"According to the FAQ record for the data-engineering-zoomcamp course, which activities are not part of the homework once files have been loaded into a bucket?",data-engineering-zoomcamp,a9c1fd2a8f
Why does reading parquet files directly from a cloudfront URL cause an 'Out of bounds' error in pandas?,data-engineering-zoomcamp,5e0cffbc79
What specific data anomaly leads to the 'timestamp[us] to timestamp[ns]' conversion issue resulting in this error?,data-engineering-zoomcamp,5e0cffbc79
How can I use pyarrow to read parquet files into pandas when encountering out-of-bounds datetime columns?,data-engineering-zoomcamp,5e0cffbc79
"What steps should I take if some datetime values (e.g., `dropOff_datetime` set to 3019) exceed the allowable range for `pd.Timestamp`?",data-engineering-zoomcamp,5e0cffbc79
Is there a method to filter out-of-bound datetime records during the parquet file reading process using pyarrow and pandas?,data-engineering-zoomcamp,5e0cffbc79
How do I upload multiple files to Google Cloud Storage (GCS) using the graphical user interface (GUI)?,data-engineering-zoomcamp,5f072b1cc7
What steps should I follow to ensure that my file uploads to GCS do not cause schema-related problems in my homework submission?,data-engineering-zoomcamp,5f072b1cc7
"Is it possible to upload an entire folder of data files to a specific path within GCS through the GUI, and if so, how?",data-engineering-zoomcamp,5f072b1cc7
What is the most efficient method for transferring local files to GCS to prepare them for use in the course's Data Warehousing module?,data-engineering-zoomcamp,5f072b1cc7
"After downloading my homework files locally, which button in the GCS interface should I click to complete the upload process to the designated path?",data-engineering-zoomcamp,5f072b1cc7
Why am I receiving unexpected predictions from a partitioned or clustered table?,data-engineering-zoomcamp,c46378ea2a
Could the formatting of dates in my query be causing discrepancies in the expected outcome?,data-engineering-zoomcamp,c46378ea2a
What steps should I take to troubleshoot issues with date formats when working with partitioned/clustered tables in data warehousing?,data-engineering-zoomcamp,c46378ea2a
"In the context of Module 3 on Data Warehousing for the data-engineering-zoomcamp course, how does the format of dates influence table predictions?",data-engineering-zoomcamp,c46378ea2a
What specific consideration regarding date formatting is highlighted in the FAQ to resolve mismatched predictions from partitioned or clustered tables?,data-engineering-zoomcamp,c46378ea2a
Have any students achieved an exact match for one of the options in Module 3 Homework Question 6?,data-engineering-zoomcamp,53e0e2f585
Are most participants finding it difficult to get an exact match for the answer choices in Module 3 Homework Q6?,data-engineering-zoomcamp,53e0e2f585
What is the recommended approach if my answer to Module 3 homework question 6 does not exactly match any provided option?,data-engineering-zoomcamp,53e0e2f585
Is there a particular technique or consideration that can help in selecting the closest option for Module 3 homework Q6 when an exact match isn't found?,data-engineering-zoomcamp,53e0e2f585
Can you provide guidance on how closely one should approximate the given options in Module 3 Homework Question 6 if an exact match is elusive?,data-engineering-zoomcamp,53e0e2f585
How does columnar storage in BigQuery affect the data scanned during a query?,data-engineering-zoomcamp,f9b7353f28
What impact does selecting fewer columns have on the cost of a BigQuery query?,data-engineering-zoomcamp,f9b7353f28
Why is it beneficial to specify only necessary columns when querying in BigQuery?,data-engineering-zoomcamp,f9b7353f28
In what way does BigQuery's storage format contribute to reducing query execution time and expense?,data-engineering-zoomcamp,f9b7353f28
How can minimizing the number of selected columns optimize resource usage in data queries?,data-engineering-zoomcamp,f9b7353f28
What are the steps to establish a connection between BigQuery and Looker Studio?,data-engineering-zoomcamp,ff76cb35fb
How can I authorize access from Looker Studio to my Google Cloud project when connecting to BigQuery?,data-engineering-zoomcamp,ff76cb35fb
"Which specific roles (e.g., Data Viewer, Editor) should be assigned for seamless BI tool integration with BigQuery?",data-engineering-zoomcamp,ff76cb35fb
What considerations should be taken into account when selecting tables or views in BigQuery for reporting purposes in Tableau?,data-engineering-zoomcamp,ff76cb35fb
Are there recommended data preparation steps in BigQuery before using it with BI tools like Tableau and Looker Studio?,data-engineering-zoomcamp,ff76cb35fb
What does the error message 'UnicodeDecodeError: 'utf-8' codec can't decode byte 0xa0 in position 41721: invalid start byte' indicate when working with Python data files?,data-engineering-zoomcamp,55b6d6256f
How can I resolve a `UnicodeDecodeError` while reading a CSV dataset from a web URL into a pandas DataFrame?,data-engineering-zoomcamp,55b6d6256f
What encoding should be specified when using `pd.read_csv()` to avoid the 'invalid start byte' decoding error?,data-engineering-zoomcamp,55b6d6256f
"When writing a pandas DataFrame to Google Cloud Storage (GCS) as a compressed CSV file, which encoding parameter ensures proper data serialization?",data-engineering-zoomcamp,55b6d6256f
Is there an alternative method to `pd.read_csv()` that can bypass Unicode decoding issues when importing datasets?,data-engineering-zoomcamp,55b6d6256f
Can you explain what a generator is in Python and how it differs from regular iterables like lists or tuples?,data-engineering-zoomcamp,0f2a26772e
What keyword is used to define a function as a generator in Python?,data-engineering-zoomcamp,0f2a26772e
How does a generator improve memory efficiency compared to storing all values in a list or tuple?,data-engineering-zoomcamp,0f2a26772e
In which module of the 'data-engineering-zoomcamp' course are generators discussed?,data-engineering-zoomcamp,0f2a26772e
What is the primary advantage of using generators when working with large datasets?,data-engineering-zoomcamp,0f2a26772e
How can I read multiple Parquet files simultaneously using Python?,data-engineering-zoomcamp,577dfed594
What is the most straightforward method to merge several data files into one result table in a data engineering course?,data-engineering-zoomcamp,577dfed594
"In the context of data warehousing, which function allows passing a list of file names to process them together?",data-engineering-zoomcamp,577dfed594
What approach does the `read_parquet` function provide for handling multiple input files at once during module 3 of the Data Engineering Zoomcamp?,data-engineering-zoomcamp,577dfed594
"When working with the `read_parquet` method in Python as part of Module 3 of the data-engineering-zoomcamp course, how can I efficiently read several files together?",data-engineering-zoomcamp,577dfed594
"Why don't the methods `pd.to_numeric(..., downcast=integer)` and `astype(int)` correctly convert `'DOlocationID'` to an integer type in a pandas DataFrame?",data-engineering-zoomcamp,c58d3563a6
What is the specific syntax required to ensure that the column `'DOlocationID'` in a pandas DataFrame is converted to the `Int64` nullable integer type?,data-engineering-zoomcamp,c58d3563a6
"In the context of data warehousing with pandas, what distinguishes the `Int64` type from regular integer types like `int32` or `int64`?",data-engineering-zoomcamp,c58d3563a6
"If I attempt to convert the `'DOlocationID'` column using `df['DOlocationID'] = df['DOlocationID'].astype(int)`, why might this approach lead to incorrect results, and what should be used instead?",data-engineering-zoomcamp,c58d3563a6
"How does the use of `df['DOlocationID'] = pd.to_numeric(df['DOlocationID'], downcast=integer)` affect the data type of `'DOlocationID'`, and why is it not suitable for ensuring an `Int64` representation?",data-engineering-zoomcamp,c58d3563a6
What view should I use to estimate BigQuery query costs over a specific time window?,data-engineering-zoomcamp,e5905a92e2
How can I determine which users executed queries during the chosen period?,data-engineering-zoomcamp,e5905a92e2
"When aggregating query data, what fields are necessary to identify cost patterns by user and job type?",data-engineering-zoomcamp,e5905a92e2
What is the formula to convert total_bytes_billed into estimated USD cost for on-demand pricing?,data-engineering-zoomcamp,e5905a92e2
Which SQL clause should be adjusted to modify the time window for the query cost estimation?,data-engineering-zoomcamp,e5905a92e2
What is the primary benefit of partitioning a table in BigQuery?,data-engineering-zoomcamp,e6c806f5fe
How does clustering improve query performance within each partition?,data-engineering-zoomcamp,e6c806f5fe
Can a BigQuery table be partitioned on multiple columns?,data-engineering-zoomcamp,e6c806f5fe
Which column should you choose for partitioning to optimize frequent filtering queries?,data-engineering-zoomcamp,e6c806f5fe
Provide an example SQL statement to create a partitioned and clustered table with 'VendorID' as the partition key and 'tpep_dropoff_datetime' as the clustering key.,data-engineering-zoomcamp,e6c806f5fe
What is the primary method for controlling access to datasets and tables in BigQuery?,data-engineering-zoomcamp,0882fc44fa
"Which roles are available for managing permissions on BigQuery resources, and what actions do they permit?",data-engineering-zoomcamp,0882fc44fa
How can I implement fine-grained access control over specific columns within a table in BigQuery?,data-engineering-zoomcamp,0882fc44fa
What strategies should I use to ensure that users have only the necessary permissions without compromising security?,data-engineering-zoomcamp,0882fc44fa
Are there tools or views provided by BigQuery to monitor and audit who accesses data and performs queries?,data-engineering-zoomcamp,0882fc44fa
"Why does the Bytes Processed count remain at zero for a COUNT(*) query on a native BigQuery table, but become chargeable once I add a WHERE clause or use an external table?",data-engineering-zoomcamp,01dcc4425b
How does BigQuery's Metadata Store enable instantaneous row counting in native tables without scanning data blocks?,data-engineering-zoomcamp,01dcc4425b
What is the difference in Bytes Processed accounting between native tables and external (GCS) tables when performing COUNT(*) operations?,data-engineering-zoomcamp,01dcc4425b
"If I need to know the total number of rows in a dataset stored in Google Cloud Storage, should I use a native BigQuery table or an external table, and what will be the cost implication?",data-engineering-zoomcamp,01dcc4425b
Can you provide a step-by-step explanation of how BigQuery determines Bytes Processed for a COUNT(*) query on a filtered native table versus an unfiltered one?,data-engineering-zoomcamp,01dcc4425b
What are the common causes for unexpected years appearing in `lpep_pickup_datetime` after loading taxi data into BigQuery?,data-engineering-zoomcamp,52e74f0053
How can I verify if there are unexpected years in the `lpep_pickup_datetime` column of a BigQuery table?,data-engineering-zoomcamp,52e74f0053
What SQL query should I run to check the minimum and maximum values of `lpep_pickup_datetime` in my dataset?,data-engineering-zoomcamp,52e74f0053
"If I find the years outside the expected range (e.g., 2019–2020), what steps should I take to reload the data correctly?",data-engineering-zoomcamp,52e74f0053
Why is it recommended to use Parquet format instead of CSV when reloading data into BigQuery to prevent schema interpretation issues?,data-engineering-zoomcamp,52e74f0053
What is the process to synchronize data from a PostgreSQL database to Google BigQuery for conducting analytical tasks?,data-engineering-zoomcamp,917b0b0fb5
Can you provide a Python script example that demonstrates how to connect to PostgreSQL and load data into a BigQuery dataset?,data-engineering-zoomcamp,917b0b0fb5
"What are the necessary prerequisites to ensure successful data synchronization between PostgreSQL and BigQuery, such as service account credentials and dataset existence?",data-engineering-zoomcamp,917b0b0fb5
"Does the location setting (e.g., US or EU) in BigQuery need to match during the data ingestion process, and why is this important?",data-engineering-zoomcamp,917b0b0fb5
How does this method of data syncing benefit users who wish to perform scalable analytics while keeping the data extraction process localized?,data-engineering-zoomcamp,917b0b0fb5
What is the primary purpose of having a separate 'Clean' layer in a layered data warehouse architecture?,data-engineering-zoomcamp,a198f6959c
"How are data quality checks implemented in the 'Data Quality (DQ)' layer of the pipeline, and what specific issues do they address?",data-engineering-zoomcamp,a198f6959c
Can you describe the typical transformations applied in the 'Analytics' layer to generate aggregated views from cleaned data?,data-engineering-zoomcamp,a198f6959c
What tools or technologies are recommended for implementing each SQL transformation layer when using PostgreSQL and BigQuery?,data-engineering-zoomcamp,a198f6959c
"How does separating the layers (raw, clean, DQ, analytics, mart) facilitate debugging and testing of the batch pipeline?",data-engineering-zoomcamp,a198f6959c
In what scenario would partitioning be the optimal choice over clustering for database performance?,data-engineering-zoomcamp,46d95787b3
"When dealing with queries that sort primarily on a numeric identifier, which method—partitioning or clustering—provides better efficiency?",data-engineering-zoomcamp,46d95787b3
Can you explain why both partitioning and clustering are beneficial when applied to different types of query filters?,data-engineering-zoomcamp,46d95787b3
"If I have a dataset where each record is accessed frequently based on its creation date, should I implement partitioning first, or does the choice depend more on other factors such as sorting patterns?",data-engineering-zoomcamp,46d95787b3
How do partitioning and clustering complement each other in a data warehousing architecture when addressing diverse access patterns?,data-engineering-zoomcamp,46d95787b3
What is causing the warning about google-crc32c using a pure Python implementation instead of an optimized C version?,data-engineering-zoomcamp,b72ed00c7b
Why are the file uploads to Google Cloud Storage timing out after 120 seconds?,data-engineering-zoomcamp,b72ed00c7b
How can I install the C-optimized version of google-crc32c to resolve the warning?,data-engineering-zoomcamp,b72ed00c7b
Is there a way to increase the timeout for uploading files to GCS to avoid the timeout error?,data-engineering-zoomcamp,b72ed00c7b
What specific code change should I apply to extend the upload timeout from 120 seconds to 5 minutes?,data-engineering-zoomcamp,b72ed00c7b
How does the `source()` function in dbt differ from `ref()` when referencing tables?,data-engineering-zoomcamp,742e16e6bc
What types of tables are typically referenced using the `source()` macro in a dbt project?,data-engineering-zoomcamp,742e16e6bc
"Where are raw or external tables defined when using the `source()` function, and what file is involved?",data-engineering-zoomcamp,742e16e6bc
What role does `ref()` play in managing dependencies and execution order among dbt models?,data-engineering-zoomcamp,742e16e6bc
Can you provide an example of how to use both `source()` and `ref()` macros in a dbt SQL query?,data-engineering-zoomcamp,742e16e6bc
What type of license is used for the dbt Cloud demos in Module 4 of the data-engineering-zoomcamp course?,data-engineering-zoomcamp,44ff6ae3df
Is a Team license available to students during the first two weeks after creating a dbt Cloud account?,data-engineering-zoomcamp,44ff6ae3df
How does the interface of the Team license compare to the one demonstrated in the Developer license during the demo?,data-engineering-zoomcamp,44ff6ae3df
Will the Team license provide the same level of functionality as the Developer license used in the course demonstrations?,data-engineering-zoomcamp,44ff6ae3df
What should students expect if they attempt to replicate the demo experience using a Team license after the first 14 days?,data-engineering-zoomcamp,44ff6ae3df
What should I check if the IDE reports that it cannot find `dbt_project.yml` at `/usr/src/develop/user-70471823426120/environment-70471823422561/repository-70471823410839/dbt_project.yml`?,data-engineering-zoomcamp,df2ca336d5
How can I confirm that all packages listed in `packages.yml` contain a corresponding `dbt_project.yml` file?,data-engineering-zoomcamp,df2ca336d5
What steps are required to initialize a new dbt project using the Cloud IDE interface?,data-engineering-zoomcamp,df2ca336d5
Where can I find detailed instructions for importing an existing dbt project from a Git repository into the Cloud IDE?,data-engineering-zoomcamp,df2ca336d5
"If `No dbt_project.yml found at expected path` appears, what is the recommended first troubleshooting step according to the FAQ?",data-engineering-zoomcamp,df2ca336d5
What is the primary cause of the '404 Not found: Dataset was not found in location' error when using dbt with BigQuery?,data-engineering-zoomcamp,c180431de3
How can I verify the region of my source dataset in the BigQuery console?,data-engineering-zoomcamp,c180431de3
"What steps should I take to ensure that dbt creates managed datasets (e.g., `dbt_<initial><lastname>`) in the same region as my source data?",data-engineering-zoomcamp,c180431de3
"If dbt has already created datasets in the wrong region, what is the recommended method to correct this situation?",data-engineering-zoomcamp,c180431de3
"When configuring a dbt Cloud project for BigQuery, where should I set the connection location to match a dataset located in EU?",data-engineering-zoomcamp,c180431de3
How can I configure a development environment for this dbt project to resolve the 'No development environment' error?,data-engineering-zoomcamp,29469cf158
What steps are required to setup my development credentials in order to use the dbt IDE as indicated by the error message?,data-engineering-zoomcamp,29469cf158
"Where can I find detailed instructions for setting up a dbt cloud environment, specifically for troubleshooting the missing development configuration?",data-engineering-zoomcamp,29469cf158
Is there a video tutorial that demonstrates how to configure the development environment at the point where it is mentioned at 1:42 in the provided video link?,data-engineering-zoomcamp,29469cf158
What is the exact URL of the dbt Cloud setup documentation referenced in the error message to guide me through creating a development environment?,data-engineering-zoomcamp,29469cf158
What should I do if I encounter the error 'Access Denied: User does not have bigquery.jobs.create permission in project <project_name>' while setting up dbt Cloud with BigQuery?,data-engineering-zoomcamp,b4a5d32d6b
Where can I find detailed instructions for configuring my dbt profile to resolve connection issues with Google BigQuery?,data-engineering-zoomcamp,b4a5d32d6b
How do I grant the necessary permissions to my dbt service account in Google Cloud IAM to allow job creation in BigQuery?,data-engineering-zoomcamp,b4a5d32d6b
What additional roles should I assign to my dbt service account in BigQuery to avoid future permission problems during the course?,data-engineering-zoomcamp,b4a5d32d6b
"After adjusting IAM settings, what is the final step to verify that the connection between dbt Cloud and BigQuery has been successfully re-established?",data-engineering-zoomcamp,b4a5d32d6b
Why am I receiving a 'Permission denied (publickey)' error when trying to clone the DataTalksClub/data-engineering-zoomcamp repository?,data-engineering-zoomcamp,87fddc59b7
How can I successfully clone my forked version of the data-engineering-zoomcamp repository instead of the original one?,data-engineering-zoomcamp,87fddc59b7
What steps should I follow to create a fresh GitHub repository specifically for dbt-lessons without interfering with existing repositories?,data-engineering-zoomcamp,87fddc59b7
"If SSH access is not set up, what alternative method can I use to clone the repository securely using HTTPS?",data-engineering-zoomcamp,87fddc59b7
"After cloning a forked repository, how do I ensure that subsequent git operations (like push and pull) correctly target my personal fork rather than the upstream original?",data-engineering-zoomcamp,87fddc59b7
How can I resolve the 'Permission denied (publickey)' error when starting the server in DBT Cloud?,data-engineering-zoomcamp,32a878b1d5
What steps are required to add a deploy key from DBT Cloud to my repository on GitHub?,data-engineering-zoomcamp,32a878b1d5
Where can I locate DBT Cloud’s SSH public key within the platform settings?,data-engineering-zoomcamp,32a878b1d5
"After adding the SSH key to GitHub, what should be done next to ensure successful server startup?",data-engineering-zoomcamp,32a878b1d5
Does restarting DBT Cloud after configuring the SSH keys guarantee that the permission issue will be resolved?,data-engineering-zoomcamp,32a878b1d5
"I installed dbt, but when I try to run the 'dbt' command, it says 'Command 'dbt' not found'. How do I resolve this issue?",data-engineering-zoomcamp,25f96d0b34
"After activating my virtual environment, how can I confirm that dbt is correctly installed within it?",data-engineering-zoomcamp,25f96d0b34
What command should I use to verify that dbt is available in my active virtual environment?,data-engineering-zoomcamp,25f96d0b34
"If I need to install dbt inside a specific virtual environment, which pip command do I execute?",data-engineering-zoomcamp,25f96d0b34
How can I ensure the 'dbt' command works globally rather than being confined to a virtual environment?,data-engineering-zoomcamp,25f96d0b34
What should I do if my DBT cloud IDE session does not start and displays the message 'Your IDE session was unable to start. Please contact support.'?,data-engineering-zoomcamp,99658f8d80
Where can I find detailed instructions for setting up a failed DBT cloud IDE session in Module 4 of the Data Engineering ZoomCamp course?,data-engineering-zoomcamp,99658f8d80
How do I create an SSH Key as part of resolving the IDE startup issue mentioned in the FAQ record for the data-engineering-zoomcamp course?,data-engineering-zoomcamp,99658f8d80
What is the correct method to import a repository into a dbt project when troubleshooting an indefinite loading IDE session?,data-engineering-zoomcamp,99658f8d80
"After generating an SSH Key and importing the repo, what final step must be taken in the repository settings to ensure successful IDE deployment?",data-engineering-zoomcamp,99658f8d80
What problem arises if the column data types are not explicitly defined when converting CSV files to Parquet format in a DBT/BigQuery pipeline?,data-engineering-zoomcamp,e8fe39dd54
How can I specify the schema for columns during the conversion process in Python to avoid automatic type selection based on initial rows?,data-engineering-zoomcamp,e8fe39dd54
"In the `web_to_gcp.py` script provided by Sebastian, where should I define the column data types to ensure proper handling of CSV data?",data-engineering-zoomcamp,e8fe39dd54
What modifications are necessary in the `web_to_gcs.py` script to process gzipped CSV files and prevent disk space accumulation?,data-engineering-zoomcamp,e8fe39dd54
Could you provide a link to the GitHub repository containing the adapted `web_to_gcs.py` script for converting web data to GCS with support for gz files?,data-engineering-zoomcamp,e8fe39dd54
What should I do if the direct URL to the NYC TLC trip data bucket returns an 'Access Denied' error?,data-engineering-zoomcamp,6435e27634
Can you guide me through using the GitHub CLI to download the NYC TLC trip data from the official GitHub repository?,data-engineering-zoomcamp,6435e27634
"After downloading the trip data files via GitHub CLI, how can I manually upload them to a Google Cloud Storage (GCS) bucket?",data-engineering-zoomcamp,6435e27634
Are there specific commands in the GitHub CLI that I need to execute to ensure the correct data is downloaded and prepared for upload?,data-engineering-zoomcamp,6435e27634
"Once the data is downloaded from GitHub, what is the recommended method to transfer these files into my GCS bucket?",data-engineering-zoomcamp,6435e27634
What issue did you encounter when trying to load the yellow trip data for 2019 using the provided script?,data-engineering-zoomcamp,28f6392ce5
Why did directly downloading and uploading the Parquet files to GCS still cause a schema inconsistency problem when creating the BigQuery table?,data-engineering-zoomcamp,28f6392ce5
Which alternative solution did Victoria recommend for efficiently loading the 2019 and 2020 yellow and green trip data into BigQuery?,data-engineering-zoomcamp,28f6392ce5
Where can I find the YouTube video that demonstrates the hack suggested by Victoria for loading data to BigQuery in Week 4 of the course?,data-engineering-zoomcamp,28f6392ce5
What specific schema changes are required at the end of the YouTube tutorial to successfully create the BigQuery table for the trip data?,data-engineering-zoomcamp,28f6392ce5
What is the new function name for `dbt_utils.surrogate_key` in recent versions of dbt-utils?,data-engineering-zoomcamp,e596dc3cbe
How can I update my existing dbt models that use `dbt_utils.surrogate_key` to avoid deprecation warnings or errors?,data-engineering-zoomcamp,e596dc3cbe
Which staging model files in the course are affected by the rename of `dbt_utils.surrogate_key` to `dbt_utils.generate_surrogate_key`?,data-engineering-zoomcamp,e596dc3cbe
"What arguments can be passed to `dbt_utils.generate_surrogate_key`, and how do they correspond to those of the deprecated `surrogate_key` function?",data-engineering-zoomcamp,e596dc3cbe
"After renaming `surrogate_key` to `generate_surrogate_key`, will the generated surrogate key values remain consistent with previous outputs?",data-engineering-zoomcamp,e596dc3cbe
What permissions must the service account have in Google Cloud Platform to resolve 'Access Denied' errors when dbt accesses external tables backed by GCS in BigQuery?,data-engineering-zoomcamp,78e4da8fa6
"If I receive a 'Permission denied while globbing file pattern' error, which specific roles should I grant to the service account for both BigQuery and Cloud Storage?",data-engineering-zoomcamp,78e4da8fa6
"After assigning the necessary roles in IAM, what additional steps are required for dbt to recognize these changes if it was already running or if new credentials were regenerated?",data-engineering-zoomcamp,78e4da8fa6
"In the context of this course's setup for Module 4 on Analytics Engineering with dbt, which combination of roles is typically used to ensure smooth operation without permission issues?",data-engineering-zoomcamp,78e4da8fa6
How can I verify that the service account's permissions have been updated successfully in the GCP console before restarting the dbt session?,data-engineering-zoomcamp,78e4da8fa6
What should I do if I encounter the error 'dbt_utils not found' while working on a dbt project?,data-engineering-zoomcamp,95b01285f5
How can I specify the version of the `dbt-utils` package in my dbt configuration file?,data-engineering-zoomcamp,95b01285f5
What is the purpose of creating a `packages.yml` file in the main directory of a dbt project?,data-engineering-zoomcamp,95b01285f5
Which command do I need to execute after adding a package to the `packages.yml` file to resolve the missing package error?,data-engineering-zoomcamp,95b01285f5
"In the context of resolving the 'dbt_utils not found' error, what version of the `dbt-utils` package is specified in the provided FAQ?",data-engineering-zoomcamp,95b01285f5
What should I do if the lineage feature shows as unavailable in my project?,data-engineering-zoomcamp,d4ec58fd16
How can I verify whether there are any compilation errors in my YAML configuration file for dbt?,data-engineering-zoomcamp,d4ec58fd16
Where can I locate and read the build logs after a dbt run to identify potential issues?,data-engineering-zoomcamp,d4ec58fd16
"If I encounter persistent errors despite a successful run, what is the recommended approach to troubleshoot them?",data-engineering-zoomcamp,d4ec58fd16
What steps should I follow to expand and examine error messages or warnings in the command history console during a dbt operation?,data-engineering-zoomcamp,d4ec58fd16
"When running the `dbt build` command, why is it necessary to include a variable that sets `'is_test_run'` to `false`, and how should this be formatted correctly?",data-engineering-zoomcamp,55fac499b0
"If my Fact_trips dataset only captures a limited number of days of data, what specific command line arguments must I use to ensure a full data load during the dbt build process?",data-engineering-zoomcamp,55fac499b0
What alternative method can be employed if setting the `'is_test_run'` variable to `false` in the dbt run or dbt build command does not resolve the incomplete Fact_trips data issue?,data-engineering-zoomcamp,55fac499b0
"In the context of dbt configuration for a non-test environment, which exact syntax should be used when invoking the `--vars` flag to disable test runs and guarantee comprehensive data ingestion?",data-engineering-zoomcamp,55fac499b0
"During Module 4 of the data-engineering-zoomcamp course, specifically within Analytics Engineering with dbt, what common pitfall should learners avoid regarding the formatting of single quotes when adjusting dbt variables?",data-engineering-zoomcamp,55fac499b0
"In my automated flow for green and yellow data spanning the years 2019 and 2020, why does each month's data overwrite the previous month instead of appending?",data-engineering-zoomcamp,9cce7ad112
"What is the purpose of the `if_exists` parameter when transferring data from GCS to BigQuery, and how does it affect cumulative dataset growth over time?",data-engineering-zoomcamp,9cce7ad112
"If I set `if_exists=""replace""` during an initial test run of my monthly data flow, what will happen to previously loaded months' data in BigQuery?",data-engineering-zoomcamp,9cce7ad112
How can I ensure that all monthly datasets from 2019 and 2020 are retained in BigQuery after modifying the automated pipeline?,data-engineering-zoomcamp,9cce7ad112
What specific configuration change should I apply to guarantee that new monthly fact trips are added to existing tables rather than replacing them?,data-engineering-zoomcamp,9cce7ad112
Why does the dm_monthly_zone_revenue.sql model return an error in BigQuery?,data-engineering-zoomcamp,5a1a61b6a8
What specific change should I make to the SQL line involving `date_trunc` to resolve the error?,data-engineering-zoomcamp,5a1a61b6a8
"Is there a difference between using `date_trunc('month', column)` and `date_trunc(column, month)` in this context?",data-engineering-zoomcamp,5a1a61b6a8
How can I ensure that the word 'month' is not enclosed in quotes when modifying the SQL query?,data-engineering-zoomcamp,5a1a61b6a8
"After applying the suggested modification, will the model run successfully without returning any errors?",data-engineering-zoomcamp,5a1a61b6a8
Why does my BigQuery table still have only 100 rows even after specifying a variable in the `dbt run` command?,data-engineering-zoomcamp,3cc457b0de
What should I do to ensure that the dataset created by dbt contains all expected rows when running without variables?,data-engineering-zoomcamp,3cc457b0de
"How can I prevent dbt from creating a new dataset during a CI/CD job execution, and instead merge changes into an existing production environment?",data-engineering-zoomcamp,3cc457b0de
"When configuring a CI/CD job in dbt Cloud, what setting should be selected under 'Compare Changes against an environment (Deferral)' to avoid generating a separate environment for pull requests?",data-engineering-zoomcamp,3cc457b0de
"What is the purpose of selecting 'No; do not defer to another environment' when setting up a CI/CD job in dbt, and how does it affect dataset creation in BigQuery?",data-engineering-zoomcamp,3cc457b0de
What is the primary purpose of the Staging dataset in a data engineering workflow?,data-engineering-zoomcamp,a31defac51
How does the Staging dataset differ from raw datasets and final fact/dimension tables?,data-engineering-zoomcamp,a31defac51
Why are datasets in the staging phase usually materialized as views instead of tables?,data-engineering-zoomcamp,a31defac51
In what stage of the project do we primarily focus on creating production and `dbt_name + trips_data_all` while the staging dataset operates behind the scenes?,data-engineering-zoomcamp,a31defac51
How does the Staging dataset facilitate the transformation of raw data into a more usable format?,data-engineering-zoomcamp,a31defac51
Why can't I access the documentation served by my dbt project through a web browser?,data-engineering-zoomcamp,53afe4bee2
What specific configuration change should I make in the `docker-compose` file to resolve the issue of docs being served but inaccessible via the browser?,data-engineering-zoomcamp,53afe4bee2
"In the context of Module 4 on Analytics Engineering with dbt for the Data Engineering Zoom Camp, what is the purpose of removing the `network: host` line from `docker-compose`?",data-engineering-zoomcamp,53afe4bee2
How does modifying the `docker-compose` file related to network settings affect the accessibility of dbt project documentation in a browser?,data-engineering-zoomcamp,53afe4bee2
What troubleshooting step is suggested in the FAQ record for fixing doc serving problems in a dbt environment set up with Docker Compose?,data-engineering-zoomcamp,53afe4bee2
Why is the main/default branch in dbt Cloud and the dbt VS Code extension set to read-only?,data-engineering-zoomcamp,f0ad880ffb
What steps should I follow to create a new branch for making changes in dbt Cloud IDE?,data-engineering-zoomcamp,f0ad880ffb
How do I switch to a newly created feature branch from the command line using git?,data-engineering-zoomcamp,f0ad880ffb
"After making edits, what commands are required to commit my changes and push them to GitHub?",data-engineering-zoomcamp,f0ad880ffb
"Once a pull request is opened to merge my feature branch back to main, what happens next in the workflow?",data-engineering-zoomcamp,f0ad880ffb
How can I enable Continuous Integration (CI) jobs for my dbt project hosted on GitHub?,data-engineering-zoomcamp,3d51ece7b9
"After linking my GitHub account to dbt Cloud, what steps are required to replace an existing 'Git Clone' connection with a native GitHub integration?",data-engineering-zoomcamp,3d51ece7b9
"What should I do if the CI job reports ""valid dbt project was not found"" after configuring the native GitHub integration?",data-engineering-zoomcamp,3d51ece7b9
"Is it necessary for my dbt project to be in the root directory of the GitHub repository, or can it reside in a subfolder?",data-engineering-zoomcamp,3d51ece7b9
"Which plan tiers of dbt Cloud support CI jobs, and what are the prerequisites for setting them up?",data-engineering-zoomcamp,3d51ece7b9
"I am encountering a compilation error stating that the model 'model.my_new_project.stg_green_tripdata' depends on a source named 'staging.green_trip_external', which is not found. What should I do to resolve this issue?",data-engineering-zoomcamp,c37b2ed3a5
"During the execution of video DE Zoomcamp 4.3.1 - Building the First DBT Models, at approximately 14:25, the Lineage graph fails to display, and I receive a compilation error as depicted in the attached screenshot. How can I fix this problem?",data-engineering-zoomcamp,c37b2ed3a5
"In the context of Module 4: Analytics Engineering with dbt from the data-engineering-zoomcamp course, what is the specific action recommended to address a missing source reference error for 'staging.green_trip_external' within the 'schema.yml' file?",data-engineering-zoomcamp,c37b2ed3a5
"When building my first DBT models following DE Zoomcamp video 4.3.1, why does saving the `schema.yml` file resolve the compilation issue related to an undefined source 'staging.green_trip_external', and where can I verify this fix with the Lineage graph?",data-engineering-zoomcamp,c37b2ed3a5
"For learners of data-engineering-zoomcamp who experience a dbt Compilation Error due to a non-existent source named 'staging.green_trip_external' while working on model.my_new_project.stg_green_tripdata, what is the quickest method to restore the functionality and view the lineage graph?",data-engineering-zoomcamp,c37b2ed3a5
What is the specific error occurring in the `accepted_values_stg_green_tripdata_Payment_type__False___var_payment_type_values_` test located in `models/staging/schema.yml`?,data-engineering-zoomcamp,8bfd724e4f
Which macro in the `tests/generic/builtin.sql` file is responsible for triggering this error during testing?,data-engineering-zoomcamp,8bfd724e4f
What variable must be added to the `dbt_project.yml` configuration file to resolve the 'NoneType' object is not iterable' compilation error?,data-engineering-zoomcamp,8bfd724e4f
Could you provide the exact value list that should be assigned to the `payment_type_values` variable in the `dbt_project.yml` file?,data-engineering-zoomcamp,8bfd724e4f
In which module of the 'data-engineering-zoomcamp' course is this issue addressed?,data-engineering-zoomcamp,8bfd724e4f
"I encountered an error when using the `get_payment_type_description` macro in BigQuery, receiving a 'No matching signature for operator CASE' message. How can I fix this?",data-engineering-zoomcamp,89733da275
"Why does the macro need to change numeric literals like 1, 2, 3 to quoted strings such as '1', '2', '3'? Isn't `payment_type` already a string?",data-engineering-zoomcamp,89733da275
"After modifying the macro as suggested, what additional steps are required to ensure it functions correctly within the dbt project?",data-engineering-zoomcamp,89733da275
Could you explain why the original macro caused a BadRequest error specifically in BigQuery and not in other databases supported by dbt?,data-engineering-zoomcamp,89733da275
Where can I find more detailed documentation or examples for resolving similar type-mismatch issues when using macros across different dbt adapters?,data-engineering-zoomcamp,89733da275
How can I identify the specific line causing an error in dbt when using BigQuery?,data-engineering-zoomcamp,2d05496ddf
What steps should I take to troubleshoot a dbt model that fails in BigQuery?,data-engineering-zoomcamp,2d05496ddf
Where can I find the detailed query execution log for a failed dbt run in BigQuery?,data-engineering-zoomcamp,2d05496ddf
"After encountering a dbt error, what is the process to navigate directly to the problematic SQL line in BigQuery?",data-engineering-zoomcamp,2d05496ddf
"In the context of dbt troubleshooting within a module on Analytics Engineering with dbt, how does accessing the BigQuery link help resolve issues?",data-engineering-zoomcamp,2d05496ddf
. Why does dbt append 'bt_marts' to the target schema when I set it to 'marts'? ,data-engineering-zoomcamp,58586a16a6
. How can I configure dbt to use the exact schema name 'marts' instead of automatically creating 'dbt_marts'? ,data-engineering-zoomcamp,58586a16a6
. What is the purpose of the `generate_schema_name.sql` macro in dbt? ,data-engineering-zoomcamp,58586a16a6
. Where should I place the `generate_schema_name.sql` macro file within a dbt project directory? ,data-engineering-zoomcamp,58586a16a6
. How do I reference the `custom_schema_name` and `node` variables inside the `generate_schema_name.sql` macro?,data-engineering-zoomcamp,58586a16a6
What setting should I adjust to specify a subdirectory within my GitHub repository as the root for a dbt project in dbt Cloud?,data-engineering-zoomcamp,c7ca760fed
"In dbt Cloud, where can I find the option to configure the `Project subdirectory` for my dbt project?",data-engineering-zoomcamp,c7ca760fed
How do I point dbt Cloud to use a specific subfolder inside my GitHub repo when setting up a new dbt project?,data-engineering-zoomcamp,c7ca760fed
What interface element in dbt Cloud allows me to designate a particular subdirectory of my GitHub repository as the dbt project's root directory?,data-engineering-zoomcamp,c7ca760fed
"During the setup of a dbt project in dbt Cloud, which configuration option enables the selection of a subdirectory from my linked GitHub repository?",data-engineering-zoomcamp,c7ca760fed
How should I correctly reference an existing table in a dbt model to avoid the 'source named '<a table name>' was not found' error?,data-engineering-zoomcamp,3ce6d0445f
What is the proper syntax for specifying a source table within a `.sql` file for a dbt model in BigQuery or Postgres?,data-engineering-zoomcamp,3ce6d0445f
"When encountering a compilation error about a missing source table, what steps should I take to resolve it?",data-engineering-zoomcamp,3ce6d0445f
Can you provide an example of how to define a source in a dbt model to ensure the correct table is referenced from the database?,data-engineering-zoomcamp,3ce6d0445f
"What common mistake leads to the 'Model 'model.XXX'' depends on a source named '<a table name>' which was not found' error, and how can it be fixed?",data-engineering-zoomcamp,3ce6d0445f
"Why am I encountering a compilation error stating that the model '<model_name>' located at '<model_path>' depends on a node named '<seed_name>', which is not found in the Production Environment?",data-engineering-zoomcamp,2d17397995
What steps should I take to resolve the issue where my model references a seed that appears missing during production deployment?,data-engineering-zoomcamp,2d17397995
How can I ensure that the seed file referenced by my dbt model is correctly included in the `seeds` directory and properly tracked in Git?,data-engineering-zoomcamp,2d17397995
"What potential configuration in the `.gitignore` file might prevent a CSV seed file from being recognized during the production build process, and how should it be adjusted?",data-engineering-zoomcamp,2d17397995
"After creating a pull request from my Development branch to the Production branch, why does dbt still report that a required seed is not found, and what further checks should I perform?",data-engineering-zoomcamp,2d17397995
Why does loading the GitHub repository result in an exception stating that 'taxi_zone_lookup' is not found?,data-engineering-zoomcamp,fd607affe5
What directory name should be used to load seed files for the dbt project in Module 4?,data-engineering-zoomcamp,fd607affe5
How can I resolve the error indicating 'taxi_zone_lookup' is missing when attempting to load files from a GitHub repo?,data-engineering-zoomcamp,fd607affe5
What specific renaming step is required in the repository structure to fix the 'seed file not found' issue?,data-engineering-zoomcamp,fd607affe5
"In the context of our data-engineering-zoomcamp course, specifically Module 4 on Analytics Engineering with dbt, what directory must be renamed to ensure proper seed file loading?",data-engineering-zoomcamp,fd607affe5
Why does the `fact_trips` model produce an inconsistent number of rows each time it is rerun?,data-engineering-zoomcamp,d9072c7279
What specific change should be made to the staging files to ensure consistent row counts in the `fact_trips` table?,data-engineering-zoomcamp,d9072c7279
How does adding an `ORDER BY` clause in the `PARTITION BY` section resolve the inconsistency issue?,data-engineering-zoomcamp,d9072c7279
Which columns need to be included in the `ORDER BY` clause to achieve a stable first-row selection for each partition?,data-engineering-zoomcamp,d9072c7279
What is the underlying cause of row inconsistencies when unknown boroughs are present in the data?,data-engineering-zoomcamp,d9072c7279
Why am I encountering a duplicate column name 'locationID' error when running my SQL query involving table joins?,data-engineering-zoomcamp,1d2222e38a
"In the provided dbt example, what is causing the conflict with columns named `locationid` from different tables?",data-engineering-zoomcamp,1d2222e38a
How can I modify the SELECT statement in the dbt example to avoid the duplicate column name issue while still performing the necessary joins between `fhv` and `dim_zones` tables?,data-engineering-zoomcamp,1d2222e38a
What is the recommended approach to specify table aliases correctly in a dbt SQL query to prevent column name conflicts like 'locationID'?,data-engineering-zoomcamp,1d2222e38a
"Could you explain why using `SELECT *` without explicit table names leads to duplicate column names in the context of this dbt query, and what alternative syntax should be used?",data-engineering-zoomcamp,1d2222e38a
Why are some columns in the green taxi data failing to cast to INT64?,data-engineering-zoomcamp,9f2048fc73
"What specific columns are causing casting errors, and what are their types in the Parquet file?",data-engineering-zoomcamp,9f2048fc73
"How do whole number values stored as floats (e.g., 1.0) lead to ""Bad int64 value"" errors?",data-engineering-zoomcamp,9f2048fc73
What is a recommended approach using `safe_cast` to handle casting failures for the `ehail_fee` column?,data-engineering-zoomcamp,9f2048fc73
"If I control the upstream data ingestion, what step should I take to ensure columns like `ehail_fee` are stored as INT64 in Parquet?",data-engineering-zoomcamp,9f2048fc73
How can I correctly specify variables in `dbt run` commands to avoid the error about the `-vars` argument expecting a YAML dictionary?,data-engineering-zoomcamp,57767e983b
"What is the proper syntax for defining variable values when passing them to dbt, ensuring they are interpreted as part of a dictionary?",data-engineering-zoomcamp,57767e983b
"Why does the environment type option become inaccessible during a Production Deployment in Module 4, and do I need to modify it manually?",data-engineering-zoomcamp,57767e983b
"In the context of dbt deployments within the Data Engineering Zoom Camp, which deployment type should be selected when following guided video instructions?",data-engineering-zoomcamp,57767e983b
What should I do if I encounter an error stating that the `-vars` argument must be a YAML dictionary while attempting to run dbt with specified variables?,data-engineering-zoomcamp,57767e983b
Why am I encountering an error stating 'Could not parse the dbt project' when running the Environment on the master branch?,data-engineering-zoomcamp,8ab8329fea
What steps are required to resolve the issue of an invalid dbt project detection during environment setup?,data-engineering-zoomcamp,8ab8329fea
How can I ensure that my dbt project is recognized as valid when configuring the development environment for a specific branch?,data-engineering-zoomcamp,8ab8329fea
What should I do if the system indicates that the repository lacks a valid dbt project configuration?,data-engineering-zoomcamp,8ab8329fea
"When setting up the Environment, what checkbox must be activated and what branch name should be entered to prevent parsing errors with a dbt project?",data-engineering-zoomcamp,8ab8329fea
What steps are required to save and commit my current progress before migrating my dbt Cloud managed repository?,data-engineering-zoomcamp,c547b5d5e5
Where can I find the 'Projects' setting under 'Settings' in my dbt profile?,data-engineering-zoomcamp,c547b5d5e5
How do I download and prepare the contents of my dbt Cloud managed repository for upload to GitHub?,data-engineering-zoomcamp,c547b5d5e5
What actions should I take after disconnecting the managed repository to reconnect it to a new GitHub repository?,data-engineering-zoomcamp,c547b5d5e5
"If my dbt project is stored in a subfolder of my GitHub repository, what additional steps are necessary according to the FAQ?",data-engineering-zoomcamp,c547b5d5e5
Why does my job continue to run using the older version of the modeling files after I've committed changes to the development branch?,data-engineering-zoomcamp,ee3f7f89ba
What steps should I follow to ensure that my dbt job utilizes the latest updates from my development branch?,data-engineering-zoomcamp,ee3f7f89ba
How can I synchronize my development branch with the main branch in GitHub to reflect recent modifications in my dbt project?,data-engineering-zoomcamp,ee3f7f89ba
"After making adjustments to my modeling files, what procedure should I employ to verify that the subsequent job execution employs the updated files?",data-engineering-zoomcamp,ee3f7f89ba
"In a dbt workflow within GitHub, what is the correct sequence of actions to merge changes from a development branch into the main branch and trigger an updated job run?",data-engineering-zoomcamp,ee3f7f89ba
"After successfully connecting Github and BigQuery to dbt, why am I not seeing any models in the Develop tab?",data-engineering-zoomcamp,dfd4ddbf39
What are the essential steps to configure a development environment for creating data models using dbt?,data-engineering-zoomcamp,dfd4ddbf39
How do I set the necessary parameters within the dbt development environment?,data-engineering-zoomcamp,dfd4ddbf39
"Once I have developed a model in dbt, what is the next step to deploy and run jobs?",data-engineering-zoomcamp,dfd4ddbf39
"In Module 4 of the 'data-engineering-zoomcamp' course, what specific actions are required before I can start developing data models with dbt?",data-engineering-zoomcamp,dfd4ddbf39
Why am I not getting any output when I run the command `dbt run --models stg_green_tripdata --var 'is_test_run: false'`?,data-engineering-zoomcamp,778635395f
"What is the correct syntax to execute dbt with a variable for a specific model, such as `stg_green_tripdata`, ensuring the test run flag is set to false?",data-engineering-zoomcamp,778635395f
"In Module 4 of the data-engineering-zoomcamp course, which command should I use to run dbt on the `stg_green_tripdata` models without triggering a test run?",data-engineering-zoomcamp,778635395f
How can I properly specify variable values when invoking dbt for model-specific tasks in the context of the provided FAQ?,data-engineering-zoomcamp,778635395f
What alternative approach is recommended in the FAQ for executing dbt with variables when the tutorial command fails to produce results?,data-engineering-zoomcamp,778635395f
How can I resolve the 'No module named 'pytz'' error when setting up dbt with Docker for BigQuery?,data-engineering-zoomcamp,e5b8322bee
What specific command should I add to my Dockerfile to fix the missing 'pytz' module during dbt initialization in the data-engineering-zoomcamp course?,data-engineering-zoomcamp,e5b8322bee
"After running `docker-compose build` and `docker-compose run dbt-bq-dtc init`, why do I still encounter a ModuleNotFoundError for 'pytz'?",data-engineering-zoomcamp,e5b8322bee
"In the context of the 04-analytics-engineering/docker_setup/README.md file from the data-engineering-zoomcamp course, which version of Python is being used in the Dockerfile and how does it relate to installing 'pytz'?",data-engineering-zoomcamp,e5b8322bee
What steps should I follow to ensure that the 'pytz' module is properly installed within the dbt BigQuery Docker environment as outlined in the provided FAQ?,data-engineering-zoomcamp,e5b8322bee
How can I resolve permission issues in VS Code when editing `dbt_project.yml` after running `docker-compose run dbt-bq-dtc init`?,data-engineering-zoomcamp,eda58f442a
What command should I use to change the ownership of a directory to fix permission denied errors on Linux?,data-engineering-zoomcamp,eda58f442a
"If I receive an error stating 'DBT - Internal Error: Profile should not be None if loading is completed' when executing `dbt debug`, what steps should I take to correct it?",data-engineering-zoomcamp,eda58f442a
Where should I navigate to in order to modify the profile 'taxi_rides_ny' to 'bq-dbt-workshop' within a dbt project created by Docker?,data-engineering-zoomcamp,eda58f442a
"In the context of Module 4: Analytics Engineering with dbt from the data-engineering-zoomcamp course, what is the purpose of changing directories to subdirectories like `taxi_rides_ny`?",data-engineering-zoomcamp,eda58f442a
What should I do if I encounter an error stating that a valid dbt project was not found when running my dbt project in the production environment?,data-engineering-zoomcamp,fee87c684a
How can I ensure that my dbt Cloud run is successful after merging changes from a pull request into the main branch?,data-engineering-zoomcamp,fee87c684a
What steps are required to verify that the `dbt_project.yml` file is correctly set up and accessible during a dbt Cloud execution?,data-engineering-zoomcamp,fee87c684a
What should be checked to prevent errors related to dataset naming mismatches between BigQuery and dbt Cloud's production configuration?,data-engineering-zoomcamp,fee87c684a
"If I receive an error indicating that my dbt project cannot run on production, which version of the repository should I ensure is being used?",data-engineering-zoomcamp,fee87c684a
What should I append to the GitHub URL to ensure the raw parquet file is served when ingesting FHV trip data into GCS/BigQuery?,data-engineering-zoomcamp,6783a9bddb
How can I modify a templated GitHub URL for an FHV trip data file to correctly load it as parquet into BigQuery?,data-engineering-zoomcamp,6783a9bddb
"Why might the input file not be recognized as parquet when loading FHV trip data from the course's GitHub mirror, and what is the correct URL prefix to use?",data-engineering-zoomcamp,6783a9bddb
"If my download command (`curl -sSLf` or `wget`) does not change, what adjustment should I make to the GitHub URL to avoid HTML preview issues when ingesting FHV data?",data-engineering-zoomcamp,6783a9bddb
"In the context of Module 4: Analytics Engineering with dbt for the 'data-engineering-zoomcamp' course, which URL structure (`blob` vs `tree`) should be used to correctly reference the FHV trip data repository?",data-engineering-zoomcamp,6783a9bddb
How can I configure the workflow to load FHV trip data only when the taxi type is set to 'fhv'?,data-engineering-zoomcamp,b459de9135
What SQL commands are used to create a partitioned table for FHV trip data in BigQuery?,data-engineering-zoomcamp,b459de9135
Which external table definition reads CSV files from Google Cloud Storage for FHV trip data?,data-engineering-zoomcamp,b459de9135
How does the MERGE statement ensure that new FHV trip records are inserted without duplicates into the main `fhv_tripdata` table?,data-engineering-zoomcamp,b459de9135
"What trigger schedule is defined to process FHV trip data on a daily basis, and at what specific time?",data-engineering-zoomcamp,b459de9135
How can I upload the NYC TLC dataset for the homework assignment?,data-engineering-zoomcamp,c549d24645
What script should I use to transfer datasets from GitHub during the Homework: Ingesting NYC TLC Data exercise?,data-engineering-zoomcamp,c549d24645
Is there a similar script provided in the course materials that I can refer to for uploading files to Google Cloud Storage?,data-engineering-zoomcamp,c549d24645
"Could you provide the direct link to the git_csv_to_gcs.py script mentioned in the FAQ for Module 4, Analytics Engineering with dbt?",data-engineering-zoomcamp,c549d24645
What is the purpose of the git_csv_to_gcs.py script in the context of the data-engineering-zoomcamp course homework?,data-engineering-zoomcamp,c549d24645
What is the recommended method to securely set up credentials for a project that will be pushed to a git repository?,data-engineering-zoomcamp,fb43c209d9
How can I use environment variables specifically for Google Cloud Storage operations in my Python scripts like `web_to_gcs.py` and `git_csv_to_gcs.py`?,data-engineering-zoomcamp,fb43c209d9
"What package should I install to manage environment variables easily, and how do I set it up?",data-engineering-zoomcamp,fb43c209d9
Could you provide a step-by-step guide on installing the `python-dotenv` package and using it to load environment variables from a `.env` file?,data-engineering-zoomcamp,fb43c209d9
"After installing `python-dotenv`, what code snippet should I add to my Python script to access the `GOOGLE_APPLICATION_CREDENTIALS` and `GCP_GCS_BUCKET` variables?",data-engineering-zoomcamp,fb43c209d9
How should I handle malformed timestamp values in the CSV file when ingesting FHV trip data into BigQuery?,data-engineering-zoomcamp,8c9b0fdaa5
"What is the recommended approach to resolve column type mismatches (e.g., INT64 vs FLOAT) between Parquet files and the defined external table schema?",data-engineering-zoomcamp,8c9b0fdaa5
"If some months of the FHV dataset have different schemas for location ID columns, how can I ensure consistent type handling across all month files?",data-engineering-zoomcamp,8c9b0fdaa5
"What steps can I take to prevent `Bad int64 value` errors during casting in my dbt models when dealing with certain integer columns (e.g., `ehail_fee`, `ratecodeid`)?",data-engineering-zoomcamp,8c9b0fdaa5
Is there a way to automatically detect and bypass timestamp parsing issues directly during the BigQuery load process for CSV files?,data-engineering-zoomcamp,8c9b0fdaa5
What is the error message indicating when trying to join tables on `LocationID`?,data-engineering-zoomcamp,faddbcb675
Why does the error occur due to a mismatch between string and integer types for `LocationID`?,data-engineering-zoomcamp,faddbcb675
Which dbt function should be used to convert a string field like `PULocationID` to an integer in order to resolve the joining issue?,data-engineering-zoomcamp,faddbcb675
What is the exact syntax for casting `PULocationID` as an integer using dbt's `safe_cast` method?,data-engineering-zoomcamp,faddbcb675
How can I ensure that both tables have compatible data types for the `LocationID` field before performing a join?,data-engineering-zoomcamp,faddbcb675
How can I continue using Looker Studio after the 30-day trial has ended?,data-engineering-zoomcamp,17be084780
What steps should I follow to access the free version of Looker Studio via Google Cloud Project console?,data-engineering-zoomcamp,17be084780
Why am I encountering a subscription error when trying to use Looker Studio through the Google Cloud Project console?,data-engineering-zoomcamp,17be084780
Is there a specific URL I need to visit to bypass the Pro version prompt and retain free access to Looker Studio?,data-engineering-zoomcamp,17be084780
What is the recommended method to navigate directly to the complimentary Looker Studio interface without facing trial expiration messages?,data-engineering-zoomcamp,17be084780
What mechanism does dbt use to manage dependencies between models?,data-engineering-zoomcamp,78fda262c6
How can other models be referenced within a dbt model's SQL code?,data-engineering-zoomcamp,78fda262c6
Does dbt automatically determine the execution order of dependent models?,data-engineering-zoomcamp,78fda262c6
What keyword is used in dbt to establish relationships between models?,data-engineering-zoomcamp,78fda262c6
Can you explain how dbt ensures that models are executed in the correct sequence based on their dependencies?,data-engineering-zoomcamp,78fda262c6
How can I efficiently load large taxi data files into a PostgreSQL database using dbt?,data-engineering-zoomcamp,a250f11737
What syntax should I use to create a new table named 'taxis' in dbt-postgres for storing taxi-related data?,data-engineering-zoomcamp,a250f11737
Which parameters must be specified when using the `COPY` command to import CSV data from an external URL into the 'taxis' table?,data-engineering-zoomcamp,a250f11737
What are the advantages of using the PostgreSQL `COPY FROM PROGRAM` feature over other data loading methods in dbt?,data-engineering-zoomcamp,a250f11737
Can you provide a step-by-step example of how to configure dbt to automatically upload taxi data from a remote CSV file to a PostgreSQL database?,data-engineering-zoomcamp,a250f11737
"In a local environment using dbt-core, where should the `profiles.yml` file be placed to configure connection profiles for all projects?",data-engineering-zoomcamp,49e1ec9d84
"On Windows, what is the exact path to the `~/.dbt/profiles.yml` file relative to the user's home directory?",data-engineering-zoomcamp,49e1ec9d84
Is the `profiles.yml` configuration file necessary for dbt Cloud environments?,data-engineering-zoomcamp,49e1ec9d84
What steps are required to create a `profiles.yml` file in the correct location on a Windows system?,data-engineering-zoomcamp,49e1ec9d84
Where can I find an example of how to structure the `profiles.yml` file for dbt projects?,data-engineering-zoomcamp,49e1ec9d84
Does dbt Core offer a built-in user interface similar to dbt Cloud?,data-engineering-zoomcamp,a8e992c143
What third-party tools can provide a graphical interface for managing dbt Core projects?,data-engineering-zoomcamp,a8e992c143
How does Altimate's VS Code extension facilitate working with dbt Core compared to using it directly?,data-engineering-zoomcamp,a8e992c143
Are there any free community plans available for the Altimate tool mentioned in the FAQ?,data-engineering-zoomcamp,a8e992c143
"Can Elementary be used to monitor the data transformations defined in a dbt Core project, and where can I find more information on its setup?",data-engineering-zoomcamp,a8e992c143
Why am I receiving the error '5432 is not of type 'integer'' when setting up the `profiles.yml` file for dbt-postgres using Jinja templates with environment variables?,data-engineering-zoomcamp,5d92a0583a
How can I ensure that the port number defined by an environment variable in my `profiles.yml` configuration is correctly interpreted as an integer by dbt-postgres?,data-engineering-zoomcamp,5d92a0583a
"What syntax should I use in Jinja within a `profiles.yml` file to convert an environment variable value (e.g., `DB_PORT`) to an integer for the database connection port?",data-engineering-zoomcamp,5d92a0583a
"In the context of dbt-postgres, what common mistake leads to the 'Credentials ... invalid: '5432' is not of type 'integer'' error message when using environment variables in Jinja templates?",data-engineering-zoomcamp,5d92a0583a
How do I properly format a `profiles.yml` entry to leverage an environment variable for the database port while avoiding type mismatch errors during dbt execution?,data-engineering-zoomcamp,5d92a0583a
How can I verify that my `profiles.yml` file is correctly configured for a dbt model?,data-engineering-zoomcamp,23687d0f93
What steps should I follow in the dbt Cloud UI to ensure the correct database and schema are set for my project?,data-engineering-zoomcamp,23687d0f93
"If I encounter an error indicating an incorrect schema in models, what environment settings should I double-check?",data-engineering-zoomcamp,23687d0f93
"Is it necessary to manually configure the `profiles.yml` file when using dbt Cloud, or are connection settings managed differently?",data-engineering-zoomcamp,23687d0f93
"What is the typical location of the `profiles.yml` file on a system, and how does this relate to dbt configuration?",data-engineering-zoomcamp,23687d0f93
What is the limitation on the number of projects in the free developer version of DBT?,data-engineering-zoomcamp,7cec1857a9
Can I have multiple projects under a single account using DBT's free developer version?,data-engineering-zoomcamp,7cec1857a9
Is there a way to work around the project restriction imposed by DBT's free developer edition?,data-engineering-zoomcamp,7cec1857a9
How can I set up additional accounts to utilize more than one project with DBT?,data-engineering-zoomcamp,7cec1857a9
What are the options available for users who require more than one project in the free version of dbt?,data-engineering-zoomcamp,7cec1857a9
Why does the Power user for the dbt VS Code extension continue to prompt installation of dbt core even though dbt is already installed in a virtual environment?,data-engineering-zoomcamp,f5c9c1b46d
What command should I run within my dbt project folder to view the Python interpreter path used by dbt?,data-engineering-zoomcamp,f5c9c1b46d
How do I activate a virtual environment on macOS or Unix systems before configuring VS Code for dbt?,data-engineering-zoomcamp,f5c9c1b46d
"After running `dbt debug`, where should I copy the displayed Python interpreter path from and where should I paste it in VS Code?",data-engineering-zoomcamp,f5c9c1b46d
"If the installation prompt persists after following these steps, what additional troubleshooting actions can be taken to resolve potential conflicting Python environments?",data-engineering-zoomcamp,f5c9c1b46d
Why isn't Workload Identity Federation (WIF) working reliably for connecting to BigQuery in dbt Cloud?,data-engineering-zoomcamp,f57e5cb1f4
What specific GCP roles are required to bypass the restriction on service account key creation?,data-engineering-zoomcamp,f57e5cb1f4
How can I delete the organization policy that prevents the creation of service account keys using the CLI?,data-engineering-zoomcamp,f57e5cb1f4
"After removing the policy, what is the next step to enable a JSON key for a BigQuery service account in dbt Cloud?",data-engineering-zoomcamp,f57e5cb1f4
Is there an alternative method to configure the connection if creating a JSON key remains problematic after following the steps above?,data-engineering-zoomcamp,f57e5cb1f4
Why does the `ref()` function fail when a `.csv` file extension is included in the reference?,data-engineering-zoomcamp,a4c1f2e983
What should I change in the YAML configuration to correctly reference a seed named `taxi_zone_lookup.csv` using dbt's `ref()` function?,data-engineering-zoomcamp,a4c1f2e983
How can I resolve the warning that states 'depends on a node named 'taxi_zone_lookup.csv' which was not found' when testing relationships in dbt?,data-engineering-zoomcamp,a4c1f2e983
What is the correct model name to use within the `ref()` function if my seed file is called `taxi_zone_lookup.csv`?,data-engineering-zoomcamp,a4c1f2e983
"In dbt, what distinguishes the reference to a model or seed from the actual file name of the data source?",data-engineering-zoomcamp,a4c1f2e983
"Despite running `dbt docs generate`, why is the documentation or book sign not visible in the free version's development environment?",data-engineering-zoomcamp,98b6a15ece
What specific action should I take to ensure that model documentation appears after executing dbt commands in a non-production setting?,data-engineering-zoomcamp,98b6a15ece
How can I generate and view the documentation for my models if the free version does not display it during regular runs?,data-engineering-zoomcamp,98b6a15ece
"In 'data-engineering-zoomcamp' Module 4, what is the recommended method to produce model documentation when using the development environment?",data-engineering-zoomcamp,98b6a15ece
"After executing a production job with the 'generate docs' option enabled in dbt, where will the generated documentation be accessible?",data-engineering-zoomcamp,98b6a15ece
Why should I avoid installing the `dbt-athena-adapter` package when working on a dbt-Athena project?,data-engineering-zoomcamp,70072fcf7a
How can I ensure that the `dbt-core` and `dbt-athena-community` packages are compatible with each other?,data-engineering-zoomcamp,70072fcf7a
What is the recommended way to specify version constraints for `dbt-core` and `dbt-athena-community` in my project's `requirements.txt` file?,data-engineering-zoomcamp,70072fcf7a
Where can I find the compatibility matrix for checking which versions of `dbt-athena-community` work with specific versions of `dbt-core`?,data-engineering-zoomcamp,70072fcf7a
What steps should I take to prevent conflicts between `dbt-athena-adapter` and `dbt-athena-community` in my development environment?,data-engineering-zoomcamp,70072fcf7a
Is it possible to place my dbt project within a subdirectory of my GitHub repository instead of the root directory?,data-engineering-zoomcamp,4f97c0b639
How should I configure the `dbt_project.yml` file when my dbt files are located in a subfolder like `Week_4/`?,data-engineering-zoomcamp,4f97c0b639
What changes do I need to make to the paths specified in `dbt_project.yml` if my dbt files reside in a subdirectory?,data-engineering-zoomcamp,4f97c0b639
Do I need to update any `.gitignore` entries when relocating my dbt project to a subfolder within my GitHub repository?,data-engineering-zoomcamp,4f97c0b639
Are there any steps required after moving the dbt project to ensure everything functions correctly without old dbt-related files interfering?,data-engineering-zoomcamp,4f97c0b639
What should I modify in my dbt profile to switch from a service account key to OAuth authentication for BigQuery when IAM disables the creation of service account keys?,data-engineering-zoomcamp,5b755bf0f5
How do I specify the Google Cloud project and dataset in the updated dbt profile for BigQuery using OAuth authentication?,data-engineering-zoomcamp,5b755bf0f5
Which command(s) are required to authenticate locally with Google Cloud before running dbt with OAuth for BigQuery?,data-engineering-zoomcamp,5b755bf0f5
What is the purpose of `gcloud auth application-default login` and `gcloud config set project <your-project-id>` when setting up OAuth for dbt with BigQuery?,data-engineering-zoomcamp,5b755bf0f5
"After updating the profile and authenticating, how can I verify that dbt is successfully communicating with BigQuery using OAuth?",data-engineering-zoomcamp,5b755bf0f5
What specific advantages does dbt offer over using Python for SQL transformations in a data warehouse?,data-engineering-zoomcamp,8815e0f1fd
"How does dbt handle model dependencies, and what built-in features does it provide to manage run order automatically?",data-engineering-zoomcamp,8815e0f1fd
"Can you explain the types of tests that dbt supports (e.g., not null, unique, accepted values) and how they enhance data quality assurance?",data-engineering-zoomcamp,8815e0f1fd
In what ways does environment separation through profiles in dbt contribute to a more robust development and production workflow?,data-engineering-zoomcamp,8815e0f1fd
"What are incremental models in dbt, and why is it beneficial that dbt abstracts the merge logic for these models?",data-engineering-zoomcamp,8815e0f1fd
What is the exact sequence of steps to integrate the Bruin MCP server with VS Code?,data-engineering-zoomcamp,d5328f1899
"When selecting how to add the server, what distinguishes the 'Globally' option from the 'Remotely/Workspace' option?",data-engineering-zoomcamp,d5328f1899
"After entering the command `bruin mcp`, what name should I assign to the newly added server in VS Code?",data-engineering-zoomcamp,d5328f1899
How can I verify that the Bruin MCP server has been successfully added and is recognized by VS Code?,data-engineering-zoomcamp,d5328f1899
"In Module 5: Data Platforms (Bruin) of the data-engineering-zoomcamp course, which command palette action initiates the addition of the Bruin MCP server?",data-engineering-zoomcamp,d5328f1899
What distinguishes a merge operation from an append operation in data handling?,data-engineering-zoomcamp,2442e32be2
In what scenarios should I prefer using the `merge` method over the `append` method for inserting records into a dataset?,data-engineering-zoomcamp,2442e32be2
"How does the `primary_key` parameter function within a `merge` materialization, and why is it essential?",data-engineering-zoomcamp,2442e32be2
Can you provide examples of common use cases where updating existing data via `merge` would be more appropriate than simply adding new records with `append`?,data-engineering-zoomcamp,2442e32be2
"What are the implications for data consistency and integrity when choosing between `merge` and `append`, especially in contexts like order status updates or user profile modifications?",data-engineering-zoomcamp,2442e32be2
How can I manually relocate the `.bruin.yml` configuration file when multiple Bruin projects share a Git repository?,data-engineering-zoomcamp,f04da64de9
What command do I use to initialize a Bruin project within a specific subdirectory of a shared Git repository?,data-engineering-zoomcamp,f04da64de9
"If I run `bruin init` inside a subfolder, where will Bruin automatically place the `.bruin.yml` file?",data-engineering-zoomcamp,f04da64de9
What is the underlying reason why `bruin init` defaults to placing the config in the Git root directory rather than the current working directory?,data-engineering-zoomcamp,f04da64de9
Are there any specific steps or precautions I should take to ensure that each project within a shared repository has its own isolated Bruin configuration?,data-engineering-zoomcamp,f04da64de9
Why does my Bruin Python asset throw an `ArrowInvalid` error saying 'Cannot locate timezone 'UTC': Timezone database not found' on Windows?,data-engineering-zoomcamp,390f2bec4a
What is the underlying cause of the timezone database missing issue in PyArrow when handling naive timestamp columns?,data-engineering-zoomcamp,390f2bec4a
How can I modify my materialize() function to ensure timestamps are timezone-aware before they reach dlt/ingestr?,data-engineering-zoomcamp,390f2bec4a
Which specific line or block of code should I add to my Python asset to localize and convert naive datetime columns to UTC?,data-engineering-zoomcamp,390f2bec4a
What version of pyarrow and additional package versions must be specified in requirements.txt to resolve the timezone handling problem?,data-engineering-zoomcamp,390f2bec4a
Why might I encounter a 'Table does not exist' error in downstream Bruin assets despite the upstream ingestion asset completing successfully?,data-engineering-zoomcamp,8ef4012c69
What is the recommended way to reference tables created by Upstream Bruin assets to avoid schema-related errors?,data-engineering-zoomcamp,8ef4012c69
How can I verify which schemas and tables have been created by previous Bruin ingestion tasks?,data-engineering-zoomcamp,8ef4012c69
"Can you provide an example of incorrectly referencing a table in a downstream asset that leads to a 'Table does not exist' error, and how to correct it?",data-engineering-zoomcamp,8ef4012c69
What command should I use within Bruin to list all available tables along with their respective schemas for verification purposes?,data-engineering-zoomcamp,8ef4012c69
What is the primary cause of timeout errors during Bruin seed asset execution related to ingestr or DuckDB installation?,data-engineering-zoomcamp,79792b53fc
How can I modify the HTTP timeout setting for uv to mitigate installation-related timeouts in Bruin seed assets?,data-engineering-zoomcamp,79792b53fc
"What alternative approach should I consider if my lookup table is small and static, to avoid dynamic dependency installation by Bruin?",data-engineering-zoomcamp,79792b53fc
In what scenarios would pre-bundling or caching dependencies be beneficial to reduce runtime installation time for large datasets in Bruin?,data-engineering-zoomcamp,79792b53fc
Does using a SQL asset with a VALUES clause affect the execution performance compared to relying on dynamic installations during seed asset runs?,data-engineering-zoomcamp,79792b53fc
What causes the 'table does not exist' catalog error during the first execution of a Bruin pipeline using the time_interval materialization strategy?,data-engineering-zoomcamp,c79cc0fa2f
How can I ensure the target table is created before running incremental data loading in a Bruin pipeline?,data-engineering-zoomcamp,c79cc0fa2f
Is there a command to perform a full refresh that guarantees the table exists prior to executing the incremental logic?,data-engineering-zoomcamp,c79cc0fa2f
What steps should be taken after the initial run to switch back to using the time_interval materialization strategy successfully?,data-engineering-zoomcamp,c79cc0fa2f
Does the 'full-refresh' option affect only the creation of the table or does it also impact subsequent runs in a Bruin pipeline?,data-engineering-zoomcamp,c79cc0fa2f
What is the first step to monitor RAM usage for data pipelines running locally using Windows Subsystem for Linux?,data-engineering-zoomcamp,4f69163546
How can I view real-time memory consumption while a process executes in WSL Ubuntu?,data-engineering-zoomcamp,4f69163546
Which command in WSL allows me to check static RAM usage up to the current moment?,data-engineering-zoomcamp,4f69163546
Where should I place the .wslconfig file to allocate more memory and processors to my WSL instance on Windows?,data-engineering-zoomcamp,4f69163546
"After modifying the .wslconfig settings, what action is required to apply these changes within the WSL environment?",data-engineering-zoomcamp,4f69163546
What happens when I press Ctrl+Z while running `duckdb data.duckdb` in Ubuntu?,data-engineering-zoomcamp,d07a9a8ff9
Why does DuckDB display the error 'IO Error: Could not set lock on file' after suspending it with Ctrl+Z?,data-engineering-zoomcamp,d07a9a8ff9
How can I properly resume and exit a suspended DuckDB session that has acquired a file lock?,data-engineering-zoomcamp,d07a9a8ff9
What command should I use to identify the running DuckDB process ID (PID) when encountering the file lock error?,data-engineering-zoomcamp,d07a9a8ff9
"If resuming is not possible, what is an alternative method to release the file lock held by a stuck DuckDB process?",data-engineering-zoomcamp,d07a9a8ff9
How can I resolve the 'libduckdb.so: cannot open shared object file' error when trying to run Bruin with DuckDB on Windows 10 using WSL Ubuntu 24.04?,data-engineering-zoomcamp,f1e752882b
What is the exact command to download the Linux AMD64 shared library for DuckDB version 1.1.3?,data-engineering-zoomcamp,f1e752882b
"After downloading, what steps are required to unzip and place the libduckdb.so file into a location that allows Bruin to access it on my WSL Ubuntu system?",data-engineering-zoomcamp,f1e752882b
What terminal command should I execute to refresh the system's library cache after moving the DuckDB shared library to /usr/local/lib/?,data-engineering-zoomcamp,f1e752882b
"Is there any specific version of DuckDB that is compatible with Bruin when running under WSL Ubuntu 24.04, and how do I ensure it's installed correctly?",data-engineering-zoomcamp,f1e752882b
Why does PySpark on Windows display the error 'Python was not found; run without arguments to install from the Microsoft Store' when executing UDFs?,data-engineering-zoomcamp,59ad389756
What is the purpose of the `PYSPARK_PYTHON` environment variable in configuring PySpark on a Windows system?,data-engineering-zoomcamp,59ad389756
How can I ensure that PySpark uses the correct Python interpreter installed in my virtual environment on Windows?,data-engineering-zoomcamp,59ad389756
Is there a way to set the Python executable for both worker processes and the driver separately in PySpark?,data-engineering-zoomcamp,59ad389756
What alternative method can be used to run Python scripts with PySpark on Windows without encountering the missing Python interpreter error?,data-engineering-zoomcamp,59ad389756
Why is the Spark jobs UI not accessible at localhost?,data-engineering-zoomcamp,14b039801e
What command can I use to determine which port the Spark UI is currently using?,data-engineering-zoomcamp,14b039801e
How can I resolve a conflict if another process is occupying the expected port for the Spark UI?,data-engineering-zoomcamp,14b039801e
Is there a way to ensure that no other notebooks or processes interfere with the Spark UI's designated port?,data-engineering-zoomcamp,14b039801e
What steps should I take to clean up resources and prevent port conflicts when running multiple Spark jobs?,data-engineering-zoomcamp,14b039801e
Why am I encountering an error stating that 'taxi+_zone_lookup.csv' cannot be opened when following section 5.2.1?,data-engineering-zoomcamp,6cab9c338e
What is the correct filename for the CSV file referenced in Module 6 of the data-engineering-zoomcamp course?,data-engineering-zoomcamp,6cab9c338e
How can I resolve the issue where Spark throws a 'No such file or directory' error for 'taxi+_zone_lookup.csv'? Should I modify the filename somehow?,data-engineering-zoomcamp,6cab9c338e
"After addressing the filename discrepancy, will the code snippet from section 5.2.1 of Module 6 load the CSV file without errors?",data-engineering-zoomcamp,6cab9c338e
"In the data-engineering-zoomcamp course, specifically under Module 6, what changes should be made to the dataset path to ensure successful reading of the taxi zone lookup data?",data-engineering-zoomcamp,6cab9c338e
"What causes the `java.io.FileNotFoundException` when using `df.write.parquet(pq_path, mode=""overwrite"")` in Apache Spark?",data-engineering-zoomcamp,ef01c39d63
How does Spark's lazy evaluation affect the execution of a DataFrame write operation that overwrites existing Parquet files?,data-engineering-zoomcamp,ef01c39d63
What is a recommended workaround to avoid deleting the intended Parquet files during an overwrite operation in Spark?,data-engineering-zoomcamp,ef01c39d63
"In the context of modular data engineering with PySpark, how can you ensure that a new set of Parquet files is written without inadvertently removing the original dataset?",data-engineering-zoomcamp,ef01c39d63
"When encountering a `FileNotFoundException` while overwriting Parquet files in Spark, which parameter or approach should be modified to resolve the issue?",data-engineering-zoomcamp,ef01c39d63
"What type of SQL does Apache Spark utilize, and how does it differ from other popular SQL systems like PostgreSQL, MySQL, or SQL Server?",data-engineering-zoomcamp,b024daf322
Can you explain the basic structure of a SELECT statement in Spark SQL and provide an example that includes JOIN operations?,data-engineering-zoomcamp,b024daf322
Where can I find a comprehensive list of built-in functions available in Spark SQL for data manipulation and transformation?,data-engineering-zoomcamp,b024daf322
"What resources are recommended for understanding the fundamentals of Spark SQL, particularly its integration with existing data engineering workflows?",data-engineering-zoomcamp,b024daf322
How does Spark SQL handle data types and schema inference compared to traditional relational database management systems?,data-engineering-zoomcamp,b024daf322
Why isn't my Spark UI visible at localhost:4040 when I have a running notebook?,data-engineering-zoomcamp,772aea0210
How can I determine which port is currently being used by my Spark application if multiple notebooks are active?,data-engineering-zoomcamp,772aea0210
What command should I execute in Python to retrieve the URL of the current Spark application's web UI?,data-engineering-zoomcamp,772aea0210
"If the expected port (e.g., 4040) does not display my running Spark job, what steps should I take to troubleshoot?",data-engineering-zoomcamp,772aea0210
"After closing a notebook or stopping a Spark session, what cleanup process ensures that unused ports are released for future runs?",data-engineering-zoomcamp,772aea0210
How can I set up the Spark BigQuery connector with automatic configuration?,data-engineering-zoomcamp,0a431f8863
Which configuration option should be used to include the Spark BigQuery connector dependency when creating a SparkSession?,data-engineering-zoomcamp,0a431f8863
What is the specific Maven coordinate for the Spark BigQuery connector that needs to be added via `spark.jars.packages`?,data-engineering-zoomcamp,0a431f8863
Where can I find more detailed instructions on configuring the Spark BigQuery connector automatically?,data-engineering-zoomcamp,0a431f8863
Does automatic configuration of the Spark BigQuery connector require manual jar management?,data-engineering-zoomcamp,0a431f8863
What are the steps to read a limited number of rows from a Parquet file using PyArrow?,data-engineering-zoomcamp,6e251d34b6
How can I convert the table obtained from PyArrow into a Pandas DataFrame?,data-engineering-zoomcamp,6e251d34b6
"If I want to sort the data by 'DOLocationID' before limiting it, how should I modify the Spark query?",data-engineering-zoomcamp,6e251d34b6
What is the purpose of using `next(pf.iter_batches(batch_size=1000))` in the PyArrow example?,data-engineering-zoomcamp,6e251d34b6
How do I ensure that only the first 1000 rows are selected when reading a Parquet file with Spark?,data-engineering-zoomcamp,6e251d34b6
"I'm trying to create a Spark DataFrame using a specified schema, but I receive a DataType error when loading a Parquet file. What is the root cause of this issue?",data-engineering-zoomcamp,3e355d74fd
"In the context of defining schemas for Spark DataFrames, why does specifying `IntegerType` for `PULocationID` and `DOLocationID` columns lead to an error with a Parquet file from the TLC example?",data-engineering-zoomcamp,3e355d74fd
What specific data type mismatch causes the error `,data-engineering-zoomcamp,3e355d74fd
"Parquet column cannot be converted in file [...] Column [...] Expected: int, Found: INT64
",data-engineering-zoomcamp,3e355d74fd
 when reading a Parquet file into a Spark DataFrame with a custom schema?,data-engineering-zoomcamp,3e355d74fd
How can I adjust the schema definition to resolve the DataType error that occurs while creating a Spark DataFrame from a Parquet file with `PULocationID` and `DOLocationID` columns?,data-engineering-zoomcamp,3e355d74fd
What change should be made to the schema for `PULocationID` and `DOLocationID` columns to successfully create a Spark DataFrame when handling a Parquet file in Module 6?,data-engineering-zoomcamp,3e355d74fd
How can I programmatically remove all white spaces from column names in a PySpark DataFrame?,data-engineering-zoomcamp,7fa4e026d6
What is the syntax to select columns and rename them by removing spaces using a list comprehension in PySpark?,data-engineering-zoomcamp,7fa4e026d6
"In the context of Module 6 on Spark within the data-engineering-zoomcamp course, how do I create a new DataFrame with column names stripped of whitespace?",data-engineering-zoomcamp,7fa4e026d6
Can you provide an example of using the `select` method along with `alias` to rename columns by eliminating spaces in their names?,data-engineering-zoomcamp,7fa4e026d6
What function should be used inside a list comprehension when iterating over `df_finalw.columns` to generate new column names without spaces?,data-engineering-zoomcamp,7fa4e026d6
Why does running `zcat` on the downloaded CSV files produce gibberish output?,data-engineering-zoomcamp,7bff88dbd7
What is the reason behind the compression error when using `zcat` with the files from the NYT website in Video 5.3.3?,data-engineering-zoomcamp,7bff88dbd7
How can I correctly download and save the CSV files from the course repository without causing a double compression issue?,data-engineering-zoomcamp,7bff88dbd7
What modification should be made to the provided bash script to ensure that `zcat` works properly on the saved `csv.gz` files?,data-engineering-zoomcamp,7bff88dbd7
"In the context of Module 6: Spark for the data-engineering-zoomcamp course, what is the recommended approach to handle gzipped CSV files to avoid gibberish output from `zcat`?",data-engineering-zoomcamp,7bff88dbd7
Where should I place my Google Cloud Platform credentials on the virtual machine for connecting local Spark to GCS?,data-engineering-zoomcamp,497269a77f
What specific location in the script references the path where my GCP credentials must be stored?,data-engineering-zoomcamp,497269a77f
Why might Spark fail to detect my Google credentials even after following the video instructions?,data-engineering-zoomcamp,497269a77f
How can I verify that my GCP credentials are correctly configured within the VM before running the Spark connection script?,data-engineering-zoomcamp,497269a77f
Are there any common issues or troubleshooting steps if Spark still cannot locate my Google Cloud Platform credentials?,data-engineering-zoomcamp,497269a77f
What package is required to access Google Cloud Storage (GCS) files directly in pandas?,data-engineering-zoomcamp,e3ce42af1a
Could you provide the command syntax for reading a CSV file from GCS using pandas?,data-engineering-zoomcamp,e3ce42af1a
Are there any prerequisites or installation steps before I can read data from GCS with pandas?,data-engineering-zoomcamp,e3ce42af1a
"Does the `gcsfs` library need to be installed separately, and if so, how is it installed?",data-engineering-zoomcamp,e3ce42af1a
Can you explain the exact URI path format that should be used when reading a file from GCS in pandas?,data-engineering-zoomcamp,e3ce42af1a
Why does the `spark.createDataFrame` function raise a `TypeError` when converting a pandas DataFrame that contains mixed data types in the 'Affiliated_base_number' column?,data-engineering-zoomcamp,34ebc2c6de
How can I ensure that Spark accurately infers the correct data type for columns like 'Affiliated_base_number' that contain alphanumeric values when reading a CSV file?,data-engineering-zoomcamp,34ebc2c6de
What is the recommended way to handle null values in the 'Affiliated_base_number' column before converting a pandas DataFrame to a PySpark DataFrame to avoid schema conflicts?,data-engineering-zoomcamp,34ebc2c6de
"When using `spark.read.csv()`, which option should be set to true to prevent data type mismatches during schema inference?",data-engineering-zoomcamp,34ebc2c6de
"If some rows in the 'affiliated_base_number' column are null, what preprocessing step can I apply to my pandas DataFrame before creating a PySpark DataFrame to resolve the `TypeError`?",data-engineering-zoomcamp,34ebc2c6de
What is the default executor memory allocated for a Spark session in this course?,data-engineering-zoomcamp,14cc6e2060
"Why did I encounter the error 'MemoryManager: Total allocation exceeds 95.00% (1,020,054,720 bytes) of heap memory' while processing the homework dataset?",data-engineering-zoomcamp,14cc6e2060
How can I increase the executor memory to resolve the memory allocation issue mentioned in the error message?,data-engineering-zoomcamp,14cc6e2060
What specific configuration changes should I apply when creating a Spark session to allocate more memory?,data-engineering-zoomcamp,14cc6e2060
"After applying the suggested memory configurations, what steps must I take to ensure they are effectively applied in a Jupyter notebook environment?",data-engineering-zoomcamp,14cc6e2060
Why does using `wc -l` on a gzipped CSV file from Hadoop give a different line count compared to the video demonstration?,data-engineering-zoomcamp,cd5d3e8423
What command should I use to obtain the correct number of lines in `fhvhv_tripdata_2021-01.csv.gz` after decompressing it?,data-engineering-zoomcamp,cd5d3e8423
"In Module 6 of the data-engineering-zoomcamp course, why is the result from `wc -l fhvhv_tripdata_2021-01.csv.gz` not matching the video output?",data-engineering-zoomcamp,cd5d3e8423
How can I verify the actual line count of a CSV file processed in Hadoop when the file is compressed with gzip?,data-engineering-zoomcamp,cd5d3e8423
"When working with the `fhvhv_tripdata_2021-01.csv.gz` dataset in the data-engineering-zoomcamp course, what step must be taken before using `wc -l` to ensure accurate results?",data-engineering-zoomcamp,cd5d3e8423
How can I resolve the 'project' property error when submitting a PySpark job with gcloud dataproc jobs submit pyspark?,data-engineering-zoomcamp,d01f2fb06b
What command should I use to specify the project ID while running a Dataproc PySpark job submission?,data-engineering-zoomcamp,d01f2fb06b
Where can I find my GCP project ID to include in the gcloud dataproc jobs submit pyspark command?,data-engineering-zoomcamp,d01f2fb06b
"After setting the --project flag, what additional parameters are required for successfully submitting a PySpark job on Dataproc?",data-engineering-zoomcamp,d01f2fb06b
Could you provide an example of a complete gcloud dataproc jobs submit pyspark command including the --project flag and other necessary arguments?,data-engineering-zoomcamp,d01f2fb06b
What specific error am I encountering when trying to access a Google Cloud Storage bucket anonymously?,data-engineering-zoomcamp,fdef2dfcc4
How can I authenticate my Google Cloud SDK session to resolve the 'storage.objects.list' permission denial?,data-engineering-zoomcamp,fdef2dfcc4
Could you provide the exact command sequence to set the correct project ID in the Google Cloud SDK?,data-engineering-zoomcamp,fdef2dfcc4
"After logging into the Google Cloud SDK, what is the proper syntax for uploading a local directory to a GCS bucket using `gsutil`?",data-engineering-zoomcamp,fdef2dfcc4
"If I encounter a 401 error despite being logged in, what additional configurations might still prevent access to the specified bucket?",data-engineering-zoomcamp,fdef2dfcc4
What is the meaning of encountering a `py4j.protocol.Py4JJavaError` error when submitting a job in Dataproc?,data-engineering-zoomcamp,39fc22b5cb
How can adjusting cluster versioning settings help resolve issues related to this Python-Java protocol error during Spark job execution?,data-engineering-zoomcamp,39fc22b5cb
"If I have switched from a Debian-Hadoop-Spark setup to Ubuntu 20.02-Hadoop3.3-Spark3.3 on my local machine, which cluster configuration should I adopt in Dataproc to ensure compatibility?",data-engineering-zoomcamp,39fc22b5cb
What steps should be taken to make the cluster's operating system and software stack consistent with my local development environment to prevent such errors?,data-engineering-zoomcamp,39fc22b5cb
Are there any specific documentation or resources that detail troubleshooting for `py4j.protocol.Py4JJavaError` in Google Cloud Platform’s Dataproc environment?,data-engineering-zoomcamp,39fc22b5cb
Why did my DataFrame end up with 8 partitions after using `df.repartition(6)`?,data-engineering-zoomcamp,fa58733a98
What is the purpose of combining `repartition` and `coalesce` in Spark?,data-engineering-zoomcamp,fa58733a98
How can I ensure that a DataFrame is divided into exactly 6 partitions?,data-engineering-zoomcamp,fa58733a98
In what order should I apply `repartition` followed by `coalesce` to achieve the desired partition count?,data-engineering-zoomcamp,fa58733a98
What will be the effect on performance if I use both `repartition` and `coalesce` together in my Spark job?,data-engineering-zoomcamp,fa58733a98
How can I resolve issues with Jupyter Notebook or SparkUI not loading properly at localhost after setting up port forwarding from VS Code?,data-engineering-zoomcamp,05dc43cda8
What command should I use to forward the port using SSH CLI instead of VS Code for accessing Jupyter Notebook on a GCP VM?,data-engineering-zoomcamp,05dc43cda8
"If I encounter problems with port 4040, what alternative port might the Spark session switch to automatically?",data-engineering-zoomcamp,05dc43cda8
Where can I add the port forwarding instructions to ensure they persist even after logging out of the session when connecting from a local machine to a GCP VM?,data-engineering-zoomcamp,05dc43cda8
"Which SSH configuration settings should I include in my `.ssh/config` file to automatically forward specific ports (e.g., 8888, 8080, 5432, 4040) for accessing localhost services on a GCP VM?",data-engineering-zoomcamp,05dc43cda8
Why am I encountering an 'Insufficient SSD_TOTAL_GB quota' error when trying to create a Dataproc cluster?,data-engineering-zoomcamp,0c9fc7e7d3
What is the default per-region quota for SSD persistent disk in Google Cloud Platform?,data-engineering-zoomcamp,0c9fc7e7d3
How can I verify if my request for SSD storage exceeds the available quota in a specific region?,data-engineering-zoomcamp,0c9fc7e7d3
"If my cluster's boot disk sizes total 500 GB but the regional quota is only 250 GB, what are the alternative strategies to resolve this issue?",data-engineering-zoomcamp,0c9fc7e7d3
What steps should I follow to increase the SSD_TOTAL_GB quota for my Google Cloud project if it remains insufficient for my Dataproc clusters?,data-engineering-zoomcamp,0c9fc7e7d3
What is the most precise method to calculate the duration between two timestamp columns in hours using PySpark?,data-engineering-zoomcamp,1da0437718
How do I convert a difference calculated with `datediff` into hours while maintaining sub-day accuracy?,data-engineering-zoomcamp,1da0437718
Can you explain why using `unix_timestamp` provides per-row exact hour calculations compared to other methods?,data-engineering-zoomcamp,1da0437718
"If I need to perform additional Python-specific time calculations after computing the duration, which approach should I take to collect the data?",data-engineering-zoomcamp,1da0437718
"What are the trade-offs between using `unix_timestamp`, `datediff`, and a Python-side calculation for timestamp differences in Spark?",data-engineering-zoomcamp,1da0437718
Can I submit Dataproc jobs from my local machine without setting up a VM on GCP?,data-engineering-zoomcamp,d707493842
What tool do I need to install and configure on my local computer to interact with GCP for Dataproc job submissions?,data-engineering-zoomcamp,d707493842
Where can I find the installation guide for `gsutil` to enable communication between my local system and GCP?,data-engineering-zoomcamp,d707493842
Which command should I execute from my local terminal to submit a PySpark job to an existing Dataproc cluster named 'de-zoomcamp-cluster' located in the 'europe-west6' region?,data-engineering-zoomcamp,d707493842
How do I specify input and output paths for the Spark SQL script when submitting a job via `gsutil` on GCP?,data-engineering-zoomcamp,d707493842
How do I set JAVA_HOME for a JDK installed via Homebrew on an Apple Silicon Mac (M1/M2/M3)?,data-engineering-zoomcamp,a5a8a6ac39
What command should I use to install OpenJDK 17 with Homebrew on an M1 Mac?,data-engineering-zoomcamp,a5a8a6ac39
Where should I place the `export JAVA_HOME` and `export PATH` lines in my shell configuration file?,data-engineering-zoomcamp,a5a8a6ac39
"After setting `JAVA_HOME`, how can I verify that Java is correctly pointing to the installed JDK location?",data-engineering-zoomcamp,a5a8a6ac39
"Which versions of Java are supported by Spark 4.x, and how can I install them using Homebrew on an Apple Silicon Mac?",data-engineering-zoomcamp,a5a8a6ac39
How can I enable Private Google Access for the 'default' subnetwork in order to support Dataproc clusters with 'internal_ip_only' set to 'true'?,data-engineering-zoomcamp,a25406395b
What is the step-by-step process to modify an existing subnetwork in Google Cloud Console to allow Private Google Access?,data-engineering-zoomcamp,a25406395b
In which tab of Google Cloud Console should I look for the list of subnets when preparing a new Dataproc cluster with private IP addresses only?,data-engineering-zoomcamp,a25406395b
Which specific setting within a subnet configuration must be toggled on to enable access to Private Google APIs from Dataproc clusters?,data-engineering-zoomcamp,a25406395b
What will happen if 'internal_ip_only' is set to 'false' instead of enabling Private Google Access for the subnetwork?,data-engineering-zoomcamp,a25406395b
What is the purpose of Global Temporary Views in Apache Spark?,data-engineering-zoomcamp,db219fef17
How can I create a Global Temporary View from a DataFrame within my Spark application?,data-engineering-zoomcamp,db219fef17
"When querying a Global Temporary View, what prefix must be used before the view's name?",data-engineering-zoomcamp,db219fef17
Are Global Temporary Views limited to a single Spark session or accessible across multiple sessions?,data-engineering-zoomcamp,db219fef17
What steps are required to share data stored in a DataFrame using Global Temporary Views?,data-engineering-zoomcamp,db219fef17
What specific connector package do I need to install to enable Spark integration with BigQuery?,data-engineering-zoomcamp,2b59e8e6c1
Can you provide the exact PySpark command to read data from a BigQuery table into a Spark DataFrame?,data-engineering-zoomcamp,2b59e8e6c1
"How should I specify the output table when writing a Spark DataFrame back to BigQuery, including project and dataset identifiers?",data-engineering-zoomcamp,2b59e8e6c1
What are the essential prerequisites for successfully configuring GCP credentials before using Spark with BigQuery?,data-engineering-zoomcamp,2b59e8e6c1
Are there any additional considerations regarding dataset locations or pre-existing datasets that I must address before executing read/write operations between Spark and BigQuery?,data-engineering-zoomcamp,2b59e8e6c1
What function should I use to convert a TIMESTAMP_NTZ column to a numeric value representing epoch seconds in Spark?,data-engineering-zoomcamp,c2c5634e36
Why is it necessary to use `to_unix_timestamp` instead of directly casting `TIMESTAMP_NTZ` to `BIGINT` in Spark SQL?,data-engineering-zoomcamp,c2c5634e36
Can you provide the specific SQL syntax to extract Unix timestamps from a column named `tpep_pickup_datetime` using Spark?,data-engineering-zoomcamp,c2c5634e36
In which module of the 'data-engineering-zoomcamp' course is the method for converting TIMESTAMP_NTZ to numeric values discussed?,data-engineering-zoomcamp,c2c5634e36
"What error occurs if I attempt to cast a TIMESTAMP_NTZ value directly to BIGINT in a Spark query, and how does this relate to data type compatibility?",data-engineering-zoomcamp,c2c5634e36
What is the purpose of repartitioning a DataFrame in Spark?,data-engineering-zoomcamp,a71d2105aa
How does the number of partitions affect the output when writing a DataFrame to Parquet files?,data-engineering-zoomcamp,a71d2105aa
Can you explain how Spark utilizes parallelism during the write operation to disk?,data-engineering-zoomcamp,a71d2105aa
"If I have a large dataset, how might splitting it into multiple parquet files impact performance?",data-engineering-zoomcamp,a71d2105aa
What are the benefits of having each partition written as a separate file in terms of data processing?,data-engineering-zoomcamp,a71d2105aa
What is written per partition when a Spark DataFrame is repartitioned and saved in Parquet format?,data-engineering-zoomcamp,bcafec775a
How can one determine the number of rows contained in each output Parquet file after repartitioning?,data-engineering-zoomcamp,bcafec775a
Does the distribution of total rows across partitions depend on both the dataset size and the chosen number of partitions?,data-engineering-zoomcamp,bcafec775a
What function allows you to inspect which input file a particular row originated from for debugging partition sizes?,data-engineering-zoomcamp,bcafec775a
"When using `df.repartition(num_partitions).write.parquet(""output/"")`, what command can be executed post-write to verify the row count in each generated Parquet file?",data-engineering-zoomcamp,bcafec775a
What specific data quality issues in the NYC Taxi dataset cause extremely large values when computing `max(trip_distance)` in Spark?,data-engineering-zoomcamp,6f04719ff8
"How do GPS errors, sensor faults, corrupted trip records, and incorrect meter readings contribute to these unrealistic `trip_distance` values?",data-engineering-zoomcamp,6f04719ff8
What is the recommended method to filter out outliers before calculating the maximum `trip_distance` in a Spark DataFrame?,data-engineering-zoomcamp,6f04719ff8
"What example code can be used to filter rows with plausible `trip_distance` values (e.g., greater than 0 and less than 200) before computing the maximum?",data-engineering-zoomcamp,6f04719ff8
How should one adjust the filtering threshold (`200` in the provided example) to ensure it reflects realistic trip distances for their specific dataset?,data-engineering-zoomcamp,6f04719ff8
What exactly constitutes a Spark application in terms of its components and execution?,data-engineering-zoomcamp,fe61ce3be4
How does Spark determine when to create a new job within an application?,data-engineering-zoomcamp,fe61ce3be4
"Why are jobs divided into stages, particularly around operations like grouping or joining data?",data-engineering-zoomcamp,fe61ce3be4
Can you explain the role of tasks as the smallest unit of work within a stage and how they relate to data partitions?,data-engineering-zoomcamp,fe61ce3be4
Where can I find detailed documentation on Spark's job scheduling and RDD programming guides referenced in the module?,data-engineering-zoomcamp,fe61ce3be4
Why is nothing displayed in the Spark UI despite my code running correctly?,data-engineering-zoomcamp,5b1d465332
How can I identify which Spark session is currently active when multiple notebooks are open?,data-engineering-zoomcamp,5b1d465332
What command should I use to check the URL of the current Spark application's web interface?,data-engineering-zoomcamp,5b1d465332
"If I am using a virtual machine, what port forwarding step is necessary to view the Spark UI locally?",data-engineering-zoomcamp,5b1d465332
"What is the default port used by Spark for its Web UI, and how does it behave when multiple sessions are active?",data-engineering-zoomcamp,5b1d465332
What specific command should I use to add the BigQuery connector to my PySpark session?,data-engineering-zoomcamp,b3bb998ae2
"Which version of the BigQuery connector is compatible with a given Spark and Scala version, such as `_2.12` indicating Scala 2.12?",data-engineering-zoomcamp,b3bb998ae2
How can I configure the environment variable for Google service account credentials before running the Spark application?,data-engineering-zoomcamp,b3bb998ae2
Where can I find the latest releases of the Spark BigQuery connector to ensure compatibility with my Spark installation?,data-engineering-zoomcamp,b3bb998ae2
"After setting up the connector and credentials, what is the next step to enable reading from or writing to BigQuery using PySpark?",data-engineering-zoomcamp,b3bb998ae2
How do I verify that the `docker-compose.yaml` file is correctly set up for the 'control-center' service to avoid startup errors?,data-engineering-zoomcamp,94ccf8c158
What specific configurations in the `docker-compose.yaml` should be checked to ensure the 'control-center' image starts without issues?,data-engineering-zoomcamp,94ccf8c158
"If Docker Desktop on macOS Monterey shows lingering images, what steps should I take to clear them before restarting my Kafka environment?",data-engineering-zoomcamp,94ccf8c158
"On Mac OSX 12.2.1, why might images fail to start even when visible through `docker ps`, and how can they be removed manually?",data-engineering-zoomcamp,94ccf8c158
What is the recommended procedure for troubleshooting a Docker image startup failure for 'control-center' after previous sessions potentially leaving residual containers?,data-engineering-zoomcamp,94ccf8c158
"I encountered a ""Module 'kafka' not found"" error while executing `producer.py`. How can I fix this issue?",data-engineering-zoomcamp,a1ea959c7e
What steps should I follow to set up a virtual environment for running the Kafka producer script?,data-engineering-zoomcamp,a1ea959c7e
"After creating a virtual environment, which command do I need to use to install the dependencies listed in `requirements.txt`?",data-engineering-zoomcamp,a1ea959c7e
How do I activate and deactivate the virtual environment on macOS/Linux versus Windows?,data-engineering-zoomcamp,a1ea959c7e
Is it necessary to have Docker containers running before I run the Python file after setting up the virtual environment?,data-engineering-zoomcamp,a1ea959c7e
How can I enable Avro support when using the confluent-kafka package in my Python project?,data-engineering-zoomcamp,0a441d9976
What command should I run to install the Avro extra for the confluent-kafka package via uv?,data-engineering-zoomcamp,0a441d9976
Which pip command is required to install the Avro-specific features of confluent-kafka?,data-engineering-zoomcamp,0a441d9976
"Where can I find more information about enabling Avro functionality in confluent-kafka, such as relevant GitHub issues?",data-engineering-zoomcamp,0a441d9976
In which module of the data-engineering-zoomcamp course does this Avro support setup belong?,data-engineering-zoomcamp,0a441d9976
What consensus algorithm does Redpanda utilize in its architecture?,data-engineering-zoomcamp,f2a0d0c3f0
How does Redpanda's performance compare to that of Kafka?,data-engineering-zoomcamp,f2a0d0c3f0
In what ways is Redpanda considered a low-latency alternative to Kafka?,data-engineering-zoomcamp,f2a0d0c3f0
Can you describe the log-centric design principle behind Redpanda's functionality?,data-engineering-zoomcamp,f2a0d0c3f0
"Apart from being built on top of Raft, what distinguishes Redpanda's underlying principles from those of Kafka?",data-engineering-zoomcamp,f2a0d0c3f0
What caused the 'Negsignal:SIGKILL' error when converting large data files to parquet format?,data-engineering-zoomcamp,b943770904
How can I prevent memory exhaustion in my Docker container while processing an 800MB data file?,data-engineering-zoomcamp,b943770904
What is a recommended approach to handle large data files during conversion to parquet format in a resource-constrained environment like a limited-memory Docker container?,data-engineering-zoomcamp,b943770904
Why did loading the file in chunks with Pandas and creating multiple parquet files resolve the issue?,data-engineering-zoomcamp,b943770904
Can you explain how splitting the processing into multiple parquet files helps manage memory usage effectively during data conversion?,data-engineering-zoomcamp,b943770904
Where can I locate the `resources/rides.csv` file mentioned in Module 7 of the data-engineering-zoomcamp course?,data-engineering-zoomcamp,dcdd7eda4d
How do I obtain the missing `rides.csv` resource for the streaming module in the Java Kafka examples?,data-engineering-zoomcamp,dcdd7eda4d
What is the exact path to copy the required CSV file for the stream processing exercises in Week 6?,data-engineering-zoomcamp,dcdd7eda4d
Could you provide guidance on acquiring the `resources/rides.csv` dataset that appears to be absent from my project folder?,data-engineering-zoomcamp,dcdd7eda4d
"After checking my local directory, I noticed `resources/rides.csv` is missing; how can I retrieve it as per the FAQ record?",data-engineering-zoomcamp,dcdd7eda4d
How can I increase the audio volume of the Python videos in Module 7 to make them easier to follow?,data-engineering-zoomcamp,348f696873
What software or settings should I use to enhance the sound quality of the Kafka tutorial videos?,data-engineering-zoomcamp,348f696873
Are there any captions available for the low-quality audio Python videos in the Data Engineering Zoomcamp?,data-engineering-zoomcamp,348f696873
Can you suggest a method to improve the clarity of the audio while watching the streaming module videos?,data-engineering-zoomcamp,348f696873
Is there an alternative way to access the audio content of the Python lessons if VLC is not an option?,data-engineering-zoomcamp,348f696873
Where can I locate the `rides.csv` file referenced in the Kafka Python producer script for Module 7?,data-engineering-zoomcamp,759b5d80ec
What is the content and structure of the `rides.csv` dataset used by the `producer.py` program in the Data Engineering Zoomcamp course?,data-engineering-zoomcamp,759b5d80ec
Is there a URL provided to download the `rides.csv` data that `producer.py` utilizes during the streaming exercises?,data-engineering-zoomcamp,759b5d80ec
Could you explain if the `rides.csv` file is available online for accessing the Kafka Python examples in Week 6 of the course?,data-engineering-zoomcamp,759b5d80ec
"For Module 7's streaming exercises, where should I go to find the complete `rides.csv` dataset used by the Python producer scripts?",data-engineering-zoomcamp,759b5d80ec
What does the error message 'kafka.errors.NoBrokersAvailable: NoBrokersAvailable' indicate?,data-engineering-zoomcamp,ea9c96ab72
How can I verify whether my Kafka broker Docker container is currently running?,data-engineering-zoomcamp,ea9c96ab72
What command should I execute to list all active Docker containers on my system?,data-engineering-zoomcamp,ea9c96ab72
"If my Kafka broker is not running, which Docker Compose command will initiate it along with other defined services?",data-engineering-zoomcamp,ea9c96ab72
Where should I navigate to before executing the Docker Compose command to start the Kafka broker and associated services?,data-engineering-zoomcamp,ea9c96ab72
"In Kafka homework Q3, which scaling option is emphasized as more effective?",data-engineering-zoomcamp,443b9afd04
How should I conceptualize scaling in the context of consuming messages within Kafka?,data-engineering-zoomcamp,443b9afd04
What type of scaling approach is recommended for handling increased message loads in a streaming environment?,data-engineering-zoomcamp,443b9afd04
"According to Module 7 on Streaming in the data-engineering-zoomcamp course, which scaling strategy is prioritized for supporting horizontal growth?",data-engineering-zoomcamp,443b9afd04
"When addressing Kafka homework Q3, why is horizontal scaling considered superior for managing consumer workloads?",data-engineering-zoomcamp,443b9afd04
What should I do if I encounter a Docker Compose error stating that pull access is denied for the 'spark-3.3.1' repository?,data-engineering-zoomcamp,664833c280
Why does running `docker compose` result in an error saying the requested resource access is denied for 'spark-3.3.1'?,data-engineering-zoomcamp,664833c280
How can I resolve the issue when trying to pull 'spark-3.3.1' from DockerHub and receiving a denied access message?,data-engineering-zoomcamp,664833c280
What command should be executed in the Spark folder to build necessary images before using `docker compose` in Module 7 of the data-engineering-zoomcamp course?,data-engineering-zoomcamp,664833c280
"In the context of the data-engineering-zoomcamp course, specifically Module 7 on Streaming, what step is required prior to running `docker compose` to avoid repository access denied errors?",data-engineering-zoomcamp,664833c280
Why am I encountering a 'Permission denied' error when executing `./build.sh` in the `/docker/spark` directory during Module 7 of the data-engineering-zoomcamp course?,data-engineering-zoomcamp,e821d8fe04
What command should I use to resolve the permission issue for running `build.sh` within the streaming module context of the data engineering ZoomCamp?,data-engineering-zoomcamp,e821d8fe04
"In the context of Python Kafka and the Streaming module of the data-engineering-zoomcamp, how can I make the `build.sh` script executable in the `/docker/spark` directory?",data-engineering-zoomcamp,e821d8fe04
What specific terminal command is required to grant execution permissions to `build.sh` so that it runs without a 'Permission denied' error during Module 7?,data-engineering-zoomcamp,e821d8fe04
"For the data-engineering-zoomcamp course, particularly in Module 7 on Streaming with Python Kafka, what step should I take if I face an error stating './build.sh: Permission denied'?",data-engineering-zoomcamp,e821d8fe04
What does the `KafkaTimeoutError: Failed to update metadata after 60.0 secs.` error indicate in a Python Kafka producer script?,data-engineering-zoomcamp,b2c1c1d0ec
Which Docker Compose commands are recommended to resolve this Kafka timeout issue when executing `stream-example/producer.py`?,data-engineering-zoomcamp,b2c1c1d0ec
"After encountering the Kafka timeout error, what sequence of steps should I follow to potentially fix the problem?",data-engineering-zoomcamp,b2c1c1d0ec
"In the context of the Data Engineering ZoomCamp course, specifically Module 7 on Streaming, how can I address metadata update failures in Kafka?",data-engineering-zoomcamp,b2c1c1d0ec
What is a possible troubleshooting method for a persistent metadata update failure when running a Kafka producer example in a Dockerized environment?,data-engineering-zoomcamp,b2c1c1d0ec
What specific steps should I take to downgrade PySpark to resolve the 'All masters are unresponsive!' error during a streaming application run?,data-engineering-zoomcamp,477104b863
How can I verify if the PySpark version mismatch is causing the connection failure when executing `./spark-submit.sh streaming.py`?,data-engineering-zoomcamp,477104b863
What command should I use to check the current versions of PySpark and Spark on my local machine before making any changes?,data-engineering-zoomcamp,477104b863
"In case the error persists after downgrading PySpark, which variable in `build.sh` needs to be adjusted to ensure compatibility with the running Spark version?",data-engineering-zoomcamp,477104b863
Why does the error message indicate 'Cannot call methods on a stopped SparkContext' and how is this related to the connection issue between my local setup and the Spark master?,data-engineering-zoomcamp,477104b863
What steps should I follow to diagnose a failed connection to the Spark master when executing `./spark-submit.sh streaming.py`?,data-engineering-zoomcamp,e7015b4263
How can I list all currently running Docker containers to identify the `spark-master` container ID?,data-engineering-zoomcamp,e7015b4263
"Once inside the `spark-master` container, which command do I use to view its logs and locate error messages related to the Spark master connection failure?",data-engineering-zoomcamp,e7015b4263
"After accessing the shell of the `spark-master` container, what specific log file should I examine to see detailed information about the connection errors?",data-engineering-zoomcamp,e7015b4263
"If I find an error message in the Spark master log, where can I search for additional troubleshooting guidance or solutions?",data-engineering-zoomcamp,e7015b4263
How can I verify the installed Java versions on my system to ensure compatibility with Spark?,data-engineering-zoomcamp,0e8bce921a
What command should I use to check the default Java version being used by my environment?,data-engineering-zoomcamp,0e8bce921a
"If Java 11 is installed but not set as the default, how do I explicitly point JAVA_HOME to it for running Spark streaming applications?",data-engineering-zoomcamp,0e8bce921a
Which specific Java version is recommended for running the `spark-submit.sh` script with the provided Python Kafka example?,data-engineering-zoomcamp,0e8bce921a
What steps should I follow to resolve a `py4j.protocol.Py4JJavaError` when executing a Spark streaming job in Python?,data-engineering-zoomcamp,0e8bce921a
"Why am I encountering 'package xxx does not exist' errors after running a Gradle build for my Java Kafka project, and how can I resolve this issue?",data-engineering-zoomcamp,d01cbfa9cb
What specific modification should be added to the `build.gradle` file to ensure all dependencies are included in the generated `<project_name>-1.0-SNAPSHOT.jar`?,data-engineering-zoomcamp,d01cbfa9cb
Could you provide the exact command line instruction needed to execute the shadowjar task successfully using Gradle for my streaming project?,data-engineering-zoomcamp,d01cbfa9cb
"After running the suggested Gradle command, what new JAR file should I expect to be created, and how do I run it to test my Java Kafka application?",data-engineering-zoomcamp,d01cbfa9cb
"In the context of Module 7: Streaming from the data-engineering-zoomcamp course, where can I find additional resources or examples on handling dependency packaging with shadowJar?",data-engineering-zoomcamp,d01cbfa9cb
What dependencies are required to run the Python avro example (producer.py) for streaming in Module 7 of the data-engineering-zoomcamp course?,data-engineering-zoomcamp,2763850d3e
How can I install the `confluent-kafka` and `fastavro` libraries for the avro_example/producer.py script?,data-engineering-zoomcamp,2763850d3e
Is there a specific command to execute the producer.py script after installing the necessary dependencies?,data-engineering-zoomcamp,2763850d3e
Which module of the data-engineering-zoomcamp course contains the streaming example using Python and Avro?,data-engineering-zoomcamp,2763850d3e
What is the recommended method to run the producer.py script within an activated virtual environment for the streaming exercise?,data-engineering-zoomcamp,2763850d3e
Is the Faust library currently supported for use in the streaming module of the course?,data-engineering-zoomcamp,2d274b7acd
What are the recommended alternatives to the Faust library if I am not familiar with Java?,data-engineering-zoomcamp,2d274b7acd
Where can I find the Python streaming materials that use Kafka or Redpanda within the course repository?,data-engineering-zoomcamp,2d274b7acd
Will learning the Java streaming concepts from the videos still be beneficial even if I choose not to implement them in code?,data-engineering-zoomcamp,2d274b7acd
Why was the decision made to discontinue recommending the Faust library for this course?,data-engineering-zoomcamp,2d274b7acd
How can I execute a Kafka producer program from the command line?,data-engineering-zoomcamp,5ca6890c1a
What is the exact command to launch a consumer application located in `src/main/java/org/example/JsonProducer.java` using Java?,data-engineering-zoomcamp,5ca6890c1a
"In a Data Engineering ZoomCamp project, where should I specify the JAR file and class path when running Kafka streaming tasks via terminal?",data-engineering-zoomcamp,5ca6890c1a
Which directory contains the compiled JAR and source files necessary for running Kafka Streaming examples as per Module 7 guidelines?,data-engineering-zoomcamp,5ca6890c1a
What is the full command syntax to initiate a Kafka Streams application in the project’s root directory according to the provided FAQ?,data-engineering-zoomcamp,5ca6890c1a
Why am I not receiving any messages when I run the JsonConsumer.java script in Java Kafka?,data-engineering-zoomcamp,cd8a62fc55
What should I check if I encounter a SaslAuthenticationException while executing the JsonProducer.java script?,data-engineering-zoomcamp,cd8a62fc55
How do I verify that the BOOTSTRAP_SERVERS_CONFIG in my Java Kafka scripts is set to the correct server URL?,data-engineering-zoomcamp,cd8a62fc55
Where can I update the cluster key and secret for authentication in the provided Java Kafka examples?,data-engineering-zoomcamp,cd8a62fc55
What are the common reasons for seeing only 'RESULTS:::0' when running Kafka producer or consumer scripts?,data-engineering-zoomcamp,cd8a62fc55
Why are my test methods not displaying triangle icons next to them in VS Code while working on a Java Kafka project?,data-engineering-zoomcamp,d039adfb76
What steps should I follow in VS Code to ensure that test methods for a Java Kafka application are recognized and shown with the expected triangle icons?,data-engineering-zoomcamp,d039adfb76
"If I don't see the expected triangle icons indicating tests in my Java files within VS Code, what is the recommended procedure to resolve this issue?",data-engineering-zoomcamp,d039adfb76
How can I clean the workspace in VS Code to restore the visibility of triangle icons next to test methods for a Java project?,data-engineering-zoomcamp,d039adfb76
What specific action should be taken after opening the options next to 'JAVA PROJECTS' in the Explorer to confirm and apply changes that make test methods appear correctly in a Java Kafka environment?,data-engineering-zoomcamp,d039adfb76
"In Confluent Cloud, how do I locate the Stream Governance API section for obtaining the schema registry URL?",data-engineering-zoomcamp,30fbb4f5b8
What steps are required to access the endpoint URL associated with the schema registry in a specific environment within Confluent Cloud?,data-engineering-zoomcamp,30fbb4f5b8
How can I create the necessary credentials after retrieving the schema registry URL from the Stream Governance API in Confluent Cloud?,data-engineering-zoomcamp,30fbb4f5b8
Where exactly is the 'Endpoint' listed when navigating to Stream Governance API for an environment in Confluent Cloud?,data-engineering-zoomcamp,30fbb4f5b8
What is the process to find and use the schema registry URL under the Stream Governance API section in a custom-named environment of Confluent Cloud?,data-engineering-zoomcamp,30fbb4f5b8
What command should I run to determine the version of my local Spark installation?,data-engineering-zoomcamp,663c1e915e
Where in the `build.sh` file do I need to verify that the `SPARK_VERSION` matches my local Spark version?,data-engineering-zoomcamp,663c1e915e
How can I confirm that the PySpark package installed via pip is compatible with my locally installed Spark version?,data-engineering-zoomcamp,663c1e915e
Which module of the 'data-engineering-zoomcamp' course discusses compatibility checks between local and container Spark versions?,data-engineering-zoomcamp,663c1e915e
What specific line or configuration in the Python folder's `build.sh` file ensures alignment between the container Spark version and my local Spark environment?,data-engineering-zoomcamp,663c1e915e
"What is causing the ""ModuleNotFoundError: No module named 'kafka.vendor.six.moves'"" error in my Kafka Python application?",data-engineering-zoomcamp,7c3cf3b8fc
How can I resolve the missing module issue when using the `kafka-python` library?,data-engineering-zoomcamp,7c3cf3b8fc
Is there an alternative package to replace `kafka-python` that addresses the current release issues?,data-engineering-zoomcamp,7c3cf3b8fc
What is the recommended replacement for the `kafka-python` package as of now?,data-engineering-zoomcamp,7c3cf3b8fc
Can you provide the exact installation command to use the suggested alternative package?,data-engineering-zoomcamp,7c3cf3b8fc
What configuration option should be set to disable automatic offset committing in a Kafka consumer?,data-engineering-zoomcamp,cef28035ac
Can you describe the sequence of steps required to manually commit offsets after processing each message in a Kafka consumer?,data-engineering-zoomcamp,cef28035ac
Why is manual offset management beneficial for ensuring reliable message processing in Kafka?,data-engineering-zoomcamp,cef28035ac
"In case an exception occurs during message processing, what happens to the corresponding message offset and how does this affect subsequent processing?",data-engineering-zoomcamp,cef28035ac
How can one ensure that a message is only committed as an offset once its business logic has been successfully executed without errors?,data-engineering-zoomcamp,cef28035ac
Why does a PyFlink session window job fail with the error 'please declare primary key for sink table when query contains update/delete record'?,data-engineering-zoomcamp,e08b9c753f
What is required to resolve the primary key error in a JDBC sink while using session windows in Flink?,data-engineering-zoomcamp,e08b9c753f
How should I configure the primary key for a JDBC sink table when performing session window aggregations in PyFlink?,data-engineering-zoomcamp,e08b9c753f
Which columns are typically used to define a primary key for a JDBC sink table in a session window job?,data-engineering-zoomcamp,e08b9c753f
What happens if I omit the primary key declaration for a JDBC sink in a session window aggregation?,data-engineering-zoomcamp,e08b9c753f
Why might I see no rows in the PostgreSQL sink table immediately after a Flink tumbling window job completes successfully?,data-engineering-zoomcamp,29e617a947
"In event-time processing with watermarks, when exactly does the result of a tumbling window get written to an external sink like PostgreSQL?",data-engineering-zoomcamp,29e617a947
"If my Flink job is running correctly but the PostgreSQL table appears empty when queried right after execution, what could be causing this discrepancy?",data-engineering-zoomcamp,29e617a947
How can I ensure that my data appears in the PostgreSQL sink table for a streaming job that uses event-time and watermarks?,data-engineering-zoomcamp,29e617a947
What steps should I take to verify that the watermark has advanced sufficiently so that window results are emitted to the downstream sink table?,data-engineering-zoomcamp,29e617a947
What causes the PyFlink streaming job to fail with a JSON deserialization error when consuming records from a Kafka/Redpanda topic?,data-engineering-zoomcamp,6b4bd387cf
How can I modify the dataset before producing events to avoid NaN values causing issues during JSON serialization?,data-engineering-zoomcamp,6b4bd387cf
Can you provide an example of how to replace NaN values with `null` in Python before serializing a record to JSON for consumption by PyFlink?,data-engineering-zoomcamp,6b4bd387cf
What is the recommended approach to handle NaN values when sending data to Kafka/Redpanda for downstream processing with Flink's JSON parser?,data-engineering-zoomcamp,6b4bd387cf
How can I validate that the serialized JSON payload does not contain NaN values and is properly formatted for successful deserialization in a PyFlink streaming job?,data-engineering-zoomcamp,6b4bd387cf
How do I view the current offset and log-end offset for a specific consumer group in Kafka?,data-engineering-zoomcamp,c0e1671b46
What command should I use to inspect all messages from the beginning of a Kafka topic named 'rides'?,data-engineering-zoomcamp,c0e1671b46
"Can you explain how to use kcat to read messages starting from a particular offset, say 25, in partition 0 of the 'rides' topic?",data-engineering-zoomcamp,c0e1671b46
"What information is displayed when running `kafka-consumer-groups --describe --group rides-to-postgres`, and why is it useful for debugging?",data-engineering-zoomcamp,c0e1671b46
"In what scenarios would I need to check consumer lag, and how can I quickly identify messages that are pending processing?",data-engineering-zoomcamp,c0e1671b46
What causes backpressure in a Flink streaming job and how can it impact the system?,data-engineering-zoomcamp,b7e9d1c052
How can I increase consumer parallelism to mitigate backpressure in my Flink job?,data-engineering-zoomcamp,b7e9d1c052
Which metrics should I monitor to identify if backpressure is occurring during execution?,data-engineering-zoomcamp,b7e9d1c052
What is the recommended approach for adjusting the number of partitions on the source topic to alleviate backpressure?,data-engineering-zoomcamp,b7e9d1c052
How do I set the parallelism level in a PyFlink environment to prevent excessive backpressure?,data-engineering-zoomcamp,b7e9d1c052
How do I configure a Spark Session to read data from multiple Kafka topics simultaneously?,data-engineering-zoomcamp,ce77e05d24
What is the correct sequence of operations to start streaming queries for multiple topics in a single Spark session?,data-engineering-zoomcamp,ce77e05d24
"In the provided code, what does `spark.streams.resetTerminated()` accomplish when setting up multiple stream queries?",data-engineering-zoomcamp,ce77e05d24
"If I have three separate stream queries (`query1`, `query2`, and `query3`), how should I initiate each of them within the same Spark session?",data-engineering-zoomcamp,ce77e05d24
What is the purpose of `spark.streams.awaitAnyTermination()` in managing asynchronous streaming operations from multiple topics?,data-engineering-zoomcamp,ce77e05d24
What is the process for peer reviewing other students' capstone projects?,data-engineering-zoomcamp,ab1b812541
How many fellow students will I grade as part of my responsibilities?,data-engineering-zoomcamp,ab1b812541
What happens if I fail to submit grades for the projects assigned to me?,data-engineering-zoomcamp,ab1b812541
Where can I find the detailed guidelines for evaluating projects during peer review?,data-engineering-zoomcamp,ab1b812541
How is the final score for my capstone project determined based on the peer reviews?,data-engineering-zoomcamp,ab1b812541
Is it permissible to work together on the capstone project with classmates?,data-engineering-zoomcamp,5a491cd847
Can I share my code or solution with other students while completing the capstone assignment?,data-engineering-zoomcamp,5a491cd847
Are there any restrictions on discussing the capstone topic with fellow participants?,data-engineering-zoomcamp,5a491cd847
What are the guidelines for seeking assistance from peers during the capstone development phase?,data-engineering-zoomcamp,5a491cd847
How can I obtain feedback on my capstone idea without violating collaboration rules?,data-engineering-zoomcamp,5a491cd847
"Is there only one project required for the data engineering Zoomcamp, or are two projects expected?",data-engineering-zoomcamp,5c5321c295
What is the purpose of the Second Attempt in the course assessment?,data-engineering-zoomcamp,5c5321c295
"If I fail the first attempt due to unforeseen circumstances like illness during holidays, can I still use the Second Attempt?",data-engineering-zoomcamp,5c5321c295
"How will the reproducibility criterion be assessed for the project evaluation, especially if full re-running isn't feasible?",data-engineering-zoomcamp,5c5321c295
Where can I find detailed instructions on obtaining my course certificate after completion?,data-engineering-zoomcamp,5c5321c295
Where can I find a curated list of nice and relatively large datasets for data engineering projects?,data-engineering-zoomcamp,2220285e58
What is the recommended resource to discover datasets suitable for hands-on practice in data engineering?,data-engineering-zoomcamp,2220285e58
Could you provide a link to a GitHub repository that compiles various datasets for data engineering projects?,data-engineering-zoomcamp,2220285e58
Is there an online document listing datasets that are both accessible and sufficiently large for project work in our course?,data-engineering-zoomcamp,2220285e58
Which section of the Data Engineering Zoomcamp materials directs me to resources for locating extensive datasets?,data-engineering-zoomcamp,2220285e58
]}(,data-engineering-zoomcamp,1c7bfa9357
How can I set up Airflow to orchestrate dbt models using the dbt API?,data-engineering-zoomcamp,c81e613d5a
What specific parameters do I need to provide when configuring a Python operator in Airflow to run a dbt job?,data-engineering-zoomcamp,c81e613d5a
Where can I find a detailed explanation of integrating dbt with Airflow for workflow automation?,data-engineering-zoomcamp,c81e613d5a
Is there an example GitHub repository that demonstrates how to call the dbt Cloud API from Airflow?,data-engineering-zoomcamp,c81e613d5a
What precautions should I take to avoid exposing sensitive information like my dbt API key when using it in Airflow?,data-engineering-zoomcamp,c81e613d5a
How can I set up a DataProc cluster using Airflow's operators?,data-engineering-zoomcamp,ec1001476f
Which specific roles must be granted to the service account for managing DataProc via Airflow?,data-engineering-zoomcamp,ec1001476f
What steps are required to include the BigQuery Connector when submitting a PySpark job through `DataprocSubmitPySparkJobOperator`?,data-engineering-zoomcamp,ec1001476f
"Where can I find detailed documentation on the Airflow providers for Google Cloud, specifically for DataProc operations?",data-engineering-zoomcamp,ec1001476f
Can you explain why using Workload Identity might result in 'user not authorized to act as service account' errors when interacting with DataProc?,data-engineering-zoomcamp,ec1001476f
What is the primary purpose of using Azure Key Vault within the Azure cloud stack?,data-engineering-zoomcamp,ec5e405fa6
How can Azure Key Vault help in securing sensitive data such as database passwords across Azure services?,data-engineering-zoomcamp,ec5e405fa6
Can you describe a scenario where Azure Key Vault would be utilized to manage application secrets efficiently?,data-engineering-zoomcamp,ec5e405fa6
In what ways does integrating Key Vault with other Azure services enhance overall security posture?,data-engineering-zoomcamp,ec5e405fa6
What types of credentials or secrets are typically stored in Azure Key Vault for use by various technologies within Azure?,data-engineering-zoomcamp,ec5e405fa6
What package must be installed to enable running dbt-core projects as Airflow Task Groups on Google Cloud Composer?,data-engineering-zoomcamp,e839b64165
Where should the dbt-core project files be placed within the Composer GCP bucket structure?,data-engineering-zoomcamp,e839b64165
How should the `profiles.yml` file be configured to authenticate using a service account JSON key?,data-engineering-zoomcamp,e839b64165
What steps are required to create a custom Docker image for Kestra that includes `uv`?,data-engineering-zoomcamp,13c4d27a91
How do I modify the `docker-compose.yml` file to use my custom-built Kestra image instead of the default one?,data-engineering-zoomcamp,13c4d27a91
Why is it beneficial to have `uv` pre-installed in a custom Kestra Docker container rather than installing it on each flow execution?,data-engineering-zoomcamp,13c4d27a91
Can you provide a sample Dockerfile that installs `uv` and extends the official Kestra base image?,data-engineering-zoomcamp,13c4d27a91
What is the expected outcome after updating the `docker-compose.yml` to build a custom Kestra image with `uv`?,data-engineering-zoomcamp,13c4d27a91
Can I incorporate external datasets like NY_Taxi into my project for this course?,data-engineering-zoomcamp,c0c68e1ee8
Are there any restrictions on using the NY_Taxi dataset within our data engineering assignments?,data-engineering-zoomcamp,c0c68e1ee8
What specific guidelines does the 'Project' section provide regarding permissible data sources for the assignment?,data-engineering-zoomcamp,c0c68e1ee8
Does the FAQ explicitly mention any prohibited data sets that should not be used in the project portion of the 'data-engineering-zoomcamp' course?,data-engineering-zoomcamp,c0c68e1ee8
Is there a reason behind disallowing the NY_Taxi dataset as outlined in the course's project FAQs?,data-engineering-zoomcamp,c0c68e1ee8
What is the recommended method to integrate dbt-Core with AWS Athena?,data-engineering-zoomcamp,df38a5d809
Where can I find the official documentation for setting up the dbt-Athena Adapter?,data-engineering-zoomcamp,df38a5d809
Are Python models supported when using the dbt-Athena Adapter?,data-engineering-zoomcamp,df38a5d809
Which features are currently unavailable in the dbt-Athena integration?,data-engineering-zoomcamp,df38a5d809
Can you provide a tutorial link that demonstrates how to use dbt-Core with Athena?,data-engineering-zoomcamp,df38a5d809
What tools are recommended for completing the dlt homework?,data-engineering-zoomcamp,d7abe28e77
Where can I find the starter code provided by the instructor for the dlt homework?,data-engineering-zoomcamp,d7abe28e77
"Is it possible to use a local setup instead of Colab for the dlt homework, and if so, what are the requirements?",data-engineering-zoomcamp,d7abe28e77
How do I access the pre-configured Jupyter Notebook for the dlt homework on Google Colab?,data-engineering-zoomcamp,d7abe28e77
What specific notebook file should I open in Google Colab to begin working on the dlt homework?,data-engineering-zoomcamp,d7abe28e77
What specific command should I run in a Jupyter notebook to install the `dlt[duckdb]` package?,data-engineering-zoomcamp,122d2b0aed
Is there an additional step required before installing the `duckdb` package if I am working locally rather than within a Jupyter environment?,data-engineering-zoomcamp,122d2b0aed
"After executing the installation command, how can I verify that the `dlt[duckdb]` package has been successfully installed and is ready for use in my project?",data-engineering-zoomcamp,122d2b0aed
"What potential issues might arise during the installation of `dlt[duckdb]`, and how can I troubleshoot them if they occur?",data-engineering-zoomcamp,122d2b0aed
Are there any alternative methods or packages I could consider if installing `dlt[duckdb]` does not work as expected on my system?,data-engineering-zoomcamp,122d2b0aed
What command should I execute to install all the necessary dependencies for running the starter Jupyter Notebook in a fresh new Codespace or local machine with a new virtual environment?,data-engineering-zoomcamp,ee564fdf82
Is there an alternative way to install the required packages if I prefer using a `requirements.txt` file instead of executing a direct pip command?,data-engineering-zoomcamp,ee564fdf82
"Which specific packages are listed as optional, and when would I need them for additional functionality such as Parquet support?",data-engineering-zoomcamp,ee564fdf82
"After running the provided installation command or setting up the `requirements.txt`, how can I confirm that all dependencies have been successfully installed?",data-engineering-zoomcamp,ee564fdf82
"If I encounter missing package errors after attempting to run the Jupyter Notebook, what troubleshooting steps should I follow?",data-engineering-zoomcamp,ee564fdf82
How many records are loaded after executing the provided Python code for the DLT workshop?,data-engineering-zoomcamp,5b5d82a924
What is the age of the individual with ID 3 among the loaded records?,data-engineering-zoomcamp,5b5d82a924
Which occupation values need to be filtered out before calculating the sum of ages?,data-engineering-zoomcamp,5b5d82a924
Why does specifying a raw string with `file:///` in the `os.environ['DESTINATION__FILESYSTEM__BUCKET_URL']` resolve the issue of DLT files being saved to the C drive?,data-engineering-zoomcamp,5b5d82a924
"After running the pipeline, how can I verify that Parquet files have been correctly generated in the specified folder?",data-engineering-zoomcamp,5b5d82a924
Why am I unable to import the `dlt` or `dlt.sources` module in my Python script?,data-engineering-zoomcamp,27fa940238
What should I check if I encounter an error while trying to use the `dlt` module during the dlthub workshop in the data-engineering-zoomcamp course?,data-engineering-zoomcamp,27fa940238
Could having a file named `dlt.py` in the same directory as my script cause issues with importing modules from the dlt package?,data-engineering-zoomcamp,27fa940238
What specific step can resolve the conflict that prevents successful import of `dlt` or `dlt.sources` during Workshop 1 of the data-engineering-zoomcamp course?,data-engineering-zoomcamp,27fa940238
"In the context of the dlthub workshop within the data-engineering-zoomcamp course, what file naming precaution must be observed to avoid problems with module imports?",data-engineering-zoomcamp,27fa940238
What is the exact procedure to store a Google Cloud service account key as a secret in Google Colab for BigQuery access?,data-engineering-zoomcamp,4ecc97beb5
Which environment variable should be set to enable connection between Google Colab and BigQuery using stored credentials?,data-engineering-zoomcamp,4ecc97beb5
How can I retrieve a previously saved secret named `BIGQUERY_CREDENTIALS` within my Jupyter notebook running on Google Colab?,data-engineering-zoomcamp,4ecc97beb5
What Python code snippet is necessary to load the `BIGQUERY_CREDENTIALS` secret into an environment variable for use with the BigQuery client library?,data-engineering-zoomcamp,4ecc97beb5
"In the context of Workshop 1 - dlthub from the data-engineering-zoomcamp course, where can I find documentation on managing secrets in Google Colab?",data-engineering-zoomcamp,4ecc97beb5
What are the steps to configure Google Cloud credentials for running `dlt` in a non-Colab environment?,data-engineering-zoomcamp,d2add610e3
How can I store sensitive credentials securely when using `dlt` locally?,data-engineering-zoomcamp,d2add610e3
Where should I place the `.dlt/secrets.toml` and `.dlt/config.toml` files in my project directory?,data-engineering-zoomcamp,d2add610e3
What precautions should I take to ensure that secret configuration files are not accidentally committed to version control?,data-engineering-zoomcamp,d2add610e3
"Are there alternative methods for loading credentials other than environment variables and configuration files, such as using a vault or AWS Parameter Store?",data-engineering-zoomcamp,d2add610e3
How do I configure DLT to adhere to the XDG Base Directory Specification for data storage?,data-engineering-zoomcamp,1075e9e2b6
What specific environment variable must be set to direct DLT's data directory according to the XDG standards?,data-engineering-zoomcamp,1075e9e2b6
In which shell initialization file should I add the configuration line to ensure DLT uses the specified XDG-compliant path for its data?,data-engineering-zoomcamp,1075e9e2b6
Could you provide the exact command syntax for Bash or ZSH users to export the required DLT_DATA_DIR environment variable under the XDG Base Directory Specification?,data-engineering-zoomcamp,1075e9e2b6
What is the corresponding Fish shell command to set the DLT_DATA_DIR environment variable within the XDG_DATA_HOME directory as specified in the FAQ?,data-engineering-zoomcamp,1075e9e2b6
How can I embed a dlt pipeline into Apache Airflow?,data-engineering-zoomcamp,f48b484cd4
What are the necessary imports to integrate dlt with Apache Airflow?,data-engineering-zoomcamp,f48b484cd4
How do I configure the default arguments for an Airflow DAG when using dlt?,data-engineering-zoomcamp,f48b484cd4
What function should be used to run the dlt pipeline within an Airflow task?,data-engineering-zoomcamp,f48b484cd4
How do I specify the destination and dataset name in the dlt.pipeline call for Airflow?,data-engineering-zoomcamp,f48b484cd4
How can I integrate a DLT pipeline with Kestra using Python?,data-engineering-zoomcamp,eaae17dfea
What is the purpose of the `load_data` function in the provided Kestra YAML configuration for DLT?,data-engineering-zoomcamp,eaae17dfea
"In the Kestra task definition, what does the `type: io.kestra.plugin.scripts.python.Commands` indicate?",data-engineering-zoomcamp,eaae17dfea
How is the DLT pipeline named and configured for destination and dataset within the Kestra task?,data-engineering-zoomcamp,eaae17dfea
What command in the Python script retrieves and prints the execution information of the DLT pipeline run?,data-engineering-zoomcamp,eaae17dfea
"How does dlt handle file compression when exporting data to a GCS filesystem, and what are the implications for reading these files in BigQuery?",data-engineering-zoomcamp,7be69bdcb4
"If I specify `loader_file_format=""parquet""` while exporting to a GCS filesystem, will BigQuery automatically manage any compressed files without additional configuration?",data-engineering-zoomcamp,7be69bdcb4
What steps should I take to prevent file compression when exporting data to a GCS filesystem if I intend to use JSONL or CSV formats in BigQuery?,data-engineering-zoomcamp,7be69bdcb4
Where can I find detailed guidance on configuring dlt to disable file compression for specific export formats as mentioned in the FAQ?,data-engineering-zoomcamp,7be69bdcb4
Is there any performance impact or trade-off associated with disabling file compression during data exports from dlt to a GCS filesystem?,data-engineering-zoomcamp,7be69bdcb4
What steps does dlt take when new columns are added to the source schema during data ingestion?,data-engineering-zoomcamp,3a53549d08
"How does dlt manage changes to existing column data types, and what error handling is provided if coercion fails?",data-engineering-zoomcamp,3a53549d08
Can you explain how dlt's local storage of pipeline state enables it to adapt to schema evolutions without manual DDL alterations?,data-engineering-zoomcamp,3a53549d08
"In cases where a new nested field appears in the source data, how does dlt ensure that the corresponding child tables or columns are created automatically?",data-engineering-zoomcamp,3a53549d08
Where can I find detailed documentation on schema evolution strategies provided by dlt for handling complex API changes?,data-engineering-zoomcamp,3a53549d08
Can you explain the main advantages of using `rest_api_source({...})` over `@dlt.resource` in dlt for standard APIs?,data-engineering-zoomcamp,0655c8c637
In what scenarios would I need to choose `@dlt.resource` instead of `rest_api_source({...})` due to dynamic or inconsistent API responses?,data-engineering-zoomcamp,0655c8c637
How does the execution lifecycle differ between `rest_api_source({...})` and `@dlt.resource` when running a pipeline with `pipeline.run(...)`?,data-engineering-zoomcamp,0655c8c637
What specific custom logic can be implemented using `@dlt.resource` that cannot be achieved with `rest_api_source({...})`?,data-engineering-zoomcamp,0655c8c637
"If I prioritize speed of setup and have a simple, consistent API, which source function should I prefer, and why?",data-engineering-zoomcamp,0655c8c637
What keyboard shortcut do I use on Windows to open the command palette in VS Code?,data-engineering-zoomcamp,cbeb6f678b
"After opening the command palette, which command should I run to add the dlt MCP server?",data-engineering-zoomcamp,cbeb6f678b
What exact command should I type into the 'Command (stdio)' field to initiate the dlt MCP server?,data-engineering-zoomcamp,cbeb6f678b
How do I verify that the dlt MCP server has been successfully added in VS Code?,data-engineering-zoomcamp,cbeb6f678b
"Should I select 'Remote' or 'Workspace' as the configuration target when adding the dlt MCP server, depending on my environment?",data-engineering-zoomcamp,cbeb6f678b
How should I initialize the pagination when calling a REST API that uses page numbers starting at 1?,data-engineering-zoomcamp,a01ea88b00
What indicates to my code that there are no more results to fetch from a paginated REST API?,data-engineering-zoomcamp,a01ea88b00
Can I safely assume that `page=0` will always return an empty list for any REST API that supports pagination?,data-engineering-zoomcamp,a01ea88b00
"What is the recommended approach to handle variations in paging mechanisms (e.g., cursor-based vs. page-number based) when implementing data ingestion?",data-engineering-zoomcamp,a01ea88b00
How can I ensure robustness against changes in the REST API's pagination scheme by incorporating testing steps into my implementation?,data-engineering-zoomcamp,a01ea88b00
What naming convention does DLT apply to column names in a database table?,data-engineering-zoomcamp,9950018686
How can I find the actual normalized column names when they have been converted by DLT?,data-engineering-zoomcamp,9950018686
What error might occur if I try to query a column using its original mixed-case name after DLT normalization?,data-engineering-zoomcamp,9950018686
"Is it possible to reference non-normalized column names directly without altering them, and if so, how?",data-engineering-zoomcamp,9950018686
Which SQL command can be used to inspect the schema and verify the exact normalized column names in the `taxi_data` database?,data-engineering-zoomcamp,9950018686
What is the reason behind some API response fields being absent from the destination table after executing a dlt pipeline?,data-engineering-zoomcamp,53f31cd33c
How can I specify data types for specific columns when those columns might only contain NULL values during certain loads?,data-engineering-zoomcamp,53f31cd33c
Could you demonstrate how to use the `columns` argument in the `@dlt.resource` decorator to ensure all expected columns are included?,data-engineering-zoomcamp,53f31cd33c
What preprocessing steps should I implement if my API payload sometimes returns null values for critical fields like 'rate_code' or 'mta_tax'?,data-engineering-zoomcamp,53f31cd33c
"After applying a fix, what is the recommended approach to verify that the missing columns have been successfully materialized in the destination table?",data-engineering-zoomcamp,53f31cd33c
What command is used to set up Codex in the dlt environment?,data-engineering-zoomcamp,7b3f0193ec
"After running the setup command, which file is initially generated?",data-engineering-zoomcamp,7b3f0193ec
How can I ensure that Codex recognizes the agent configuration file?,data-engineering-zoomcamp,7b3f0193ec
What terminal command do I need to execute to rename the initial file to match Codex's expectations?,data-engineering-zoomcamp,7b3f0193ec
"In Workshop 1 of the data-engineering-zoomcamp course, what specific plural naming convention does Codex require for the agents file?",data-engineering-zoomcamp,7b3f0193ec
Am I required to register before participating in the ZoomCamp?,mlops-zoomcamp,fde155ddfb
What happens if I join the course without registering?,mlops-zoomcamp,fde155ddfb
Can I still access the learning materials and submit homework if I didn't register?,mlops-zoomcamp,fde155ddfb
Is there any verification process when joining a live cohort?,mlops-zoomcamp,fde155ddfb
Will my data be collected or used for analytics even if I choose not to register?,mlops-zoomcamp,fde155ddfb
"Are the course lectures available for on-demand viewing, or do I need to attend them live at specific times?",mlops-zoomcamp,7f10dde6f8
What is the schedule for the ZoomCamps accompanying this MLOps ZoomCamp?,mlops-zoomcamp,7f10dde6f8
"Is there a way to join office hours sessions live, or are they only recorded afterward?",mlops-zoomcamp,7f10dde6f8
Where can I find the playlist of pre-recorded course videos and office hours sessions?,mlops-zoomcamp,7f10dde6f8
How often will office hours be held throughout the year?,mlops-zoomcamp,7f10dde6f8
What happens if I begin the course after its official start date?,mlops-zoomcamp,2d8b16c2a0
"Am I allowed to enroll in the MLOps ZoomCamp late, and will I still be able to complete all assignments?",mlops-zoomcamp,2d8b16c2a0
"If I join the course mid-session, do the homework submission deadlines apply to me as well?",mlops-zoomcamp,2d8b16c2a0
Can I access the course materials even if my registration comes later than the start date?,mlops-zoomcamp,2d8b16c2a0
Is there a penalty for starting the MLOps ZoomCamp after it has officially begun?,mlops-zoomcamp,2d8b16c2a0
"What is the first step I should take to begin the MLOps ZoomCamp course, and where can I find important information about the course structure?",mlops-zoomcamp,418e8948e7
"How can I locate the video lessons for the course, and what resources are bookmarked in the course channel?",mlops-zoomcamp,418e8948e7
"If I have a question that hasn't been addressed yet, who or what should I tag to get an answer quickly?",mlops-zoomcamp,418e8948e7
What alternative tools can I use if I encounter issues that are not covered by the FAQ document or the course materials?,mlops-zoomcamp,418e8948e7
"How do I verify whether I am on track with the course deadlines and submissions, especially if I am not part of a live cohort?",mlops-zoomcamp,418e8948e7
Is it possible to graduate from the MLOps ZoomCamp even if I missed completing the homework for week x?,mlops-zoomcamp,46b6399b91
Will not finishing the assigned homework in week x affect my ability to earn a degree from the course?,mlops-zoomcamp,46b6399b91
"Do I need to have completed all weekly homework assignments, including week x, to be eligible for graduation from MLOPs ZoomCamp?",mlops-zoomcamp,46b6399b91
"If I did not submit the homework for week x, can I still complete the program and receive a certificate of completion?",mlops-zoomcamp,46b6399b91
Has the course administration confirmed that students who skipped the homework in week x are allowed to finish the program successfully?,mlops-zoomcamp,46b6399b91
Is it possible to obtain a certificate by completing the MLOps ZoomCamp course in self-paced mode?,mlops-zoomcamp,b047f348bc
What is the requirement for receiving a certificate in the MLOps ZoomCamp program?,mlops-zoomcamp,b047f348bc
Can participants who take the course on their own schedule participate in peer-reviewing capstone projects?,mlops-zoomcamp,b047f348bc
Why are certificates only provided to those who complete the course with a live cohort rather than in self-paced mode?,mlops-zoomcamp,b047f348bc
During which phase of the course can students engage in peer-review activities for capstone submissions?,mlops-zoomcamp,b047f348bc
What specific changes have been made to the Orchestration and Monitoring modules in the 2023 course compared to the 2022 version?,mlops-zoomcamp,4deedf3100
Will the re-recording of the Orchestration and Monitoring modules using Prefect affect the learning outcomes for students joining the 2023 cohort?,mlops-zoomcamp,4deedf3100
"Apart from the updated modules, are there any other differences in coursework between the 2022 and 2023 cohorts?",mlops-zoomcamp,4deedf3100
How will the homework assignments differ for students enrolled in the 2023 course as opposed to those in the 2022 course?,mlops-zoomcamp,4deedf3100
"Is there a rationale behind selecting Prefect for re-recording the Orchestration and Monitoring modules, and how does this choice impact the course content?",mlops-zoomcamp,4deedf3100
What specific changes have been made to the Orchestration and Monitoring modules for the 2024 cohort compared to the 2023 course?,mlops-zoomcamp,99c8a70fdf
Will the new recordings of the Orchestration and Monitoring modules using Mage-AI affect the overall content and learning outcomes of the course?,mlops-zoomcamp,99c8a70fdf
How different will the homework assignments be for the 2024 cohort compared to those completed by the 2023 students?,mlops-zoomcamp,99c8a70fdf
Are there any additional resources or support provided to help students adapt to the updated homework structure in the 2024 cohort?,mlops-zoomcamp,99c8a70fdf
Does the re-recording of the Orchestration and Monitoring modules using Mage-AI imply that the teaching methodology will also be enhanced?,mlops-zoomcamp,99c8a70fdf
Is there a planned Cohort for the year 2024?,mlops-zoomcamp,4c40b4805c
What is the commencement month and year for the 2024 Cohort of the mlops-zoomcamp course?,mlops-zoomcamp,4c40b4805c
Will learners have access to the same curriculum in the 2024 Cohort as in previous years?,mlops-zoomcamp,4c40b4805c
Are there any updates or changes expected in the 2024 Cohort compared to earlier editions of the course?,mlops-zoomcamp,4c40b4805c
"Can prospective students register for the 2024 Cohort now, and if so, what is the anticipated start date?",mlops-zoomcamp,4c40b4805c
When is the next cohort for the MLOps ZoomCamp scheduled?,mlops-zoomcamp,50ebc48eea
Is there a confirmed schedule for future cohorts of the MLOps ZoomCamp in subsequent years?,mlops-zoomcamp,50ebc48eea
"Where can I find an overview of all the zoomcamps offered by DataTalks Club, including their dates and topics?",mlops-zoomcamp,50ebc48eea
"Will the MLOps ZoomCamp continue to be offered annually, or is its continuation uncertain?",mlops-zoomcamp,50ebc48eea
What should I do if I missed the current cohort of the MLOps ZoomCamp?,mlops-zoomcamp,50ebc48eea
"If my homework response doesn't match any of the given options precisely, what should I do?",mlops-zoomcamp,edf5668d39
What is the recommended approach when my answer differs from the provided choices in the assignment?,mlops-zoomcamp,edf5668d39
"In case my solution to a homework problem does not align exactly with the listed alternatives, how should I proceed?",mlops-zoomcamp,edf5668d39
How should I handle a situation where none of the supplied options reflect my correct response for an assignment question?,mlops-zoomcamp,edf5668d39
What is advised if my submitted answer for a homework item is slightly different from all the presented choices?,mlops-zoomcamp,edf5668d39
What URL should I visit to view the detailed schedule and deadlines for all homework assignments in the MLOps ZoomCamp course?,mlops-zoomcamp,90b9e103c7
How are the deadlines displayed relative to my local time zone in the provided course schedule?,mlops-zoomcamp,90b9e103c7
Is there a specific section within the course platform where I can check the timelines for upcoming homework submissions?,mlops-zoomcamp,90b9e103c7
Can you confirm that the deadlines listed in the course schedule correspond directly to the due dates for each assigned homework?,mlops-zoomcamp,90b9e103c7
Where exactly on the website https://courses.datatalks.club/mlops-zoomcamp-2024/ can I locate the automatic time conversion note regarding homework deadlines?,mlops-zoomcamp,90b9e103c7
"What is the specific deadline for submitting Homework 1, taking into account my local time zone?",mlops-zoomcamp,df10d8e0e7
How can I determine the exact submission cutoff time for my region if the deadlines are based on midnight Berlin time?,mlops-zoomcamp,df10d8e0e7
Where can I find the detailed due dates for all homework assignments in the MLOps ZoomCamp course?,mlops-zoomcamp,df10d8e0e7
"Does the deadline apply to all participants regardless of their geographical location, and if so, how is it adjusted for different zones?",mlops-zoomcamp,df10d8e0e7
Is there a reference page that lists the submission deadlines for each homework assignment throughout the entire course?,mlops-zoomcamp,df10d8e0e7
Should we use green taxi data instead of yellow taxi data for the experiment in question 6 of the homework?,mlops-zoomcamp,b1a18890f2
Why does the current preprocessing code assume green taxi data when the question specifies yellow taxi data?,mlops-zoomcamp,b1a18890f2
Has there been an official confirmation regarding the need to switch from yellow to green taxi data for this specific experiment?,mlops-zoomcamp,b1a18890f2
What are the potential consequences if we continue using yellow taxi data despite the preprocessing expectations for green taxi data?,mlops-zoomcamp,b1a18890f2
Are there any updates or clarifications expected regarding whether to use green taxi data for the upcoming run of the experiment in question 6?,mlops-zoomcamp,b1a18890f2
Why am I experiencing server port conflicts and unable to connect to the MLflow server?,mlops-zoomcamp,1497aabe44
How can I identify which process is currently using port 5000 on my system?,mlops-zoomcamp,1497aabe44
"What command should I execute to determine the process occupying a specific port, such as port 5000?",mlops-zoomcamp,1497aabe44
"If port 5000 is already in use, what steps can I take to free it or switch to another port for MLflow?",mlops-zoomcamp,1497aabe44
"Could you provide the exact command syntax to run the MLflow UI on a different port, say port 5001?",mlops-zoomcamp,1497aabe44
.,mlops-zoomcamp,b7bd817c2a
. ,mlops-zoomcamp,b7bd817c2a
. ,mlops-zoomcamp,b7bd817c2a
... ,mlops-zoomcamp,b7bd817c2a
.,mlops-zoomcamp,b7bd817c2a
Can I submit my homework after the due date if the submission form is still open?,mlops-zoomcamp,c842475338
What happens to my homework submission once the form has been closed?,mlops-zoomcamp,c842475338
Is there a way to check my homework answers against the provided solutions before submitting?,mlops-zoomcamp,c842475338
Will my late submission be evaluated even if the submission deadline has technically passed?,mlops-zoomcamp,c842475338
How can I ensure that my changes to the homework are saved when submitting them after the due date?,mlops-zoomcamp,c842475338
"Given my prior machine learning experience, would starting the course now still be beneficial for achieving the certificate?",mlops-zoomcamp,dfb6836d0b
How much time per week should I realistically allocate to ensure successful completion of the projects despite being late for the homeworks?,mlops-zoomcamp,dfb6836d0b
Are there any strategies or tips you recommend for someone who is already behind on the scheduled homework deadlines but wants to focus on the projects instead?,mlops-zoomcamp,dfb6836d0b
"If I find the initial project attempts challenging, will having attempted them once significantly improve my performance if I decide to retake the course later?",mlops-zoomcamp,dfb6836d0b
Does dedicating more time to the projects now compensate for missing or submitting late homeworks in terms of overall learning and certification outcomes?,mlops-zoomcamp,dfb6836d0b
"For the final project, can I select any topic that interests me, or are there specific themes we should focus on?",mlops-zoomcamp,a0de15febf
"Where can I find datasets suitable for my chosen project topic, such as Kaggle, Hugging Face, Google, AWS, or the UCI Repository?",mlops-zoomcamp,a0de15febf
Is there a guide or document that outlines the expectations and requirements for completing the final project in this course?,mlops-zoomcamp,a0de15febf
Are there additional resources or links provided beyond those mentioned in datasets.md for locating appropriate datasets?,mlops-zoomcamp,a0de15febf
"What are the key considerations I should keep in mind while selecting a dataset and topic for my final project, as detailed in the README.md of the 07-project folder?",mlops-zoomcamp,a0de15febf
"For the capstone component of the MLOps ZoomCamp course, will I be working alone or as part of a team?",mlops-zoomcamp,7ab6b70d2c
"Is collaboration permitted on the final project in this program, or is it intended to be completed individually?",mlops-zoomcamp,7ab6b70d2c
"Does the capstone assignment require personal effort only, without any group participation?",mlops-zoomcamp,7ab6b70d2c
"Are students expected to undertake the capstone project by themselves, or can they partner with peers?",mlops-zoomcamp,7ab6b70d2c
"In terms of teamwork, does the MLOps ZoomCamp course allow multiple individuals to contribute to the capstone project?",mlops-zoomcamp,7ab6b70d2c
Is it mandatory to deploy the final project on a cloud platform?,mlops-zoomcamp,f6544a339e
Can I earn cloud points by deploying my project locally using Kubernetes?,mlops-zoomcamp,f6544a339e
What alternative can be used to simulate AWS services if I don't deploy on the cloud?,mlops-zoomcamp,f6544a339e
Where can I find detailed information about how the final project will be evaluated?,mlops-zoomcamp,f6544a339e
Does LocalStack qualify as a valid method for mimicking AWS during the project deployment?,mlops-zoomcamp,f6544a339e
How are points awarded for homework submissions in the course management platform?,mlops-zoomcamp,33700d36a3
What is included in the total score displayed on the leaderboard?,mlops-zoomcamp,33700d36a3
Can you explain how many points are earned from submitting a question to the FAQ section?,mlops-zoomcamp,33700d36a3
What is the point allocation for each 'Learning in Public' link shared by students?,mlops-zoomcamp,33700d36a3
Where can I find detailed explanations about the scoring system and its components?,mlops-zoomcamp,33700d36a3
Could you explain what constitutes a valid learning-in-public post in the context of the MLOps ZoomCamp?,mlops-zoomcamp,ae2520ab59
What are the key guidelines or DOs and DON’Ts for creating effective learning-in-public content as highlighted by Alexey in his video?,mlops-zoomcamp,ae2520ab59
"How is misconduct addressed regarding learning-in-public posts, and what consequences might participants face if they abuse the system as of June 2024?",mlops-zoomcamp,ae2520ab59
Is there a specific format or structure recommended for sharing knowledge through learning-in-public posts to ensure visibility and accuracy?,mlops-zoomcamp,ae2520ab59
What metrics or factors determine a participant's ranking on the Leaderboard related to learning-in-public contributions in the MLOps ZoomCamp?,mlops-zoomcamp,ae2520ab59
How can I locate my specific entry on the leaderboard after creating my account?,mlops-zoomcamp,4c837a4be1
"What steps are required to change my display name from the randomly assigned ""Lucid Elbakyan"" to something else?",mlops-zoomcamp,4c837a4be1
Where should I input my official name for it to appear correctly on my course certificate?,mlops-zoomcamp,4c837a4be1
Is there a mandatory requirement to update my second field in the profile settings with a legal name?,mlops-zoomcamp,4c837a4be1
How do I verify that my nickname or Slack/GitHub username is displayed correctly under the first field of my profile?,mlops-zoomcamp,4c837a4be1
"What causes the 'InvalidParameterValueException: The image manifest, config or layer media type for the source image ... is not supported' error when creating a Lambda Function?",mlops-zoomcamp,896989c9f1
How can I determine if my Docker image is a multi-platform manifest list that AWS Lambda does not support?,mlops-zoomcamp,896989c9f1
What command should I use with `docker buildx` to ensure compatibility with AWS Lambda by specifying a platform for my image?,mlops-zoomcamp,896989c9f1
"After building an image with `docker buildx`, how do I push it to ECR while maintaining the correct platform specification for AWS Lambda?",mlops-zoomcamp,896989c9f1
Can you provide an example of a Dockerfile that works well with AWS Lambda when considering multi-platform images and manifest compatibility?,mlops-zoomcamp,896989c9f1
What is required to receive a certificate for the MLOps ZoomCamp course?,mlops-zoomcamp,c841197256
How can I qualify for a certification upon completing the MLOps ZoomCamp program?,mlops-zoomcamp,c841197256
Which task must be completed to obtain a certificate in the MLOps ZoomCamp curriculum?,mlops-zoomcamp,c841197256
What final project do I need to finish to earn a certificate from the MLOps ZoomCamp?,mlops-zoomcamp,c841197256
Upon finishing which project will I be awarded a certificate for the MLOps ZoomCamp course?,mlops-zoomcamp,c841197256
Is homework completion required to obtain a course certificate for the MLOps ZoomCamp?,mlops-zoomcamp,5daddf3efc
Can I earn the certificate by submitting only the final project on my second attempt?,mlops-zoomcamp,5daddf3efc
"If I fail the first attempt, do I still need to complete all homework assignments to qualify for the certificate on the second attempt?",mlops-zoomcamp,5daddf3efc
Does successfully passing either one of the two attempts guarantee receipt of the MLOps ZoomCamp certificate?,mlops-zoomcamp,5daddf3efc
Am I allowed to submit the final project solely during my second attempt and still be eligible for the certificate?,mlops-zoomcamp,5daddf3efc
How can I locate the homework playlist and other cohort-specific details for the 2025 MLOps course?,mlops-zoomcamp,0190b37350
Where is the repository folder structured to find year-specific resources for the MLOps Zoomcamp?,mlops-zoomcamp,0190b37350
What specific path within the GitHub repository contains the updated materials for the current MLOps cohort?,mlops-zoomcamp,0190b37350
Which section of the course documentation provides links to homework assignments and video playlists for the ongoing MLOps session?,mlops-zoomcamp,0190b37350
How do I access the Slack channel and additional deadlines associated with my MLOps cohort from the course repository?,mlops-zoomcamp,0190b37350
Is there a limit to how many times I can submit and update my project attempt before the final deadline in the MLOps Zoom Camp course?,mlops-zoomcamp,e865d7adf7
What is the recommended strategy for submitting project updates to maximize improvements over time according to Module 1: Introduction?,mlops-zoomcamp,e865d7adf7
How should I indicate that changes have been made to my project submission after each update before the final deadline?,mlops-zoomcamp,e865d7adf7
Are there any penalties or consequences for submitting multiple project attempts in the MLOps Zoom Camp course prior to the due date?,mlops-zoomcamp,e865d7adf7
What visual aid is provided in Module 1: Introduction to support understanding of the project submission and update process within the MLOps Zoom Camp course?,mlops-zoomcamp,e865d7adf7
How do I launch Jupyter Notebooks within Visual Studio Code?,mlops-zoomcamp,cd806dd7d0
What extension should I install to work with Jupyter notebooks in VSCode?,mlops-zoomcamp,cd806dd7d0
Can you guide me through setting up Jupyter support inside Visual Studio Code for my machine learning projects?,mlops-zoomcamp,cd806dd7d0
Is there a specific method recommended by the MLOps ZoomCamp course to open notebooks using VSCode?,mlops-zoomcamp,cd806dd7d0
"After installing an extension, what steps follow to successfully run a Jupyter notebook in VS Code per the module one instructions?",mlops-zoomcamp,cd806dd7d0
How do I start a Jupyter notebook after installing Anaconda in the Codespace VM?,mlops-zoomcamp,1b29ba4c54
What is the exact terminal command required to initiate a Jupyter notebook session?,mlops-zoomcamp,1b29ba4c54
"If I accidentally type 'jupyter-notebook' instead of 'jupyter notebook', what error will I encounter?",mlops-zoomcamp,1b29ba4c54
In which module and course does this instruction belong for launching Jupyter notebooks?,mlops-zoomcamp,1b29ba4c54
Could you confirm whether any modifications are necessary in the terminal command to avoid errors when running a Jupyter notebook?,mlops-zoomcamp,1b29ba4c54
What steps are required to configure GitHub for use from a remote VM?,mlops-zoomcamp,db8427d6cf
Where can I find a tutorial for setting up GitHub on an AWS instance?,mlops-zoomcamp,db8427d6cf
How do I generate and add SSH keys to my AWS instance for GitHub authentication?,mlops-zoomcamp,db8427d6cf
"Will the chosen AWS instance be covered under the free tier, and if not, what is included in the free tier?",mlops-zoomcamp,db8427d6cf
What are the potential additional charges I might incur beyond the AWS free tier limits?,mlops-zoomcamp,db8427d6cf
How can I resolve the issue of not being able to access Jupyter Notebook on AWS from my desktop when using a non-Visual Studio environment?,mlops-zoomcamp,47d9cd9aca
What command should I execute to generate the necessary configuration for running Jupyter Notebook in AWS?,mlops-zoomcamp,47d9cd9aca
Which specific line must be added to the `jupyter_notebook_config.py` file located at `/home/ubuntu/.jupyter/` to enable remote access to the Jupyter Notebook server?,mlops-zoomcamp,47d9cd9aca
"After editing the Jupyter Notebook configuration file, what setting should be applied to allow connections from any IP address?",mlops-zoomcamp,47d9cd9aca
"In the context of setting up Jupyter on AWS without Visual Studio, what is the significance of running `jupyter notebook --generate-config`?",mlops-zoomcamp,47d9cd9aca
What is the command to install wget on a WSL system?,mlops-zoomcamp,23ed7bdf10
Where can I find the download link for Anaconda and how do I use it with wget?,mlops-zoomcamp,23ed7bdf10
"How do I enable Docker Desktop's WSL 2 backend, and where are the instructions located?",mlops-zoomcamp,23ed7bdf10
"After cloning a GitHub repository in WSL, what command is used to set up Jupyter?",mlops-zoomcamp,23ed7bdf10
"If Python version shows as 3.10 after installing Anaconda intended for Python 3.9, what steps should I take to resolve this?",mlops-zoomcamp,23ed7bdf10
How can I add a .gitignore file to my existing Git repository if it was created without one?,mlops-zoomcamp,2383fdd2f6
What specific commands are needed in the terminal to create and edit a .gitignore file for a Python project?,mlops-zoomcamp,2383fdd2f6
Which common Python build artifacts and directories should be listed in the .gitignore file to keep the repository clean?,mlops-zoomcamp,2383fdd2f6
"After adding entries to the .gitignore, what steps must I follow to ensure these settings take effect within my Git workflow?",mlops-zoomcamp,2383fdd2f6
"In the context of Module 1 from the MLOps ZoomCamp course, why is it important to commit changes made to a .gitignore file?",mlops-zoomcamp,2383fdd2f6
How can I prevent certain files or folders from being tracked by Git when pushing my code to a remote repository?,mlops-zoomcamp,bcd4190972
What steps are involved in creating and configuring a `.gitignore` file for a local Git repository?,mlops-zoomcamp,bcd4190972
Which specific patterns should be added to a `.gitignore` file to ignore all Parquet files and everything inside a folder named `data`?,mlops-zoomcamp,bcd4190972
Where can I find more detailed information about additional patterns and options available for the `.gitignore` configuration in Git?,mlops-zoomcamp,bcd4190972
"Can you provide an example of how to set up a `.gitignore` file step-by-step, including saving it with the correct extension?",mlops-zoomcamp,bcd4190972
How can I confirm that my EC2 instance has fully stopped after initiating the stop process?,mlops-zoomcamp,11a7ea6c2c
"Will stopping an EC2 instance eliminate all associated costs, or are there exceptions like storage charges for EBS volumes?",mlops-zoomcamp,11a7ea6c2c
What steps should I follow to set up billing alerts in AWS to monitor potential expenses related to my instances?,mlops-zoomcamp,11a7ea6c2c
Are there any visual indicators within the AWS Management Console that signal when an EC2 instance transition has been completed successfully?,mlops-zoomcamp,11a7ea6c2c
"Does stopping an EC2 instance affect the data stored on its attached EBS volumes, and what are the implications for ongoing costs?",mlops-zoomcamp,11a7ea6c2c
How can I obtain an invitation code to access IBM Cloud features through Coursera for the MLOps ZoomCamp course?,mlops-zoomcamp,1fa4030823
What are the distinct features provided by IBM Cloud compared to AWS in the context of the MLOps ZoomCamp curriculum?,mlops-zoomcamp,1fa4030823
Where can I find a tutorial or guide on using the IBM Cloud Free Feature Code mentioned in the Module 1 Introduction of the MLOps ZoomCamp course?,mlops-zoomcamp,1fa4030823
Is there an exclusive duration for which the IBM Cloud free features are available after registering via the Coursera invitation code in the MLOps ZoomCamp learning path?,mlops-zoomcamp,1fa4030823
"What specific section of the MLOps ZoomCamp course details the process of verifying my account with the IBM Cloud Free Feature Code, and how does this benefit my learning experience?",mlops-zoomcamp,1fa4030823
How much will it cost to run an AWS instance for the duration of the MLOps ZoomCamp course if I stop the instance after each work session?,mlops-zoomcamp,9f6380d76b
What is the method to update my SSH Config file when a new public IP address is assigned each time I restart my AWS instance?,mlops-zoomcamp,9f6380d76b
"Can I receive email notifications from AWS if my monthly expenses exceed a certain threshold, and how do I configure this feature?",mlops-zoomcamp,9f6380d76b
"Using the current pricing rates as of May 20, 2023, what is the estimated monthly cost for a t3a.xlarge instance with 2 hours of daily usage and 30GB EBS storage?",mlops-zoomcamp,9f6380d76b
Where can I find an AWS resource to manually calculate the expected expenses for my specific configuration before starting the course?,mlops-zoomcamp,9f6380d76b
Will I be able to complete all the hands-on exercises using only the AWS free tier resources?,mlops-zoomcamp,ce2a690d31
Are there any specific AWS services covered in this course that are excluded from the free tier offering?,mlops-zoomcamp,ce2a690d31
"If a service like Kinesis is not included in the AWS free tier, how can I still practice it during the course?",mlops-zoomcamp,ce2a690d31
Is LocalStack mentioned as an alternative for testing purposes in the course materials?,mlops-zoomcamp,ce2a690d31
Does the AWS free tier cover all the necessary tools and services needed to fully engage with the MLOps Zoomcamp curriculum?,mlops-zoomcamp,ce2a690d31
Why am I receiving a 'This site can’t be reached' error when attempting to access my AWS EC2 instance via its public IP address in a web browser?,mlops-zoomcamp,5af20a05fe
How do I properly connect to an AWS EC2 instance from a local machine using the provided IP address and SSH key?,mlops-zoomcamp,5af20a05fe
"What is the exact SSH command syntax required to access an EC2 instance with the IP `11.111.11.111` and a private key named `razer.pem`, assuming the username is `user_name`?",mlops-zoomcamp,5af20a05fe
Where should I store the downloaded `.pem` file for secure SSH connections to my AWS EC2 instance?,mlops-zoomcamp,5af20a05fe
Which operating system user name should be used in the SSH command when connecting to an AWS EC2 instance with the specified IP address?,mlops-zoomcamp,5af20a05fe
"What command did I run to connect to my EC2 instance, and why am I getting an 'unprotected private key file' error?",mlops-zoomcamp,e04431f782
How can I fix the unprotected private key file warning when accessing my Amazon EC2 instance via SSH?,mlops-zoomcamp,e04431f782
What specific permissions should I set for the `.ssh/razer.pem` file to resolve the SSH permission error on AWS?,mlops-zoomcamp,e04431f782
Where can I find a detailed guide to troubleshoot and correct the SSH permission issue with a private key file on an EC2 instance?,mlops-zoomcamp,e04431f782
"After adjusting the file permissions, what additional steps or checks should I perform to ensure secure access to my EC2 instance?",mlops-zoomcamp,e04431f782
"Why does my SSH connection to the AWS EC2 instance drop after a few minutes, and is it related to memory limitations?",mlops-zoomcamp,af5f29b64f
How can I prevent SSH disconnections if they occur due to the instance running out of memory?,mlops-zoomcamp,af5f29b64f
What steps should I follow to add a swap file on an Ubuntu-based EC2 instance to mitigate out-of-memory issues?,mlops-zoomcamp,af5f29b64f
Where can I find detailed instructions for configuring `ServerAliveInterval` in my `.ssh/config` file to maintain SSH connections via ping intervals?,mlops-zoomcamp,af5f29b64f
"If the disconnection is due to timeouts, what modifications are necessary in the SSH configuration to ensure persistent connectivity?",mlops-zoomcamp,af5f29b64f
How can I ensure my EC2 instance maintains the same IP address after each restart?,mlops-zoomcamp,cf068009f1
What is the recommended method to automatically update my config file when the IP address changes on an EC2 restart?,mlops-zoomcamp,cf068009f1
Could you provide a step-by-step guide on creating a script to handle dynamic IP updates for an AWS EC2 instance?,mlops-zoomcamp,cf068009f1
Where can I find detailed instructions for writing a script that modifies the SSH configuration upon detecting a new IP address for an EC2 instance?,mlops-zoomcamp,cf068009f1
Is there an existing solution or tutorial that demonstrates how to automate IP address changes in the config file of an EC2 instance without manual intervention?,mlops-zoomcamp,cf068009f1
Why does VS Code crash when I try to connect to a Jupyter notebook?,mlops-zoomcamp,fb9846ce91
What type of EC2 instance should I use to prevent crashes while running Jupyter in Visual Studio Code?,mlops-zoomcamp,fb9846ce91
How can I monitor my EC2 instance's performance to ensure it meets the requirements for running Jupyter with VS Code?,mlops-zoomcamp,fb9846ce91
What minimum compute capabilities are recommended for a stable connection between VS Code and Jupyter?,mlops-zoomcamp,fb9846ce91
Where can I find information about adjusting my AWS EC2 settings to avoid crashes during Jupyter notebook sessions in Visual Studio Code?,mlops-zoomcamp,fb9846ce91
Why does my connection to a GCP VM instance timeout intermittently?,mlops-zoomcamp,c670950570
What happens to the IP address of a GCP VM instance when it is switched off and then back on?,mlops-zoomcamp,c670950570
How can I modify the `ssh_config` file in VS Code when the external IP address changes after restarting a GCP VM instance?,mlops-zoomcamp,c670950570
Which extension in Visual Studio Code facilitates editing the SSH configuration for remote connections to GCP VMs?,mlops-zoomcamp,c670950570
What specific steps must be followed in VS Code with the Remote-SSH extension to update the `HostName` in the SSH configuration file?,mlops-zoomcamp,c670950570
What is the error message indicating when there is a mismatch in the number of features between `X` and the model expecting?,mlops-zoomcamp,e8dbc40d0c
"Why does the `DictVectorizer` create an initial mapping for the features, and how can this cause a dimensionality problem?",mlops-zoomcamp,e8dbc40d0c
How should I transform a validation dataset to ensure that only the features already seen during training are used?,mlops-zoomcamp,e8dbc40d0c
"What is the difference between calling `fit_transform` and `transform` on a `DictVectorizer`, and why is it important for the test set?",mlops-zoomcamp,e8dbc40d0c
"If I encounter a `ValueError` stating that `X` has 526 features but my model expects 525, what steps should I take to resolve this issue?",mlops-zoomcamp,e8dbc40d0c
What specific packages should I install if I encounter missing dependencies while using pandas.read_parquet()?,mlops-zoomcamp,1695e67099
Which package is recommended for Conda users instead of pyarrow when dealing with pandas.read_parquet() issues?,mlops-zoomcamp,1695e67099
How can I resolve the error related to pandas.read_parquet() by installing the necessary dependencies in a Jupyter notebook?,mlops-zoomcamp,1695e67099
What command should I execute in the notebook to install the required `pyarrow` package for handling parquet files?,mlops-zoomcamp,1695e67099
"Is there an alternative method to install dependencies if pip fails, and what would that be in the context of this course?",mlops-zoomcamp,1695e67099
Why was the `squared` parameter removed from the `mean_squared_error` function in scikit-learn?,mlops-zoomcamp,b6197e7348
How can I calculate the Root Mean Squared Error (RMSE) if the `squared` option is no longer available in `mean_squared_error`?,mlops-zoomcamp,b6197e7348
What function should be used to compute RMSE instead of modifying the output of `mean_squared_error`?,mlops-zoomcamp,b6197e7348
In which module of the 'mlops-zoomcamp' course is this change regarding `mean_squared_error` discussed?,mlops-zoomcamp,b6197e7348
Where can I find the dedicated function for computing Root Mean Squared Error in scikit-learn?,mlops-zoomcamp,b6197e7348
How can I ensure my RMSE value falls within the provided options when evaluating on the February dataset?,mlops-zoomcamp,5c4e6ef8ca
What specific filtering technique should I apply to the 'duration' column during evaluation to match the training data's approach?,mlops-zoomcamp,5c4e6ef8ca
"Should I convert data types to strings before using DictVectorizer, and if so, why is this step necessary?",mlops-zoomcamp,5c4e6ef8ca
What additional filtering method can be used alongside outlier removal to handle null values effectively for RMSE calculation?,mlops-zoomcamp,5c4e6ef8ca
How can I properly round my final RMSE value to two decimal places in Python?,mlops-zoomcamp,5c4e6ef8ca
"What is the exact syntax to replace `sns.distplot(df_train[""duration""])` with `sns.histplot` while maintaining a similar visual output?",mlops-zoomcamp,885a92b3ee
Which parameters should be set in `sns.histplot` to replicate the kernel density estimate (KDE) shown by `sns.distplot`?,mlops-zoomcamp,885a92b3ee
How can I adjust the number of bins and transparency (`alpha`) when using `sns.histplot` as a substitute for `sns.distplot`?,mlops-zoomcamp,885a92b3ee
"What keyword arguments (`kde_kws`, `stat`, etc.) are necessary in `sns.histplot` to achieve density scaling similar to `sns.distplot`?",mlops-zoomcamp,885a92b3ee
"In the provided example, what is the purpose of setting `edgecolor` and `cut` within the `kde_kws` dictionary when using `sns.histplot`?",mlops-zoomcamp,885a92b3ee
I encountered a KeyError mentioning 'PULocationID' or 'DOLocationID'. What should I do to resolve it?,mlops-zoomcamp,84805fe2dd
"In the context of the mlops-zoomcamp course, specifically Module 1: Introduction, how can I fix the error related to location IDs?",mlops-zoomcamp,84805fe2dd
What is the correct spelling for the location identifiers in my code to avoid the KeyError?,mlops-zoomcamp,84805fe2dd
Could you clarify the typographical correction needed for 'PULocationID' and 'DOLocationID' in the course material?,mlops-zoomcamp,84805fe2dd
"When working through Module 1 of mlops-zoomcamp, how should I modify the identifiers to prevent encountering a KeyError?",mlops-zoomcamp,84805fe2dd
"I encountered an ImportError stating 'Unable to find a usable engine; tried using: ‘pyarrow’, ‘fastparquet’.' How can I fix this issue?",mlops-zoomcamp,36182df492
What command should I execute to install the necessary package that resolves the engine import error in Module 1 of the mlops-zoomcamp course?,mlops-zoomcamp,36182df492
"After running the installation command for the missing engine, will I be able to proceed with the subsequent exercises in the 'Introduction' section without further errors?",mlops-zoomcamp,36182df492
Is there any additional configuration required after installing ‘pyarrow’ to ensure smooth execution of data processing tasks in the course?,mlops-zoomcamp,36182df492
Can you confirm that deleting the specific pip install command post-successful installation is safe and will not affect other modules or assignments in the mlops-zoomcamp program?,mlops-zoomcamp,36182df492
"What error occurs when trying to read large parquet files, and what does the index out of bounds message signify?",mlops-zoomcamp,ac851e936b
How can I execute my code to avoid the IndexError when reading large parquet files in a Jupyter Notebook?,mlops-zoomcamp,ac851e936b
"Which library is recommended for handling large data files like parquet efficiently, and why?",mlops-zoomcamp,ac851e936b
"What method allows me to read parquet files incrementally without loading the entire file into memory, and where can I find more information on this approach?",mlops-zoomcamp,ac851e936b
Are there any external resources or blog posts that provide a detailed explanation of processing parquet files in chunks using pyarrow?,mlops-zoomcamp,ac851e936b
What should I do if the Jupyter notebook kernel keeps being terminated because of memory limitations during data processing tasks?,mlops-zoomcamp,108295493e
How can I access my datasets stored on Google Drive while working in a Colab notebook for this course assignment?,mlops-zoomcamp,108295493e
Could you provide the exact steps to mount my Google Drive within a Colab environment?,mlops-zoomcamp,108295493e
"After mounting the drive, what is the correct path syntax to read a Parquet file located in the 'Colab Notebooks' folder?",mlops-zoomcamp,108295493e
"Once I have finished working on the assignment in Colab, how do I transfer the completed notebook back to my local machine and place it in the appropriate repository?",mlops-zoomcamp,108295493e
Explain how label encoding differs from one-hot encoding in handling categorical data.,mlops-zoomcamp,575e56b819
What tool or method can be used to apply one-hot encoding in Pandas?,mlops-zoomcamp,575e56b819
In what scenario would label encoding be more appropriate than one-hot encoding?,mlops-zoomcamp,575e56b819
Which Scikit-learn class is specifically designed for performing one-hot encoding?,mlops-zoomcamp,575e56b819
Why might it be necessary to reset a dataset into objects before applying one-hot encoding?,mlops-zoomcamp,575e56b819
Why does the distplot take a long time to compute?,mlops-zoomcamp,2d1c6920b6
What preprocessing step can I apply to speed up the distribution plot?,mlops-zoomcamp,2d1c6920b6
"Before creating a distplot, how should I handle trips with unusually long durations?",mlops-zoomcamp,2d1c6920b6
"In Module 1 of mlops-zoomcamp, what is recommended to optimize plotting performance for trip duration data?",mlops-zoomcamp,2d1c6920b6
Which outlier removal technique is suggested to improve the efficiency of visualizing trip durations?,mlops-zoomcamp,2d1c6920b6
Why did using a fitted `OneHotEncoder` result in a higher RMSE on the test set compared to `DictVectorizer`?,mlops-zoomcamp,886fddb311
What specific difference between `OneHotEncoder` and `DictVectorizer` could cause discrepancies when handling categorical features from training to validation sets?,mlops-zoomcamp,886fddb311
"How should unknown categories be treated by both `OneHotEncoder` and `DictVectorizer` during feature encoding, and why might this lead to different RMSE values?",mlops-zoomcamp,886fddb311
"In the context of encoding categorical variables without sequences of strings in each row, what behaviors are expected from `OneHotEncoder` and `DictVectorizer` post-fitting on the training set?",mlops-zoomcamp,886fddb311
What potential issue could arise when applying a `OneHotEncoder` fitted on the training data to the validation data that would affect the model's RMSE performance?,mlops-zoomcamp,886fddb311
What is the difference in behavior between `pd.get_dummies` and One-Hot Encoding regarding column order for train and validation datasets?,mlops-zoomcamp,52d606a66e
"How does `pd.get_dummies` handle missing data compared to One-Hot Encoding, and why might this cause issues across different dataset splits?",mlops-zoomcamp,52d606a66e
"When using `DictVectorizer`, what happens if there are missing values in the training set, and how are new categorical values treated during validation?",mlops-zoomcamp,52d606a66e
"Which external resources provide more detailed explanations on choosing between one-hot encoding, label encoding, and `DictVectorizer` for categorical data preprocessing?",mlops-zoomcamp,52d606a66e
"Can you summarize the key distinctions among `pd.get_dummies`, One-Hot Encoding, and `DictVectorizer` in terms of handling missing categories and maintaining consistent feature sets across training and validation phases?",mlops-zoomcamp,52d606a66e
What are the primary advantages of using DictVectorizer over OneHotEncoder for encoding features from dictionary data?,mlops-zoomcamp,e107978d25
How does DictVectorizer integrate seamlessly into machine learning pipelines without requiring extra preprocessing steps?,mlops-zoomcamp,e107978d25
In what specific scenarios would you prefer to use OneHotEncoder instead of DictVectorizer during feature engineering?,mlops-zoomcamp,e107978d25
"Can DictVectorizer handle both categorical and numerical features simultaneously, and if so, how does it represent these in the output sparse matrix?",mlops-zoomcamp,e107978d25
"What potential issues might arise when using OneHotEncoder with unknown categories, and why might these concerns influence the choice between DictVectorizer and OneHotEncoder?",mlops-zoomcamp,e107978d25
How can I verify that the outliers have been successfully removed from my dataset?,mlops-zoomcamp,e8bd670973
What pandas function is recommended to generate a summary of data distribution including statistics after clipping outliers?,mlops-zoomcamp,e8bd670973
Could you provide an example command to check the minimum and maximum values of a column named 'duration' in a DataFrame after outlier removal?,mlops-zoomcamp,e8bd670973
"In the context of checking for outlier removal, what specific DataFrame attribute should I inspect post-clipping operation?",mlops-zoomcamp,e8bd670973
"After performing outlier clipping on a dataset with a column called 'duration', which method would confirm whether the outliers were effectively limited to acceptable bounds?",mlops-zoomcamp,e8bd670973
How should I handle NaN values in `PUlocationID` and `DOlocationID` when performing one-hot encoding with `pd.get_dummies`?,mlops-zoomcamp,63fb307920
What data type transformation is required for `PUlocationID` and `DOlocationID` to enable effective one-hot encoding using `DictVectorizer`?,mlops-zoomcamp,63fb307920
"Does the specific string representation used for NaN values (e.g., ""-1"" vs. ""nan"") affect the RMSE when applying `DictVectorizer` for one-hot encoding?",mlops-zoomcamp,63fb307920
Are there alternative string representations for NaN values in `PUlocationID` and `DOlocationID` that would yield similar results with `DictVectorizer`?,mlops-zoomcamp,63fb307920
What is the impact of converting numeric NaN values to strings on the subsequent one-hot encoding process using `pd.get_dummies`?,mlops-zoomcamp,63fb307920
Why is my LinearRegression model's RMSE slightly different from the expected value even though the inputs are identical?,mlops-zoomcamp,663dda52c8
What could cause a deterministic model like LinearRegression to produce varying results across runs?,mlops-zoomcamp,663dda52c8
How can I ensure that outliers in my dataset do not affect the RMSE of my LinearRegression model inconsistently between training and validation sets?,mlops-zoomcamp,663dda52c8
"What steps should I take to verify that one-hot encoding is correctly applied to categorical features, and what might happen if it isn't done properly?",mlops-zoomcamp,663dda52c8
"If I notice only two features after one-hot encoding instead of the expected number, what issue might this indicate regarding my preprocessing pipeline?",mlops-zoomcamp,663dda52c8
Why is my model producing an extremely low RMSE score of approximately 4.3451e-6?,mlops-zoomcamp,148d5d0ed7
What steps should I take to diagnose a situation where the RMSE appears artificially low?,mlops-zoomcamp,148d5d0ed7
How can including the target variable inadvertently in the model fitting process lead to misleadingly low RMSE values?,mlops-zoomcamp,148d5d0ed7
"What precautions should be taken during data preprocessing to prevent leakage from the target variable into the training features, especially `X_train` and `y_train`?",mlops-zoomcamp,148d5d0ed7
"After verifying that there is no inclusion of the target variable in the feature set, what other adjustments might still yield an unexpectedly low RMSE?",mlops-zoomcamp,148d5d0ed7
How can I activate code auto-completion functionality within Jupyter Notebook when the Tab key does not respond?,mlops-zoomcamp,8f917f3f3e
What specific package should be installed via pip to facilitate auto-completion in a Jupyter environment?,mlops-zoomcamp,8f917f3f3e
What is the exact command required in a Jupyter cell to upgrade the Jedi library for enhanced auto-completion features?,mlops-zoomcamp,8f917f3f3e
Which version of the Jedi library must be installed or upgraded to ensure proper Tab-based code completion works in Jupyter Notebook?,mlops-zoomcamp,8f917f3f3e
"In the context of enabling auto-completion for Python code in Jupyter, what prerequisite software package installation is necessary?",mlops-zoomcamp,8f917f3f3e
Why am I encountering a '403 Forbidden' error when attempting to download the NY Taxis datasets using `wget`?,mlops-zoomcamp,1913720953
What is the reason behind the '403 Forbidden' error when downloading files from cloudfront.net links provided in the course materials?,mlops-zoomcamp,1913720953
How can I resolve the '403 Forbidden' issue while downloading the green_tripdata_2021-01.parquet file for the NYC trip records dataset?,mlops-zoomcamp,1913720953
"Is there an updated method or URL to download the NY Taxis datasets directly, given that previous instructions may no longer be valid?",mlops-zoomcamp,1913720953
What command should I use in the terminal to successfully download the green_tripdata_2021-01.parquet file from the official NYC trip record page?,mlops-zoomcamp,1913720953
How can I configure PyCharm to recognize a Python interpreter located in a Conda environment on a remote server?,mlops-zoomcamp,d99433c04b
What command do I need to run on the remote server to ensure that the Conda environment's Python path is accessible from PyCharm?,mlops-zoomcamp,d99433c04b
"After activating my desired Conda environment, what should I type in the terminal to find the exact path to the Python executable?",mlops-zoomcamp,d99433c04b
"In PyCharm, which menu option allows me to specify a system interpreter using a custom path obtained from a remote server?",mlops-zoomcamp,d99433c04b
What are the sequential steps to add a new interpreter in PyCharm that points to a Python binary located within a Conda environment on a remote machine?,mlops-zoomcamp,d99433c04b
"I encountered a memory issue while using DictVectorizer in scikit-learn to prepare data for linear regression. The output seemed to consume excessive memory, leading to failure on my machine with 16 GB of RAM. What can I do to mitigate this problem?",mlops-zoomcamp,afdcab5249
"In the scikit-learn documentation for DictVectorizer, it mentions setting the `sparse` parameter to `False`. However, I noticed that this causes high memory consumption during model fitting. Is there a recommended way to handle large datasets without running out of memory?",mlops-zoomcamp,afdcab5249
"During my course on MLOps ZoomCamp in Module 1: Introduction, the FAQ regarding DictVectorizer suggests modifying a specific parameter to reduce memory usage. What is this parameter and how does it affect memory efficiency when transforming feature dictionaries into sparse matrices?",mlops-zoomcamp,afdcab5249
"While following an example from the scikit-learn website for using DictVectorizer, I observed that setting `sparse=False` led to significant memory overhead. Could you explain why keeping the default `sparse=True` or explicitly setting it to `True` helps in reducing memory consumption?",mlops-zoomcamp,afdcab5249
I am working on a machine learning project with limited RAM (16 GB) and need to preprocess features stored as dictionaries using DictVectorizer before fitting a linear regression model. What adjustment should I make to the DictVectorizer settings to prevent out-of-memory errors?,mlops-zoomcamp,afdcab5249
How can I ensure that the Anaconda environment is activated automatically each time I open a new terminal session?,mlops-zoomcamp,4aa018f478
What steps should I follow to add Anaconda startup commands to my `.bashrc` file manually if `conda init bash` does not work?,mlops-zoomcamp,4aa018f478
"After running `./conda init bash`, what additional command is necessary to apply the changes to the current shell session?",mlops-zoomcamp,4aa018f478
"If I encounter an error stating that the `conda` script is not found after initializing, what could be the reason and how can I resolve it?",mlops-zoomcamp,4aa018f478
What is the purpose of sourcing the `.bashrc` file after modifying it with Anaconda initialization commands?,mlops-zoomcamp,4aa018f478
Why do the feature sizes differ between the training and validation sets in Homework 1?,mlops-zoomcamp,3f9286329a
What method should I use with a dictionary vectorizer to avoid inconsistent feature sizes?,mlops-zoomcamp,3f9286329a
How can using the wrong method with a dictionary vectorizer lead to different feature dimensions for training and validation datasets?,mlops-zoomcamp,3f9286329a
Is there a specific step in the preprocessing pipeline that needs to be modified to ensure consistent feature sizes?,mlops-zoomcamp,3f9286329a
What is the recommended approach when applying a pre-created dictionary vectorizer to new data sets?,mlops-zoomcamp,3f9286329a
What steps should I follow if I receive a 'Permission denied (publickey)' error after deleting my public key on an AWS instance?,mlops-zoomcamp,e00d5b3f65
How can I regain access to my EC2 Linux instance when encountering permission issues related to the public key?,mlops-zoomcamp,e00d5b3f65
Where can I find detailed guidance for resolving 'Permission denied (publickey)' errors in Amazon Web Services?,mlops-zoomcamp,e00d5b3f65
What command do I use to regenerate or retrieve my old SSH public key after it has been removed from an AWS key pair?,mlops-zoomcamp,e00d5b3f65
Which AWS documentation section provides instructions on retrieving a public key for an existing EC2 instance?,mlops-zoomcamp,e00d5b3f65
What is the primary cause of the absurdly high RMSE on the February validation dataset?,mlops-zoomcamp,3b76daefb2
Why does removing the conversion of the sparse matrix result from `DictVectorizer` to an ndarray resolve the issue?,mlops-zoomcamp,3b76daefb2
How should outliers be handled consistently across both the training and validation datasets?,mlops-zoomcamp,3b76daefb2
What steps should be taken if the RMSE remains incorrect after ensuring the sparse matrix is not converted to an ndarray?,mlops-zoomcamp,3b76daefb2
Can you explain the importance of maintaining consistency in preprocessing between the train and validation datasets during model evaluation?,mlops-zoomcamp,3b76daefb2
What should I do if I see an error when trying to import DictVectorizer from sklearn.feature_extraction?,mlops-zoomcamp,c29959db3a
How can I fix the ImportError for sklearn in my Python environment?,mlops-zoomcamp,c29959db3a
Could you provide the exact pip command to install scikit-learn and resolve the import issue?,mlops-zoomcamp,c29959db3a
In which module of the mlops-zoomcamp course is the solution for importing sklearn discussed?,mlops-zoomcamp,c29959db3a
What is the recommended action if the sklearn package cannot be imported during execution?,mlops-zoomcamp,c29959db3a
How can I install Docker in a Windows Subsystem for Linux (WSL2) environment without using Docker Desktop?,mlops-zoomcamp,1bc7beaf5d
What specific commands are required to set up Docker on WSL2 after installing it manually?,mlops-zoomcamp,1bc7beaf5d
"After running the installation script for Docker, why must I add my user to the Docker group and what command is used for this step?",mlops-zoomcamp,1bc7beaf5d
"Once Docker is installed in WSL2, how can I verify that both Docker and Docker Compose are functioning correctly on Windows?",mlops-zoomcamp,1bc7beaf5d
"If Docker does not start automatically after a system restart within WSL2, what additional configuration should be added to my shell profile file?",mlops-zoomcamp,1bc7beaf5d
What does the error message `<2855951x515 sparse matrix of type '<class 'numpy.float64'>' with 0 stored elements in Compressed Sparse Row format>` indicate?,mlops-zoomcamp,8894361030
"Why might a dictionary vectorizer or categorical feature transformation fail, resulting in a sparse matrix with zero elements?",mlops-zoomcamp,8894361030
How can I convert floating-point numerical data into categorical data suitable for vectorization to avoid the aforementioned error?,mlops-zoomcamp,8894361030
What specific steps should I take to ensure my dataframe columns intended for vectorization are properly formatted as integers before applying transformations?,mlops-zoomcamp,8894361030
"If I encounter the issue described, which code snippet provided in the FAQ record will effectively resolve it by converting relevant dataframe columns?",mlops-zoomcamp,8894361030
How can I set up a development environment using a Docker image for Linux?,mlops-zoomcamp,866d3bbbed
What is the purpose of the `Dockerfile` provided in the FAQ record?,mlops-zoomcamp,866d3bbbed
Which command should I use to build the Docker image named 'mlops:v0'?,mlops-zoomcamp,866d3bbbed
"After building the image, what steps are required to run it and map host directory `app` to container `/app`?",mlops-zoomcamp,866d3bbbed
Where will files created inside the running Jupyter Notebook environment be stored?,mlops-zoomcamp,866d3bbbed
How can I set up a Python development environment using `uv` as the package manager for this course?,mlops-zoomcamp,fd2cad423e
"What steps are required to install a specific Python version (e.g., 3.9.7) with `uv`?",mlops-zoomcamp,fd2cad423e
"Once the virtual environment is activated, how do I verify that the correct Python version is being used?",mlops-zoomcamp,fd2cad423e
"Which commands should I run to install the necessary packages like pandas, scikit-learn, notebook, seaborn, and pyarrow using `uv`?",mlops-zoomcamp,fd2cad423e
What is the cleanup process after completing work in the `uv` managed virtual environment?,mlops-zoomcamp,fd2cad423e
Why does passing `squared=False` to `mean_squared_error()` raise a `TypeError` in scikit-learn versions prior to 0.22?,mlops-zoomcamp,f346d2cc80
What alternative method can I use to calculate the root mean squared error (RMSE) in older scikit-learn implementations where the `squared` parameter is not recognized?,mlops-zoomcamp,f346d2cc80
How have the API changes in scikit-learn affected the computation of RMSE since version 1.0?,mlops-zoomcamp,f346d2cc80
"Could you provide a code example for computing RMSE directly without relying on the deprecated `squared` argument, compatible with scikit-learn 1.0 and later?",mlops-zoomcamp,f346d2cc80
What is the recommended function to use from scikit-learn starting from version 1.0 to compute root mean squared error efficiently?,mlops-zoomcamp,f346d2cc80
"Which Seaborn function is generally faster for visualizing outliers in large datasets, `seaborn.boxplot` or `seaborn.histplot`?",mlops-zoomcamp,0d2700ae06
Why does `seaborn.boxplot` perform better than `seaborn.histplot` when dealing with large datasets?,mlops-zoomcamp,0d2700ae06
Can you explain the computational reason behind the speed difference between `seaborn.boxplot` and `seaborn.histplot` for large datasets?,mlops-zoomcamp,0d2700ae06
"In scenarios where speed is crucial, which visualization method should be preferred for outlier detection in extensive data collections using Seaborn?",mlops-zoomcamp,0d2700ae06
"What summary statistics does `seaborn.boxplot` utilize to represent a dataset, and how does this contribute to its efficiency compared to `seaborn.histplot`?",mlops-zoomcamp,0d2700ae06
How can I resolve the `AttributeError: module 'pyarrow' has no attribute '__version__'` when reading Parquet files with Pandas?,mlops-zoomcamp,a55ee615db
What specific version of NumPy should I use to avoid compatibility issues with a module compiled using older NumPy versions while working on the `mlops-zoomcamp` course in Module 1: Introduction?,mlops-zoomcamp,a55ee615db
Could you guide me through the steps required to downgrade my NumPy installation to resolve conflicts when executing code that relies on a NumPy 1.x compiled module?,mlops-zoomcamp,a55ee615db
"Why is it necessary to uninstall and remove existing NumPy installations via pip, conda commands, and clean operations before reinstalling an older version in this context?",mlops-zoomcamp,a55ee615db
"What potential risks are associated with running a module compiled using an older version of NumPy (e.g., NumPy 1.x) within the newer NumPy 2.2.4 environment during the `mlops-zoomcamp` course?",mlops-zoomcamp,a55ee615db
Why does the Jupyter kernel sometimes die during model training in GitHub Codespaces?,mlops-zoomcamp,92ff36d48e
How can I prevent the kernel from dying while executing a machine learning experiment in Jupyter Notebook on GitHub Codespaces?,mlops-zoomcamp,92ff36d48e
What steps should I take if I encounter a kernel death issue when running my model training script in GitHub Codespaces?,mlops-zoomcamp,92ff36d48e
Is there a recommended configuration change to avoid kernel termination during intensive computations in Codespaces?,mlops-zoomcamp,92ff36d48e
Are there any costs associated with upgrading the machine type to resolve kernel death problems in GitHub Codespaces?,mlops-zoomcamp,92ff36d48e
Is it possible to load data from a URL without writing it to disk first?,mlops-zoomcamp,d4b4db8e70
Can Pandas directly read data files stored on remote servers?,mlops-zoomcamp,d4b4db8e70
What is the recommended method for accessing datasets hosted online during an MLOps project?,mlops-zoomcamp,d4b4db8e70
Does the course provide examples of reading data directly from URLs using Python libraries?,mlops-zoomcamp,d4b4db8e70
Are there performance considerations when fetching and processing large datasets over a network instead of from local storage?,mlops-zoomcamp,d4b4db8e70
What is the reason for the 'Access Denied' error when trying to access Localhost on port 5000?,mlops-zoomcamp,e75e477ce2
How can I resolve the authorization issue preventing me from viewing the page at 127.0.0.1:5000?,mlops-zoomcamp,e75e477ce2
"If I am using Google Chrome, what specific steps should I follow to fix the socket pool problem related to this access denial?",mlops-zoomcamp,e75e477ce2
Where can I find the visual guide (image) referenced in the FAQ for troubleshooting the Localhost access issue?,mlops-zoomcamp,e75e477ce2
"In which module of the 'mlops-zoomcamp' course does this FAQ entry belong, and how is it relevant to experiment tracking?",mlops-zoomcamp,e75e477ce2
How can I identify the process that is currently using port 5000 on my machine?,mlops-zoomcamp,186389973c
What command should I run in Terminal to terminate the process occupying port 5000?,mlops-zoomcamp,186389973c
"Is there a universal Unix command to kill all processes listening on a specific TCP port, such as 5000?",mlops-zoomcamp,186389973c
,mlops-zoomcamp,186389973c
"If the port 5000 is already occupied, how can I configure MLflow UI to start on an alternative port like 5001?",mlops-zoomcamp,186389973c
Where can I find additional resources or documentation for resolving conflicts with port usage in MLflow?,mlops-zoomcamp,186389973c
What is causing the `ValueError: could not convert string to float` during execution of `register_model.py`?,mlops-zoomcamp,3a2a22f115
How should the `objective` function in `hpo.py` be structured to avoid parameter logging issues when performing hyper-parameter tuning?,mlops-zoomcamp,3a2a22f115
Where must the `with mlflow.start_run():` statement be placed relative to the parameter logging calls within the objective function?,mlops-zoomcamp,3a2a22f115
What specific changes are required in the `search_space` dictionary setup to ensure parameters are logged correctly by `register_model.py`?,mlops-zoomcamp,3a2a22f115
Can you provide a corrected version of the `objective` function that includes the necessary `with` and `log_params` statements for proper parameter tracking during hyper-parameter optimization?,mlops-zoomcamp,3a2a22f115
Why is my experiment not appearing in the MLflow user interface?,mlops-zoomcamp,42e6f685af
What steps should I take to ensure the MLflow UI displays experiments from my current code directory?,mlops-zoomcamp,42e6f685af
How do I correctly specify the `tracking_uri` when the `mlflow.db` file is located in a subdirectory or above the present working directory?,mlops-zoomcamp,42e6f685af
Can you provide an example of launching the MLflow UI using Python's subprocess module while setting the appropriate tracking URI?,mlops-zoomcamp,42e6f685af
What is the recommended method to initialize MLflow with the same tracking URI used for starting the MLflow UI from within a Jupyter notebook?,mlops-zoomcamp,42e6f685af
"Why are my custom metrics, such as `rmse`, not appearing in the MLflow UI after running experiments?",mlops-zoomcamp,ac12e26845
What specific step should I take to ensure that a handmade metric like `rmse` is logged and visible in MLflow?,mlops-zoomcamp,ac12e26845
"In the context of Module 2 on Experiment Tracking for the MLOps ZoomCamp course, how do I correctly log a custom metric using MLflow?",mlops-zoomcamp,ac12e26845
"If metrics are not showing up in the MLflow UI despite successful experiment runs, what function should be used to log them explicitly?",mlops-zoomcamp,ac12e26845
"According to the solution provided for visible metrics in the MLflow UI, which parameters must be specified when logging a metric like `rmse`?",mlops-zoomcamp,ac12e26845
Why am I unable to create a new experiment despite following the video instructions?,mlops-zoomcamp,aed2f8ddb9
What could be causing the inconsistency between the Jupyter notebook indicating successful experiment creation and my inability to see it in the interface?,mlops-zoomcamp,aed2f8ddb9
"How does the recommended setting of the tracking URI differ from what was shown in the tutorial, and why is this change necessary?",mlops-zoomcamp,aed2f8ddb9
Could differences in the 'mlflow' package versions between the video and our current setup be responsible for the issue I'm encountering?,mlops-zoomcamp,aed2f8ddb9
"Where can I find the updated documentation that specifies using `mlflow.set_tracking_uri(uri=""http://127.0.0.1:5000"")` to resolve experiment creation problems?",mlops-zoomcamp,aed2f8ddb9
What is the specific error message encountered when trying to install MLFlow?,mlops-zoomcamp,c47c3317f6
Which package causes the hash mismatch during the installation of MLFlow?,mlops-zoomcamp,c47c3317f6
What are the expected and obtained SHA256 hashes for the Numpy package?,mlops-zoomcamp,c47c3317f6
How can I resolve the hash mismatch issue by installing the problematic package separately?,mlops-zoomcamp,c47c3317f6
"After fixing the Numpy hash mismatch, what command should be used to reinstall MLFlow?",mlops-zoomcamp,c47c3317f6
What specific steps are required to ensure that an experiment is completely removed from the MLFlow database after deleting it via the UI?,mlops-zoomcamp,2dab05f2be
Which package must be installed to execute SQL queries directly within a Jupyter Notebook for modifying the MLFlow database?,mlops-zoomcamp,2dab05f2be
How do I load the SQL magic extension in a Jupyter Notebook environment?,mlops-zoomcamp,2dab05f2be
What command should I use to connect to an SQLite database named `nameofdatabase.db` from within a Python cell in a Jupyter Notebook?,mlops-zoomcamp,2dab05f2be
Where can I find a detailed guide or example for writing the SQL script needed to permanently delete an experiment from the MLFlow database?,mlops-zoomcamp,2dab05f2be
What is the recommended approach to keep my forked repository synchronized with the original public repository without losing my own commits?,mlops-zoomcamp,d1b7664c6c
Which GitHub interface option should I select to pull in the latest changes from the upstream (original) repository while preserving my local modifications?,mlops-zoomcamp,d1b7664c6c
"In the provided Git configuration, what does the '[remote ""origin""]' section specify about the connection to the original repository?",mlops-zoomcamp,d1b7664c6c
"After making edits and committing them to my own repo, how can I ensure that subsequent updates from the public repo are integrated without overwriting my existing work?",mlops-zoomcamp,d1b7664c6c
What specific steps should I follow on GitHub to fetch recent commits from the public repository after cloning it and implementing my changes locally?,mlops-zoomcamp,d1b7664c6c
Why am I encountering an error stating that the image size of 460x93139 pixels exceeds the maximum allowed dimension of 2^16?,mlops-zoomcamp,8a8e4f34a7
What specific version of XGBoost is responsible for causing this issue with `mlflow.xgboost.autolog()`?,mlops-zoomcamp,8a8e4f34a7
How can I downgrade the XGBoost library to resolve the problem mentioned in the error message?,mlops-zoomcamp,8a8e4f34a7
What command should I execute in my terminal or command prompt to install XGBoost version 1.6.0?,mlops-zoomcamp,8a8e4f34a7
"If I choose not to manually specify the XGBoost version, how should I modify my requirements file to prevent this error?",mlops-zoomcamp,8a8e4f34a7
How can I register the best model in Mlflow after the `list_experiments` method was deprecated?,mlops-zoomcamp,690948b58d
What is the correct syntax to register a model using an MLflow client when `list_experiments` is no longer available?,mlops-zoomcamp,690948b58d
Where can I find updated documentation for registering models with MLflow post deprecation of `list_experiments`?,mlops-zoomcamp,690948b58d
Which function should I use instead of `list_experiments` to manage experiments in MLflow version 1.29 and later?,mlops-zoomcamp,690948b58d
What changes were made to the MLflow API that affect how I list and register experiments in recent versions?,mlops-zoomcamp,690948b58d
Why does the MLflow autologger not capture metrics and parameters from my PyTorch model training?,mlops-zoomcamp,37e1b6b9bc
What is the correct order to place `mlflow.autolog()` and `with mlflow.start_run()` in a script?,mlops-zoomcamp,37e1b6b9bc
"Which additional dependencies are required for `mlflow.autolog()` to function properly, besides the core MLflow package?",mlops-zoomcamp,37e1b6b9bc
How can I identify if missing dependencies are causing the MLflow autologger to fail silently during training?,mlops-zoomcamp,37e1b6b9bc
"In the context of experiment tracking with MLflow, what specific error message would indicate that `mlflow.autolog()` is incorrectly positioned relative to `with mlflow.start_run()`?",mlops-zoomcamp,37e1b6b9bc
What should I do if the MLflow UI at [127.0.0.1:5000](http://127.0.0.1:5000) does not load when running on a remote virtual machine?,mlops-zoomcamp,944a62abe6
How can I configure port forwarding for MLflow's default URL (127.0.0.1:5000) when accessing it from VS Code remotely?,mlops-zoomcamp,944a62abe6
"Why might the MLflow dashboard appear blank at 127.0.0.1:5000, and what alternative URL should I try instead?",mlops-zoomcamp,944a62abe6
"In the context of Module 2 on Experiment Tracking for the MLOps Zoomcamp course, what specific steps are required to ensure MLflow's interface is accessible when running locally?",mlops-zoomcamp,944a62abe6
"When troubleshooting an inaccessible MLflow UI, which connection method (remote VM or local) dictates whether port forwarding or a different URL path should be used?",mlops-zoomcamp,944a62abe6
Why did I receive a warning when using `mlflow.xgboost.autolog()` in Module 2 of the MLOps ZoomCamp course?,mlops-zoomcamp,7032c161df
How can I confirm that my model was still automatically tracked by MLflow despite seeing the warning message during training?,mlops-zoomcamp,7032c161df
What steps should I take to verify that no 'tag' filters are affecting the visibility of my tracked model in the MLflow UI?,mlops-zoomcamp,7032c161df
Is the warning message generated by `mlflow.xgboost.autolog()` indicative of a critical error or merely an informational notice?,mlops-zoomcamp,7032c161df
"In the context of Experiment Tracking, what does it mean when the MLflow UI shows that a model has been automatically logged despite the warning during execution?",mlops-zoomcamp,7032c161df
How can I resolve the MlflowException stating 'Cannot set a deleted experiment 'random-forest-hyperopt' as the active experiment?',mlops-zoomcamp,fb9f6e511b
"What are the steps to permanently delete an experiment in MLflow, as referenced in the Stack Overflow link?",mlops-zoomcamp,fb9f6e511b
"If I have already deleted an experiment via the MLflow UI, which command should I run in the CLI to resolve the issue with the backend store URI?",mlops-zoomcamp,fb9f6e511b
What should I do if running `mlflow gc --backend-store-uri sqlite:///backend.db` does not work and my `.trash` folder is empty?,mlops-zoomcamp,fb9f6e511b
Are there any precautions or checks I need to perform before permanently deleting an experiment to avoid data loss?,mlops-zoomcamp,fb9f6e511b
What causes the `MlflowException` when attempting to set a deleted experiment with a Postgres backend?,mlops-zoomcamp,c34fc43e93
How can I permanently delete a specific experiment without removing the entire PostgreSQL backend?,mlops-zoomcamp,c34fc43e93
"Where should I place my environment variables (DB_NAME, DB_PASSWORD, etc.) for the deletion script?",mlops-zoomcamp,c34fc43e93
Which database tables are targeted by the provided Python script to clean up a deleted experiment?,mlops-zoomcamp,c34fc43e93
Is there a step-by-step guide included for executing the deletion script in a local or remote Postgres setup?,mlops-zoomcamp,c34fc43e93
What error occurs when there isn't enough disk space for installation?,mlops-zoomcamp,160cd7cf05
How can I increase the EBS volume size on AWS to resolve this issue?,mlops-zoomcamp,160cd7cf05
What steps are required to add an external disk to my AWS instance for conda installations?,mlops-zoomcamp,160cd7cf05
How do I add and mount a persistent disk to a Google Cloud VM?,mlops-zoomcamp,160cd7cf05
"After adding an external disk, how should I configure Miniconda installation to use it instead of the default disk?",mlops-zoomcamp,160cd7cf05
What command should I use to configure MLflow server to listen on all network interfaces and enable cross-origin requests?,mlops-zoomcamp,3b5e939644
How do I specify the SQLite database URI for the backend store when launching the MLflow tracking server?,mlops-zoomcamp,3b5e939644
Which flags are necessary to disable security middleware and allow any domain to access the MLflow UI?,mlops-zoomcamp,3b5e939644
What port should be set for the MLflow server if I intend to run it on a remote server accessible from another domain?,mlops-zoomcamp,3b5e939644
How can I prevent the 'Invalid Host header' error when accessing the MLflow tracking UI from a different domain during development?,mlops-zoomcamp,3b5e939644
Why did I encounter a parameters mismatch error in Homework Q3?,mlops-zoomcamp,cdd6cd3f29
What specific parameter caused the issue in the RandomForestRegressor of sklearn?,mlops-zoomcamp,cdd6cd3f29
Which version of sklearn introduced the deprecation of `min_impurity_split` for `RandomForestRegressor`?,mlops-zoomcamp,cdd6cd3f29
How can upgrading sklearn resolve the parameters mismatch problem in my homework?,mlops-zoomcamp,cdd6cd3f29
What steps should I take to ensure compatibility with the latest sklearn version for future assignments?,mlops-zoomcamp,cdd6cd3f29
.,mlops-zoomcamp,31a648c28a
What command should I use to downgrade the protobuf module version to resolve the mlflow error?,mlops-zoomcamp,31a648c28a
"After downgrading protobuf, what is the next step to successfully run the mlflow command in the terminal?",mlops-zoomcamp,31a648c28a
Why does installing mlflow from a fresh environment with `requirements.txt` cause the protobuf compatibility issue?,mlops-zoomcamp,31a648c28a
Which specific protobuf version (3.20.x or higher) must be installed to ensure smooth operation of mlflow without errors?,mlops-zoomcamp,31a648c28a
How can I verify that the protobuf module has been successfully downgraded to the required version before running mlflow?,mlops-zoomcamp,31a648c28a
Why does my SSH connection to an AWS EC2 instance from WSL get terminated after a brief period of inactivity?,mlops-zoomcamp,3fd406c55c
What specific configuration changes should I apply in the `.ssh` directory of my WSL environment to prevent SSH session timeouts on AWS EC2?,mlops-zoomcamp,3fd406c55c
Could you provide a sample `config` file entry demonstrating how to set `ServerAliveInterval` and `ServerAliveCountMax` for maintaining an active SSH connection to an EC2 instance?,mlops-zoomcamp,3fd406c55c
"What is the purpose of adding `StrictHostKeyChecking no` in the SSH configuration, and does it relate to maintaining session continuity?",mlops-zoomcamp,3fd406c55c
"After implementing the suggested changes, what might be the expected behavior of my SSH connection regarding periods of inactivity?",mlops-zoomcamp,3fd406c55c
Where should I execute the `mlflow ui` command to correctly set up Artifacts folders?,mlops-zoomcamp,6686406223
What happens if I run `mlflow ui` from an incorrect directory regarding Artifact storage?,mlops-zoomcamp,6686406223
Is there a specific directory requirement for using `mlflow server` to manage Artifacts effectively?,mlops-zoomcamp,6686406223
How can I verify that my current working directory is appropriate before launching the MLflow UI?,mlops-zoomcamp,6686406223
What steps should I follow to ensure proper setup of Artifacts folders when starting MLflow?,mlops-zoomcamp,6686406223
How can I troubleshoot issues when setting up MLflow for experiment tracking on Google Cloud Platform?,mlops-zoomcamp,76d72f3776
What are the recommended resources or guides for configuring MLflow with GCP environments?,mlops-zoomcamp,76d72f3776
Where can I find a detailed walkthrough for implementing MLflow as an experiment tracker specifically in a GCP setup?,mlops-zoomcamp,76d72f3776
Are there any alternative tools or methods to complement MLflow when orchestrating machine learning workflows on GCP?,mlops-zoomcamp,76d72f3776
Could you provide additional references that demonstrate the integration of ZenML with MLflow for workflow orchestration on cloud platforms like GCP?,mlops-zoomcamp,76d72f3776
How can I resolve the MLflow autolog warning related to Setuptools replacing Distutils?,mlops-zoomcamp,4cff59a281
What specific version of setuptools should I downgrade to in order to fix the warning during MLflow autologging?,mlops-zoomcamp,4cff59a281
"In the context of Module 2 on Experiment Tracking for the MLOps ZoomCamp course, what action is recommended when encountering the Setuptools Replacing Distutils issue with MLflow autolog?",mlops-zoomcamp,4cff59a281
What exact steps are provided to address the warning message that appears while using MLflow's autolog feature in the listed module and course?,mlops-zoomcamp,4cff59a281
"Which version of setuptools was originally causing the compatibility problem with MLflow's autolog, and which lower version resolves it according to the FAQ record?",mlops-zoomcamp,4cff59a281
How can I enable sorting of runs in the MLflow user interface?,mlops-zoomcamp,85d2a669c6
What steps should I follow to view runs in a sortable table format within MLflow?,mlops-zoomcamp,85d2a669c6
"Why am I unable to sort experiment runs when using MLflow, and what configuration is necessary?",mlops-zoomcamp,85d2a669c6
In which mode must I operate within the MLflow UI to access sorting functionality for runs?,mlops-zoomcamp,85d2a669c6
Could you provide guidance on ensuring that the MLflow interface supports ordered viewing of experiment results?,mlops-zoomcamp,85d2a669c6
"When launching the MLflow UI on a remote server, why does the exception 'TypeError: send_file() unexpected keyword 'max_age'' occur and what is the page's loading status?",mlops-zoomcamp,ad15f21a9f
"What specific version of Flask causes the TypeError during MLflow UI launch, and how can it be avoided?",mlops-zoomcamp,ad15f21a9f
"If I encounter the MLflow UI launch error related to Flask, should I uninstall and then reinstall Flask on my remote server?",mlops-zoomcamp,ad15f21a9f
"Does cloning the base conda environment from a server that has an older version of Flask lead to the MLflow UI launch exception, and what is the recommended fix?",mlops-zoomcamp,ad15f21a9f
"In the context of Module 2: Experiment Tracking for the mlops-zoomcamp course, how does updating Flask resolve the TypeError encountered during MLflow UI initialization?",mlops-zoomcamp,ad15f21a9f
Why am I encountering a `FileNotFoundError` when attempting to start the MLflow UI after installing it via pip on a Windows machine?,mlops-zoomcamp,f7cd7d85ab
What specific PATH modification is required to resolve the 'The system cannot find the file specified' error for `mlflow ui` on Windows?,mlops-zoomcamp,f7cd7d85ab
Could you provide the exact directory that needs to be appended to the system's PATH variable to enable `mlflow ui` functionality post-installation on a Windows OS?,mlops-zoomcamp,f7cd7d85ab
"After installing MLflow with pip on Windows, what additional configuration step is necessary to allow the `mlflow ui` command to execute without errors?",mlops-zoomcamp,f7cd7d85ab
"What should I do if running `mlflow ui` results in a FileNotFoundError on Windows after using `pip install mlflow`, according to the course FAQ for Module 2?",mlops-zoomcamp,f7cd7d85ab
What is causing the TypeError 'unsupported operand type(s) for -': 'str' and 'int' in the hpo.py script?,mlops-zoomcamp,fabdc4421c
How can I correct the `--max_evals` argument to prevent it from being interpreted as a string?,mlops-zoomcamp,fabdc4421c
Where should I add the `type=int` specification for the `--max_evals` argument in the code?,mlops-zoomcamp,fabdc4421c
What default value is recommended for the `--max_evals` argument if not explicitly provided?,mlops-zoomcamp,fabdc4421c
"After modifying the argument, what command can I use to run the script without encountering the TypeError?",mlops-zoomcamp,fabdc4421c
What specific versions of scikit-learn are supported by mlflow for autologging?,mlops-zoomcamp,601b847b43
Why am I receiving a warning about an unsupported scikit-learn version when using mlflow.sklearn?,mlops-zoomcamp,601b847b43
How can I resolve the 'Unsupported Scikit-Learn version' warning while running `mlflow.sklearn`?,mlops-zoomcamp,601b847b43
"If I encounter errors during autologging due to an unsupported scikit-learn version, what are my options for upgrading?",mlops-zoomcamp,601b847b43
Where can I find detailed information about the supported versions of scikit-learn for mlflow autologging?,mlops-zoomcamp,601b847b43
Why are experiments not displayed when using the Mlflow CLI command `mlflow experiments list`?,mlops-zoomcamp,ac877b2d3d
What environment variable must be set to enable the Mlflow Tracking URI for accessing experiments in the CLI?,mlops-zoomcamp,ac877b2d3d
Which specific URL should be assigned to the MLFLOW_TRACKING_URI environment variable to ensure proper experiment tracking via the CLI?,mlops-zoomcamp,ac877b2d3d
"In the context of Module 2: Experiment Tracking within the mlops-zoomcamp course, what command is used to list existing experiments once the Tracking URI is configured?",mlops-zoomcamp,ac877b2d3d
What is the correct procedure to view all tracked experiments after initializing the Mlflow tracking server locally on `http://127.0.0.1:5000`?,mlops-zoomcamp,ac877b2d3d
How do I configure the MLflow CLI to connect to my SQLite tracking database?,mlops-zoomcamp,03f9c129fc
What environment variable should I set to enable the MLflow CLI to access experiments tracked in a local SQLite file?,mlops-zoomcamp,03f9c129fc
"After setting the `MLFLOW_TRACKING_URI`, which command can I use to list all available experiments from the terminal?",mlops-zoomcamp,03f9c129fc
"If I need to manually specify the tracking URI for certain MLflow CLI commands, how would that be done?",mlops-zoomcamp,03f9c129fc
Why might some MLflow CLI commands still fail to recognize the tracking URI even after environment variable setup?,mlops-zoomcamp,03f9c129fc
How can I inspect the experiment and tracking information stored in MLflow using an SQLite database?,mlops-zoomcamp,0a545e0e4c
What is the process to connect PyCharm's Database tab to the SQLite database generated by the `mlflow ui` command?,mlops-zoomcamp,0a545e0e4c
"Can I use standard SQL queries to examine the tables within the MLflow SQLite database, and if so, how?",mlops-zoomcamp,0a545e0e4c
Why would understanding the entity structure of data stored in MLflow be beneficial for long-term model tracking?,mlops-zoomcamp,0a545e0e4c
What alternative SQL-backed databases can be used similarly to an SQLite database for systematic archiving of model tracking information in MLflow?,mlops-zoomcamp,0a545e0e4c
How can multiple team members access the same MLflow tracking server?,mlops-zoomcamp,86a6321b3d
What are the benefits of running an MLflow server locally compared to each user having their own instance?,mlops-zoomcamp,86a6321b3d
In what scenarios is it necessary to launch an MLflow tracking server on a local machine?,mlops-zoomcamp,86a6321b3d
Does launching the tracking server locally affect the ability to track experiments across different operating systems?,mlops-zoomcamp,86a6321b3d
What steps are required to configure a local MLflow server for collaborative use among colleagues?,mlops-zoomcamp,86a6321b3d
Why is my model registry failing when I try to add the parameter 'max_depth'?,mlops-zoomcamp,dcccce53fc
How can I properly log hyperparameters like 'max_depth' before registering a machine learning model in MLflow?,mlops-zoomcamp,dcccce53fc
What is the correct sequence of operations to ensure that parameters such as 'max_depth' are recognized during the MLflow model registry process?,mlops-zoomcamp,dcccce53fc
"Can you explain why adding parameters after the model registry results in them being unrecognized, and how to avoid this issue?",mlops-zoomcamp,dcccce53fc
What specific code snippet should I use to log parameters like 'max_depth' so they appear correctly in the `data.run.params` when using MLflow for experiment tracking?,mlops-zoomcamp,dcccce53fc
Why is `max_depth` not being recognized despite using `mlflow.log_params` in the script?,mlops-zoomcamp,22b02585bf
Where exactly should I place the `mlflow.log_params(params)` call to ensure parameters like `max_depth` are logged correctly during hyperparameter optimization?,mlops-zoomcamp,22b02585bf
What happens if I log new parameters (`max_depth`) without removing the previous experiment runs when using `mlflow.log_params`?,mlops-zoomcamp,22b02585bf
"How can I avoid appending new models with additional parameters (e.g., `max_depth`) to existing runs that lack those parameters in the `hpo.py` script?",mlops-zoomcamp,22b02585bf
Is there a recommended approach for managing parameter changes across multiple hyperparameter optimization experiments without causing conflicts?,mlops-zoomcamp,22b02585bf
Why does the `register_model.py` script generate an `AttributeError: 'tuple' object has no attribute 'tb_frame'` when used in a Jupyter notebook for Week 2 homework?,mlops-zoomcamp,d71f8cb2d0
What specific modification is required to resolve the error related to `'tb_frame'` in the `register_model.py` script during the Module 2 Experiment Tracking assignment of the MLOps ZoomCamp course?,mlops-zoomcamp,d71f8cb2d0
"In the context of the Week 2 homework for Module 2 on Experiment Tracking in the MLOps ZoomCamp course, how can I eliminate the error message `AttributeError: 'tuple' object has no attribute 'tb_frame'` when executing the `register_model.py` script within a Jupyter notebook?",mlops-zoomcamp,d71f8cb2d0
What is the precise step to fix the `AttributeError: 'tuple' object has no attribute 'tb_frame'` that occurs after copying the `register_model.py` script into a Jupyter notebook for the Week 2 homework of Module 2 in the MLOps ZoomCamp curriculum?,mlops-zoomcamp,d71f8cb2d0
"For the Week 2 assignment in Module 2 about Experiment Tracking as part of the MLOps ZoomCamp program, what action should be taken to prevent the error `AttributeError: 'tuple' object has no attribute 'tb_frame'` when the `register_model.py` script is run inside a Jupyter notebook?",mlops-zoomcamp,d71f8cb2d0
How do I resolve the 'api_key not configured' error from WandB when executing the `preprocess_data.py` script?,mlops-zoomcamp,d4c21886e6
What steps are required to authenticate my WandB account for running experiments in the `preprocess_data.py` file?,mlops-zoomcamp,d4c21886e6
Where can I find my personal API key within my WandB profile settings?,mlops-zoomcamp,d4c21886e6
What specific command should be executed in a Jupyter notebook before running `preprocess_data.py` to ensure successful authentication with WandB?,mlops-zoomcamp,d4c21886e6
"In the context of Module 2: Experiment Tracking for the MLOps ZoomCamp course, what is the precise sequence of actions to enable WandB API access during data preprocessing?",mlops-zoomcamp,d4c21886e6
What should be the correct sequence of steps to avoid the 'Failed to infer model signature' warning when using XGBoost with MLflow?,mlops-zoomcamp,13fecb68a8
How do I enable autologging for XGBoost in my MLflow experiment?,mlops-zoomcamp,13fecb68a8
"If I encounter a signature inference failure after enabling autologging, what should I verify about my dataset?",mlops-zoomcamp,13fecb68a8
Can you provide the exact Python code snippet to initialize MLflow's autologging for XGBoost?,mlops-zoomcamp,13fecb68a8
What are the potential data format issues that might cause the 'could not sample data' error during XGBoost model training with MLflow?,mlops-zoomcamp,13fecb68a8
What are the two variants of XGBoost's Python package distributed starting from version 2.1.0?,mlops-zoomcamp,bfbe05dcd9
Which glibc versions are supported by each variant of the XGBoost Python package?,mlops-zoomcamp,bfbe05dcd9
Will systems with glibc older than 2.28 be able to install future versions of XGBoost via pip?,mlops-zoomcamp,bfbe05dcd9
"What is the deadline for the distribution of the manylinux2014 variant, and what will happen after that date?",mlops-zoomcamp,bfbe05dcd9
How does conda handle the glibc version requirement for installing XGBoost?,mlops-zoomcamp,bfbe05dcd9
Why is the `wget` command not recognized in my Windows notebook for downloading files?,mlops-zoomcamp,47c771de0d
How can I use `wget` to download data or Python scripts within a Visual Studio notebook on Windows?,mlops-zoomcamp,47c771de0d
What should I do if `pip` is not recognized when using a Python virtual environment in the provided notebook?,mlops-zoomcamp,47c771de0d
Is there a way to execute standard Python modules like `pip` or `wget` from within the notebook environment?,mlops-zoomcamp,47c771de0d
What command should I use to ensure that tools such as `pip` and `wget` function correctly inside the Visual Studio Python notebook?,mlops-zoomcamp,47c771de0d
How can I open a GitHub notebook directly in Google Colab?,mlops-zoomcamp,e525587d40
What URL transformation is required to run a public GitHub notebook in Google Colab?,mlops-zoomcamp,e525587d40
Is it possible to access private repositories via `githubtocolab.com`?,mlops-zoomcamp,e525587d40
Where can I find detailed instructions for navigating the Wandb UI more effectively?,mlops-zoomcamp,e525587d40
Which module of the MLOps Zoomcamp course covers experiment tracking with Wandb?,mlops-zoomcamp,e525587d40
What is the primary purpose of using Jan/Feb/March for Train/Test/Validation Purposes?,mlops-zoomcamp,d30594cef3
How does this split approach help in assessing seasonal effects in the data?,mlops-zoomcamp,d30594cef3
"Why are ""Out of Time"" validations considered important for model evaluation?",mlops-zoomcamp,d30594cef3
In what way can a random sample train/test split lead to data leakage and poor model performance?,mlops-zoomcamp,d30594cef3
What role does the validation process play in reporting model metrics and analyzing target drift?,mlops-zoomcamp,d30594cef3
Why am I seeing the warning 'Failed to log training dataset information to MLflow Tracking' when using the autolog function in my sklearn model?,mlops-zoomcamp,6b1c62c9cf
What is causing the error message 'numpy.ndarray object has no attribute toarray' during MLflow logging?,mlops-zoomcamp,6b1c62c9cf
How can I prevent MLflow from attempting to log my training dataset when using the autolog function with a numpy ndarray?,mlops-zoomcamp,6b1c62c9cf
"In the context of the mlops-zoomcamp course, specifically Module 2 on Experiment Tracking, what parameter should be added to the autolog function to avoid logging datasets?",mlops-zoomcamp,6b1c62c9cf
"What format does MLflow expect for datasets when using its autolog feature, and why does it fail with a numpy.ndarray in this scenario?",mlops-zoomcamp,6b1c62c9cf
How can I resolve the ImportError for urllib3 when using urllib3 version 2.0 with an older OpenSSL version?,mlops-zoomcamp,76e6d9e8ce
What specific command should I run to downgrade urllib3 to a version compatible with OpenSSL 1.0.2k?,mlops-zoomcamp,76e6d9e8ce
"If I upgrade mlflow to its latest version, will it automatically address the urllib3 compatibility issue?",mlops-zoomcamp,76e6d9e8ce
On which operating systems might this urllib3 and OpenSSL incompatibility error occur?,mlops-zoomcamp,76e6d9e8ce
What is the recommended approach if neither downgrading urllib3 nor upgrading mlflow resolves the ImportError?,mlops-zoomcamp,76e6d9e8ce
Why am I encountering an `AttributeError` stating that 'MlflowClient' has no attribute 'list_run_infos' while executing the line `run_id = client.list_run_infos(experiment_id='1')[0].run_id` in the scenario 2 notebook?,mlops-zoomcamp,4d08d35199
"What is the correct method to retrieve a run ID from an experiment using MLflow version 2.12.2 or later, as of May 2024?",mlops-zoomcamp,4d08d35199
Can you explain why the `search_runs` method is recommended over `list_run_infos` for obtaining run information in recent MLflow versions?,mlops-zoomcamp,4d08d35199
Is there any risk that this solution might not be applicable to MLflow versions earlier than 2.12.2?,mlops-zoomcamp,4d08d35199
"What specific version of MLflow does the provided solution guarantee compatibility with, and are there any potential compatibility issues with other recent versions?",mlops-zoomcamp,4d08d35199
Is it necessary to manually specify training parameters when using Autologging for tracking on the Mlflow UI?,mlops-zoomcamp,460343cb44
Does Autologging automatically capture and display all training parameters in the Mlflow UI without explicit configuration?,mlops-zoomcamp,460343cb44
Can I selectively set only certain parameters while still having Autologging track everything else in the MLflow UI?,mlops-zoomcamp,460343cb44
What does the official documentation state regarding the tracking of unexplicitly set parameters by Autologging during a `.fit` call?,mlops-zoomcamp,460343cb44
How can I verify that all training parameters are being logged and visible in the Mlflow UI when utilizing Autologging?,mlops-zoomcamp,460343cb44
Why am I unable to install the hyperopt package using Conda when running `conda install --file requirements.txt`?,mlops-zoomcamp,58a9c117d5
What should I do if updating Conda does not resolve the issue of the missing hyperopt package?,mlops-zoomcamp,58a9c117d5
Is there an alternative channel or method to successfully install hyperopt in my virtual environment with Conda?,mlops-zoomcamp,58a9c117d5
Can you provide the exact command to install hyperopt from the Intel channel using Conda?,mlops-zoomcamp,58a9c117d5
Does installing hyperopt via the Intel channel address any potential compatibility issues with other dependencies in my project?,mlops-zoomcamp,58a9c117d5
"I am encountering an error while trying to import xgboost in Python on my Mac, specifically the message 'library not loaded: @rpath/libomp.dylib'. What should I do to resolve this issue?",mlops-zoomcamp,a0ac7f4f77
"During the installation of xgboost for a machine learning project using Python on macOS, I receive a library loading error related to libomp. How can I fix this problem?",mlops-zoomcamp,a0ac7f4f77
"While setting up an XGBoost model in Python on my Mac computer, I get an error stating 'library not loaded: @rpath/libomp.dylib'. Could you guide me through the necessary steps to resolve it?",mlops-zoomcamp,a0ac7f4f77
I am working through a module on Experiment Tracking for the MLOps ZoomCamp course and face an issue importing xgboost on macOS. The error message mentions '@rpath/libomp.dylib'. What command should I execute to solve this?,mlops-zoomcamp,a0ac7f4f77
"In the context of Module 2: Experiment Tracking of the MLOPs ZoomCamp, users report difficulties with the xgboost library on a Mac due to a missing 'libomp.dylib' file. What is the recommended solution provided in the FAQ?",mlops-zoomcamp,a0ac7f4f77
What should I add to my `.gitignore` file to exclude large directories when uploading projects to GitHub?,mlops-zoomcamp,a76d315b86
How can I prevent the `mlruns` and specific experiment tracking folders from being tracked by Git during a repository upload?,mlops-zoomcamp,a76d315b86
Which directories related to experiment tracking in Module 2 of the MLOps ZoomCamp course need to be ignored for efficient GitHub uploads?,mlops-zoomcamp,a76d315b86
"What is the correct syntax for specifying multiple directories, such as `mlruns` and `artifacts`, within a `.gitignore` file for a project located in Module 2 of the MLOps ZoomCamp curriculum?",mlops-zoomcamp,a76d315b86
"In the context of the MLOps ZoomCamp's Module 2 on Experiment Tracking, how do you configure your repository to avoid exceeding GitHub's size limits during uploads?",mlops-zoomcamp,a76d315b86
"In the latest MLflow version, which function should I use to retrieve a list of all experiments?",mlops-zoomcamp,c1768edac2
What change occurred in MLflow that removed the `list_experiments` method from MlflowClient?,mlops-zoomcamp,c1768edac2
How can I query existing experiments using the updated MLflow API?,mlops-zoomcamp,c1768edac2
Which method provided by MlflowClient can now be used to fetch experiment details similar to the deprecated `list_experiments` function?,mlops-zoomcamp,c1768edac2
Where can I find documentation for the new `search_experiments` method introduced in recent MLflow releases?,mlops-zoomcamp,c1768edac2
Why isn't the default Mage shortcut key functioning to open the Text Editor on a Windows system?,mlops-zoomcamp,250d8d1c81
What alternative keyboard shortcut can I use in Windows to launch the Text Editor within Mage?,mlops-zoomcamp,250d8d1c81
Could you explain the specific key combination required for opening the Text Editor via Mage on a Windows PC?,mlops-zoomcamp,250d8d1c81
I'm using a Windows machine and encountering issues with the Mage shortcut; what is the correct sequence of keys to press?,mlops-zoomcamp,250d8d1c81
"In the context of Module 3: Orchestration for the mlops-zoomcamp course, how do I open the Text Editor in Mage on Windows?",mlops-zoomcamp,250d8d1c81
Why is my pipeline failing with the error `[Errno 2] No such file or directory: '/home/src/mage_data/{…} /.variables/{...}/output_1/object.joblib'`?,mlops-zoomcamp,d317ebf313
What steps should I take to troubleshoot a missing output file like `object.joblib` in a Mage pipeline?,mlops-zoomcamp,d317ebf313
How can I export and import a pipeline as a zip file in Mage to resolve orchestration issues?,mlops-zoomcamp,d317ebf313
Where can I check the logs of an upstream block that is supposed to generate `object.joblib` to ensure it completed successfully?,mlops-zoomcamp,d317ebf313
What directory should I verify for the existence of the output file `output_1/object.joblib` when debugging a pipeline break?,mlops-zoomcamp,d317ebf313
What specific error message appears when executing `./scripts/start.sh` due to an invalid docker-compose file?,mlops-zoomcamp,60da2ce9c6
Which unsupported configuration options are causing the error in the `docker-compose.yml` file?,mlops-zoomcamp,60da2ce9c6
What is the command to download the latest version of Docker Compose using curl?,mlops-zoomcamp,60da2ce9c6
How should permissions be set for the newly downloaded Docker Compose binary to make it executable?,mlops-zoomcamp,60da2ce9c6
In which module of the 'mlops-zoomcamp' course does this issue and its solution pertain?,mlops-zoomcamp,60da2ce9c6
What error messages might I encounter if I set up Mage as a subfolder under the mlops-zoomcamp repository?,mlops-zoomcamp,ba50d9e0bc
Why do I see popups indicating that space is running low in single digits when using Mage in this configuration?,mlops-zoomcamp,ba50d9e0bc
Is it recommended to configure Mage within a subdirectory of the mlops-zoomcamp repository?,mlops-zoomcamp,ba50d9e0bc
What are the consequences of reaching the pull rate limit while trying to run Mage?,mlops-zoomcamp,ba50d9e0bc
Where can I find additional information regarding the setup recommendations for Mage in relation to the mlops-zoomcamp repository?,mlops-zoomcamp,ba50d9e0bc
"What specific error messages occur when using Mage in Codespaces, and what are the suggested solutions for each?",mlops-zoomcamp,74daf4433d
How can I resolve the Docker daemon connection issue reported by the user when running Mage in a Codespaces environment?,mlops-zoomcamp,74daf4433d
What steps should be taken to address the invalid volume specification error encountered with `/workspaces/mage-mlops` in Codespaces?,mlops-zoomcamp,74daf4433d
"Why does the warning about `/.gitconfig` being a directory appear, and what is the recommended fix for this issue during deployment with 3.5.x of Mage?",mlops-zoomcamp,74daf4433d
What modifications are required in the `docker-compose.yml` file and Dockerfile to prevent Docker from auto-creating `.gitconfig` as a directory when it is missing?,mlops-zoomcamp,74daf4433d
What are the steps to update the mage version displayed in the UI after starting the container?,mlops-zoomcamp,563feb7fd1
Where can I find information about whether a specific fix is relevant to our ZoomCamp coursework before updating?,mlops-zoomcamp,563feb7fd1
How do I cancel and manually pull a new mage image if the automated rebuild does not show the updated version?,mlops-zoomcamp,563feb7fd1
What is the difference between the 'alpha' and 'latest' mage images in terms of stability and release readiness?,mlops-zoomcamp,563feb7fd1
"After pulling a new mage image, what command should I execute to restart the Docker container with the updated version?",mlops-zoomcamp,563feb7fd1
Why is the time series bar chart in Mage not displaying any data?,mlops-zoomcamp,078039f4e3
What code modification is required to ensure timestamps are correctly formatted for a time series chart in Mage?,mlops-zoomcamp,078039f4e3
How can I fetch and concatenate monthly taxi dataset files from GitHub using Python for Mage's time series visualization?,mlops-zoomcamp,078039f4e3
What function decorator should be used to encapsulate the file ingestion logic for loading datasets into Mage?,mlops-zoomcamp,078039f4e3
Which HTTP request method is appropriate for downloading Parquet files of taxi data from a specified GitHub repository URL in Mage?,mlops-zoomcamp,078039f4e3
"Why am I receiving an exception stating that the `mlflow_model_registry` block is missing upstream dependencies, even though two outputs are generated by the preceding transformer block?",mlops-zoomcamp,1e05eabc5c
How can I correctly configure my `data_exporter` function to accept both the trained linear regression model and the fitted dict vectorizer when they are bundled into a single list from the previous block?,mlops-zoomcamp,1e05eabc5c
What specific modification should be made within the `data_exporter` method to properly reference two separate outputs when only one argument is accepted by the block declaration?,mlops-zoomcamp,1e05eabc5c
"After bundling the outputs of my transformer block into a list, what steps are required to unpack these elements individually inside the `data_exporter` function for subsequent processing and saving via MLflow?",mlops-zoomcamp,1e05eabc5c
"In the context of MLOps Zoomcamp's Module 3 on Orchestration, how does adjusting the argument count in a data exporter block impact the dependency resolution between blocks?",mlops-zoomcamp,1e05eabc5c
Why is the Mage Dashboard on unit_3 not displaying any charts even though my runs have completed successfully?,mlops-zoomcamp,e065665622
What error message am I encountering when attempting to view charts in the Mage Dashboard after the pipelines finish running?,mlops-zoomcamp,e065665622
"Could there be a data type conversion issue, specifically casting a DatetimeArray to dtype float64, that prevents chart visualization on the Mage Dashboard?",mlops-zoomcamp,e065665622
"After ensuring all pipelines have run successfully, what additional information should I provide if the error persists and charts still do not appear in the Mage Dashboard?",mlops-zoomcamp,e065665622
"In the context of Module 3: Orchestration for the MLOps ZoomCamp course, what steps should I take to troubleshoot the `Cannot cast DatetimeArray to dtype float64` error that blocks chart rendering on the Mage Dashboard?",mlops-zoomcamp,e065665622
Where should I place utility functions to avoid duplication across sub-projects in the Mage MLOps course?,mlops-zoomcamp,85c83560c5
How do I correctly import helper functions from the `mlops.utils` module when working on different projects within the same repository?,mlops-zoomcamp,85c83560c5
What is the exact file path for accessing utility modules in the main mlops parent project during Module 3: Orchestration of the mlops-zoomcamp course?,mlops-zoomcamp,85c83560c5
"Is it necessary to re-implement commonly used functions in each sub-project, or can I reference a single shared set of utilities?",mlops-zoomcamp,85c83560c5
Can you confirm that the implementation details provided in the Mage MLOps repository remain consistent across all videos in Module 3?,mlops-zoomcamp,85c83560c5
What should I verify if the Global Data Products block in Video 3.2.1 hangs and eventually fails with an `AttributeError`?,mlops-zoomcamp,cc4481d2fa
How can I restart the kernel to potentially resolve the hanging issue in the Global Data Product training set pipeline run?,mlops-zoomcamp,cc4481d2fa
What steps are required to rebuild a problematic Global Data Product block after it fails with the error message?,mlops-zoomcamp,cc4481d2fa
What is the procedure to delete a global data product in our MLOps ZoomCamp project?,mlops-zoomcamp,e2806ae236
Can I remove a global data product using the graphical user interface provided by the course platform?,mlops-zoomcamp,e2806ae236
"Which file must be manually edited to eliminate a global data product, and where is it located within the project structure?",mlops-zoomcamp,e2806ae236
How can I access and modify the `global_data_products.yaml` file to perform the deletion of a global data product?,mlops-zoomcamp,e2806ae236
"In Module 3 on Orchestration of the MLOps ZoomCamp course, what tool is recommended for editing the configuration file to remove a global data product?",mlops-zoomcamp,e2806ae236
What should I do if I encounter a 'Mage error: TypeError: string indices must be integers' while working on Global Data Products?,mlops-zoomcamp,fa12df76a7
How can I fix stale upstream connections in the `hyperparameter_tuning/sklearn` block after modifying blocks during debugging?,mlops-zoomcamp,fa12df76a7
What is the recommended sequence of actions to resolve connection issues between blocks in a pipeline?,mlops-zoomcamp,fa12df76a7
Where can I find guidance for troubleshooting errors related to string indices being non-integers in MLOps ZoomCamp Module 3: Orchestration?,mlops-zoomcamp,fa12df76a7
"After removing and re-adding blocks, what is the final step to ensure the pipeline functions correctly?",mlops-zoomcamp,fa12df76a7
What is causing the 'Can't locate revision identified by …' error in my MLflow container?,mlops-zoomcamp,8231e2605d
How can I determine which MLflow version was used during Module 2?,mlops-zoomcamp,8231e2605d
What steps should I take to update the Docker image to match the correct MLflow version?,mlops-zoomcamp,8231e2605d
Can you provide the exact command sequence to rebuild the Docker service after modifying the `mlflow.dockerfile`?,mlops-zoomcamp,8231e2605d
"Once the Docker container is rebuilt, what command will start the containers successfully?",mlops-zoomcamp,8231e2605d
What should I do if I receive a 'Permission denied' error while configuring the server in GitHub Codespaces during Module 3 of the MLOps ZoomCamp course?,mlops-zoomcamp,7100f168a2
Where can I find guidance for resolving permission issues when executing shell scripts in the context of setting up an environment in GitHub Codespaces as part of the MLOps ZoomCamp curriculum?,mlops-zoomcamp,7100f168a2
How can I troubleshoot a 'permission denied' problem that arises while running setup scripts for the orchestration module within the MLOps ZoomCamp learning path?,mlops-zoomcamp,7100f168a2
"What is the recommended solution to address permission-related errors encountered during the server initialization process in GitHub Codespaces, specifically for Module 3 of the MLOps ZoomCamp program?",mlops-zoomcamp,7100f168a2
Could you provide the link to a resource that explains how to handle permission denied messages when trying to execute scripts in GitHub Codespaces as outlined in the MLOps ZoomCamp module on orchestration?,mlops-zoomcamp,7100f168a2
What is the URL for accessing the FAQ regarding Prefect questions in Module 3 of the MLOps ZoomCamp course?,mlops-zoomcamp,841966c903
In which module of the MLOps ZoomCamp curriculum can I find details about Prefect orchestration?,mlops-zoomcamp,841966c903
Could you provide the link to the document that contains frequently asked questions (FAQ) on Prefect within the scope of Module 3 for the MLOps ZoomCamp program?,mlops-zoomcamp,841966c903
Where should I look in the MLOps ZoomCamp course materials to locate supplementary information on Prefect orchestration as outlined in Section 'Module 3: Orchestration'?,mlops-zoomcamp,841966c903
"What resource, identified by the course ID '841966c903', offers comprehensive answers to queries about Prefect workflows in Module 3 of the MLOps ZoomCamp?",mlops-zoomcamp,841966c903
What does the error message '(root) Additional property mlflow is not allowed' indicate in the context of Module 3 on Orchestration for the MLOps ZoomCamp course?,mlops-zoomcamp,7deae3a8eb
How can I resolve the issue where the Docker Compose file lacks a specific server entry causing the 'Additional property mlflow is not allowed' error?,mlops-zoomcamp,7deae3a8eb
"In the provided FAQ, which image ID is suggested to fix the 'mlflow' additional property error during orchestration setup in Module 3 of MLOps ZoomCamp?",mlops-zoomcamp,7deae3a8eb
Where should I locate or modify the Docker Compose file to eliminate the 'Additional property mlflow is not allowed' error as mentioned in the Module 3 FAQ for MLOps ZoomCamp?,mlops-zoomcamp,7deae3a8eb
What steps are required following the identification of the 'mlflow' additional property error in a Docker Compose configuration within Module 3 of the MLOps ZoomCamp curriculum?,mlops-zoomcamp,7deae3a8eb
Why are logged model artifacts missing after restarting or removing the mlflow Docker container?,mlops-zoomcamp,d94e5cc566
"What is the default storage location for logged models and artifacts within the mlflow container, and why does this cause data loss upon container restarts?",mlops-zoomcamp,d94e5cc566
How can I ensure that my experiment data remains accessible across multiple runs of the mlflow container?,mlops-zoomcamp,d94e5cc566
What specific volume configuration in Docker Compose will preserve model artifacts outside of the mlflow runtime environment?,mlops-zoomcamp,d94e5cc566
"If I map a local directory to `/mlartifacts` within the mlflow container, how does this affect the persistence of logged artifacts?",mlops-zoomcamp,d94e5cc566
Why are my artifacts not visible in MLflow when using localstore?,mlops-zoomcamp,b88d825b12
What steps should I take to ensure MLflow recognizes the artifacts stored locally?,mlops-zoomcamp,b88d825b12
In what directory must I initiate the `mlflow` command for artifacts to be displayed correctly?,mlops-zoomcamp,b88d825b12
How do I properly start the MLflow server if my `mlflow.db` file is located in `mlops/mlflow`?,mlops-zoomcamp,b88d825b12
Where can I find the instructions that explain how to set up the `mlops` folder for running `mlflow`?,mlops-zoomcamp,b88d825b12
What is the exact command to set the MLFlow tracking URI for our project?,mlops-zoomcamp,0afee51849
In which module of the mlops-zoomcamp course do we configure the MLFlow tracking URI?,mlops-zoomcamp,0afee51849
Which part of the Docker file snippet from Homework Question 6 should be used to set the MLFlow tracking URI?,mlops-zoomcamp,0afee51849
What protocol and port does the suggested MLFlow tracking URI use?,mlops-zoomcamp,0afee51849
How can I verify that the MLFlow tracking URI has been correctly configured in my Python script?,mlops-zoomcamp,0afee51849
Why do I receive an invalid mount configuration error when attempting to run `docker compose up` directly from the mage repository?,mlops-zoomcamp,b395e1c5ec
What is the recommended command to execute instead of `docker compose up` for setting up the mage environment?,mlops-zoomcamp,b395e1c5ec
Where should I find and use the `start.sh` script within the mage project directory?,mlops-zoomcamp,b395e1c5ec
How can I ensure that essential environment variables such as `PROJECT_NAME` and `MAGE_CODE_PATH` are correctly configured when starting a new mage project like in a capstone?,mlops-zoomcamp,b395e1c5ec
What steps should I take if my new mage project does not include a `start.sh` script or the `scripts` directory?,mlops-zoomcamp,b395e1c5ec
Why am I getting an `AttributeError` when using `mlflow.set_tracking_uri()` in a Mage block?,mlops-zoomcamp,376ba649d7
How can I verify which module is being imported as `mlflow` to resolve the attribute error?,mlops-zoomcamp,376ba649d7
"What steps should I take if another file or folder named ""mlflow"" causes import conflicts?",mlops-zoomcamp,376ba649d7
How do I change the backend store location to prevent Python from confusing it with the `mlflow` package?,mlops-zoomcamp,376ba649d7
What should I check in the `PYTHONPATH` environment variable if `import mlflow` returns a module not found error?,mlops-zoomcamp,376ba649d7
What is the correct command to initialize a Prefect project in the latest version?,mlops-zoomcamp,3e58074bee
"In the context of Module 3 on Orchestration within the MLOps ZoomCamp course, how do I set up a new Prefect project if the `project` sub-command is missing?",mlops-zoomcamp,3e58074bee
"When encountering the error 'No such command 'project'', what alternative steps should be taken to proceed with creating a Prefect orchestration project?",mlops-zoomcamp,3e58074bee
"According to the FAQ for Module 3 of the MLOps ZoomCamp course, which command replaces the deprecated `project init` functionality in recent Prefect releases?",mlops-zoomcamp,3e58074bee
How can I resolve the initialization issue related to the missing 'project' module when executing Prefect commands during the Orchestration module of the MLOps ZoomCamp curriculum?,mlops-zoomcamp,3e58074bee
Why does the RMSE chart fail to display in Video 3.3.4 despite following the tutorial steps?,mlops-zoomcamp,b3fe59d431
What specific callback is responsible for tracking experiments in the XGBoost pipeline that is absent in the Scikit-learn pipeline?,mlops-zoomcamp,b3fe59d431
Could you provide the exact lines of code required to resolve the KeyError: ‘rmse_LinearRegression’ issue mentioned in the FAQ?,mlops-zoomcamp,b3fe59d431
Where can I find the similar commit reference that includes the necessary modifications for adding the missing callback?,mlops-zoomcamp,b3fe59d431
"After implementing the suggested changes, how should I verify that the RMSE metric now appears correctly in the training metrics chart?",mlops-zoomcamp,b3fe59d431
What plugin in Kestra allows me to run Docker containers and configure their networking?,mlops-zoomcamp,f74891d445
How can I set up a custom network between Docker containers invoked from a Kestra task for local development?,mlops-zoomcamp,f74891d445
"Is the `host` network mode supported on Windows or macOS when using Docker Desktop, and if not, what alternatives are recommended?",mlops-zoomcamp,f74891d445
"When deploying MLflow in conjunction with Kestra, should it be run within the same orchestration pipeline or separately, and why?",mlops-zoomcamp,f74891d445
What is the recommended method for ensuring stable communication to MLflow running outside a Kestra task in a production environment?,mlops-zoomcamp,f74891d445
What are the steps to expose my Dockerized ML model through an HTTP API for integration with a Mage pipeline?,mlops-zoomcamp,bd885d3d4d
How can I ensure that the Docker container hosting my model and the Mage environment communicate effectively?,mlops-zoomcamp,bd885d3d4d
Which Python frameworks are recommended for creating the API within the Docker container?,mlops-zoomcamp,bd885d3d4d
What code should be included in the custom Python block of a Mage pipeline to invoke the external model's prediction endpoint?,mlops-zoomcamp,bd885d3d4d
Are there any specific configurations required when running both the model's Docker container and the Mage container using `docker-compose`?,mlops-zoomcamp,bd885d3d4d
Why does attempting to create a Global Data Product that references a pipeline in another Mage project result in an AttributeError?,mlops-zoomcamp,6ba940e0fd
What error message is displayed when trying to build a Global Data Product across different Mage projects?,mlops-zoomcamp,6ba940e0fd
Explain why Mage's Global Data Products are considered non-cross-project and how this limitation affects data preparation pipelines.,mlops-zoomcamp,6ba940e0fd
"In the context of Mage projects, where should I create a data preparation pipeline if it needs to be consumed by another component within the same workflow?",mlops-zoomcamp,6ba940e0fd
How can I resolve the issue of failing to create a Global Data Product that spans multiple Mage projects?,mlops-zoomcamp,6ba940e0fd
"Why am I encountering a ValueError stating 'not enough values to unpack (expected 3, got 1)' while running Video 3.2.8?",mlops-zoomcamp,9cfe589a2e
What should be the correct sequence of connections for the xgboost training in my pipeline as described in Module 3?,mlops-zoomcamp,9cfe589a2e
How can I resolve the error if the upstream connections for the xgboost block are not aligned with the expected order?,mlops-zoomcamp,9cfe589a2e
Could you clarify the necessary steps to eliminate the ValueError when the xgboost block is improperly connected?,mlops-zoomcamp,9cfe589a2e
"In the context of Video 3.2.8 from Module 3 of the MLOps ZoomCamp, what specific adjustments should I make to the pipeline connections to ensure proper execution?",mlops-zoomcamp,9cfe589a2e
How can I mitigate Out of Memory errors when processing a large dataset in an ML pipeline without increasing RAM?,mlops-zoomcamp,e00253e2df
What is the first step to reduce memory usage during data loading in the workflow?,mlops-zoomcamp,e00253e2df
Should I delete intermediate DataFrames after extracting training features and labels?,mlops-zoomcamp,e00253e2df
What command should I use to create a swap file if my system lacks sufficient virtual memory?,mlops-zoomcamp,e00253e2df
How do I verify that the newly created swap file is active and properly sized?,mlops-zoomcamp,e00253e2df
Why am I encountering an 'Invalid choice' error when trying to login to AWS ECR using the AWS CLI on Windows?,mlops-zoomcamp,74974bf558
What is the correct command to authenticate Docker with Amazon ECR via the AWS CLI in a Windows environment?,mlops-zoomcamp,74974bf558
How can I verify that my AWS CLI version is up-to-date before attempting to log into ECR?,mlops-zoomcamp,74974bf558
Which AWS documentation page provides detailed instructions for logging into ECR using the `get-login-password` command?,mlops-zoomcamp,74974bf558
What specific placeholders (`<region>` and `<aws_account_id>`) must be replaced in the Docker login command to successfully connect to my private ECR repository?,mlops-zoomcamp,74974bf558
How can I write a PowerShell command that spans multiple lines without breaking the syntax?,mlops-zoomcamp,2d292454ac
What character should be used at the end of each line in a multiline PowerShell command to continue it on the next line?,mlops-zoomcamp,2d292454ac
Can you provide an example of setting environment variables for a single session in Windows PowerShell?,mlops-zoomcamp,2d292454ac
"In the provided example, how is the AWS Kinesis `put-record` operation executed with parameters spread across multiple lines?",mlops-zoomcamp,2d292454ac
What is the purpose of using `$env:` when defining variables within a multiline PowerShell command?,mlops-zoomcamp,2d292454ac
What should I do if `pipenv install` fails with an AttributeError related to the 'collections' module?,mlops-zoomcamp,a2d10b83d9
How can I resolve the error `AttributeError: module 'collections' has no attribute 'MutableMapping'` when using pipenv on a system with Python 3.10?,mlops-zoomcamp,a2d10b83d9
"If pipenv was previously installed via `apt-get`, what command should I use to remove it before reinstalling?",mlops-zoomcamp,a2d10b83d9
What are the steps to ensure that pipenv works correctly after installing Anaconda or Miniconda?,mlops-zoomcamp,a2d10b83d9
"After removing pipenv and installing a non-system Python, which command do I need to execute to reinstall pipenv?",mlops-zoomcamp,a2d10b83d9
What command should I run to verify if my SSL module is correctly configured?,mlops-zoomcamp,7fa713d6c7
"If the output of the SSL check command is empty, what does that indicate about my configuration?",mlops-zoomcamp,7fa713d6c7
"After confirming SSL configuration, what specific package do I need to upgrade to resolve the 'module is not available (Can't connect to HTTPS URL)' error?",mlops-zoomcamp,7fa713d6c7
In which module of the MLOps ZoomCamp course can I find instructions for handling deployment issues related to HTTPS URLs?,mlops-zoomcamp,7fa713d6c7
What environment should I ensure is updated when fixing the 'module is not available (Can't connect to HTTPS URL)' problem?,mlops-zoomcamp,7fa713d6c7
What is the specific error message encountered when trying to install scikit-learn using pipenv?,mlops-zoomcamp,1b858ee8bb
Which package needs to be installed separately to resolve the 'No module named 'pip._vendor.six'' error during scikit-learn installation?,mlops-zoomcamp,1b858ee8bb
What command should be executed to remove an existing Pipenv environment before reinstalling scikit-learn?,mlops-zoomcamp,1b858ee8bb
"After installing the required package and removing the Pipenv environment, what exact pipenv install command is used to successfully install scikit-learn version 1.0.2?",mlops-zoomcamp,1b858ee8bb
In which module of the 'mlops-zoomcamp' course does this issue and its resolution pertain?,mlops-zoomcamp,1b858ee8bb
How can I configure Jupyter notebooks to work with a Pipenv-managed virtual environment?,mlops-zoomcamp,ecba2d4d27
What steps are required to install the necessary packages (Jupyter and ipykernel) within a Pipenv environment?,mlops-zoomcamp,ecba2d4d27
"After installing Jupyter and ipykernel in Pipenv, what command do I need to execute to register the kernel for use in Jupyter?",mlops-zoomcamp,ecba2d4d27
Will integrating the Pipenv virtual environment with Jupyter affect my development workflow in Visual Studio Code?,mlops-zoomcamp,ecba2d4d27
Where can I find additional troubleshooting tips if I encounter issues using Pipenv with Jupyter as described in the provided Stack Overflow link?,mlops-zoomcamp,ecba2d4d27
"Why am I not seeing any output from print statements when running a Jupyter notebook in an environment with `scikit-learn==1.2.2`, `python==3.10`, and `tornado==6.3.2`?",mlops-zoomcamp,afd037e097
What version of Tornado resolved the issue of missing outputs in Jupyter notebooks for users working with `scikit-learn==1.2.2` and Python 3.10?,mlops-zoomcamp,afd037e097
"Is there a known bug involving Tornado that affects Jupyter notebook output, and if so, where can I find more details about it?",mlops-zoomcamp,afd037e097
"How does the networking library Tornado integrate with Jupyter, and what role might its version play in displaying notebook outputs correctly?",mlops-zoomcamp,afd037e097
"Where can I locate additional information or community discussions regarding a Jupyter notebook issue caused by a specific combination of `scikit-learn`, Python version, and Tornado?",mlops-zoomcamp,afd037e097
Why am I receiving an 'Invalid base64' error when using the `aws kinesis put-record` command with AWS CLI version 2?,mlops-zoomcamp,ff0f22df21
What specific argument should I include in the `aws kinesis put-record` command to fix the 'Invalid base64' error?,mlops-zoomcamp,ff0f22df21
How does adding `--cli-binary-format raw-in-base64-out` affect the data transmission to Amazon Kinesis?,mlops-zoomcamp,ff0f22df21
In which module of the MLOps ZoomCamp course is this 'Invalid base64' issue discussed?,mlops-zoomcamp,ff0f22df21
"Who demonstrated the solution for the 'Invalid base64' error in a video, and at what timestamp can it be found?",mlops-zoomcamp,ff0f22df21
Why am I encountering an 'Error index 311297 is out of bounds for axis 0 with size 131483' when attempting to load a parquet file using the starter notebook in Module 4's Q1?,mlops-zoomcamp,363335a1ea
What specific steps should I take to resolve the error that occurs while loading a parquet file in the homework provided for Module 4 of mlops-zoomcamp?,mlops-zoomcamp,363335a1ea
"Is the issue with loading the parquet file in the Q1 assignment of Module 4 related to outdated software packages, and if so, which ones need updating?",mlops-zoomcamp,363335a1ea
"After encountering an out-of-bounds error while loading a parquet file in the starter.ipynb notebook for homework Q1 in Module 4 of mlops-zoomcamp, what is the recommended version of pandas and its dependencies?",mlops-zoomcamp,363335a1ea
How can I ensure that all necessary libraries are up-to-date to prevent errors such as 'Error index 311297 is out of bounds for axis 0 with size 131483' when working on the parquet file loading task in Module 4 of mlops-zoomcamp?,mlops-zoomcamp,363335a1ea
Why is my Pipfile.lock missing when I have a Pipfile?,mlops-zoomcamp,405de99093
How can I manually generate a Pipfile.lock file after setting up dependencies in Pipenv?,mlops-zoomcamp,405de99093
What command do I need to run to ensure that Pipfile.lock is created alongside my existing Pipfile?,mlops-zoomcamp,405de99093
Is there a way to force the creation of Pipfile.lock without altering my existing Pipfile contents?,mlops-zoomcamp,405de99093
"In Module 4 of the MLOps Zoomcamp course, what specific instruction should I follow if Pipenv fails to create Pipfile.lock automatically?",mlops-zoomcamp,405de99093
Why am I encountering a 'Permission Denied' error when trying to use Pipenv?,mlops-zoomcamp,84eaad3372
What is the root cause of the Permission Denied issue in Pipenv according to the FAQ record?,mlops-zoomcamp,84eaad3372
How can I resolve the Permission Denied problem while using Pipenv as suggested in the solution linked?,mlops-zoomcamp,84eaad3372
Where can I find the detailed steps to fix the pythonfinder module within Pipenv mentioned in the answer?,mlops-zoomcamp,84eaad3372
Is there a specific GitHub pull request that provides the necessary modifications to address the Pipenv permission issue?,mlops-zoomcamp,84eaad3372
How do I authenticate `gsutil` with my Google Cloud Platform account to upload files to a GCS bucket?,mlops-zoomcamp,00b11da94b
What command is used to copy local data to a specified Google Cloud Storage bucket using `gsutil`?,mlops-zoomcamp,00b11da94b
Can you walk me through the steps to create a service account in the GCP Console and grant it permissions for accessing GCS?,mlops-zoomcamp,00b11da94b
What are the installation commands for the Google Cloud SDK and the Google Cloud Storage Python library?,mlops-zoomcamp,00b11da94b
Could you provide an example of how to read a CSV file from a Google Cloud Storage bucket into a pandas DataFrame using Python?,mlops-zoomcamp,00b11da94b
How do I correctly convert a command line argument to an integer before formatting it as a four-digit year in Python?,mlops-zoomcamp,e781391c86
What is causing the `ValueError: Unknown format code 'd' for object of type 'str'` error when using an f-string with a command line input?,mlops-zoomcamp,e781391c86
"In a Python script, what change should be made to handle command line arguments that need to be formatted as a four-digit year?",mlops-zoomcamp,e781391c86
How can I ensure that the `click` library properly types a command line option as an integer for further formatting in my MLOps course project?,mlops-zoomcamp,e781391c86
What is the correct decorator syntax in Python's `click` module when specifying an option type as an integer for CLI arguments?,mlops-zoomcamp,e781391c86
What command is used to build a Docker container with a specified tag?,mlops-zoomcamp,81c82a4875
How can I ensure that data from my local machine is correctly copied into the Docker image during the build process?,mlops-zoomcamp,81c82a4875
What directory should I set as the working directory in a Dockerfile before executing application code?,mlops-zoomcamp,81c82a4875
Which step must be included in a Dockerfile to change the current working directory to `/app`?,mlops-zoomcamp,81c82a4875
How do you run a Docker container named `mlops-learn` and automatically remove it after execution?,mlops-zoomcamp,81c82a4875
How can I configure a Docker container to run both Flask with Gunicorn and an MLFlow server simultaneously?,mlops-zoomcamp,9ee43d55d0
"What is the correct way to define multiple services (Flask + Gunicorn, MLFlow) in a single Dockerfile?",mlops-zoomcamp,9ee43d55d0
Can you provide example shell script commands for starting each of the services inside the container?,mlops-zoomcamp,9ee43d55d0
How should I set up a wrapper script to ensure both service processes are started and managed correctly?,mlops-zoomcamp,9ee43d55d0
"Which Dockerfile command should be used at the end to execute the wrapper script, and which ports must be exposed?",mlops-zoomcamp,9ee43d55d0
What error occurs when trying to generate a Pipfile.lock?,mlops-zoomcamp,69052b9af2
Which command should be executed to resolve the InstallationError raised by pipenv?,mlops-zoomcamp,69052b9af2
Why is it necessary to upgrade both `wheel` and `pipenv` in this scenario?,mlops-zoomcamp,69052b9af2
How can I ensure that the installation strategy for upgrading pipenv and wheel is set to 'eager'?,mlops-zoomcamp,69052b9af2
What is the purpose of running the `pip install --user` command in the context of fixing Pipfile.lock generation issues?,mlops-zoomcamp,69052b9af2
What is the purpose of using access keys when connecting an S3 bucket to MLflow?,mlops-zoomcamp,f192a133f7
How does `boto3` utilize access keys for authentication with AWS servers?,mlops-zoomcamp,f192a133f7
"If I choose to set my S3 bucket as public, will I still need access keys from `boto3` to connect it to MLflow?",mlops-zoomcamp,f192a133f7
Where can I find detailed documentation on managing credentials for `boto3` when connecting an S3 bucket to MLflow?,mlops-zoomcamp,f192a133f7
What are the alternative methods to establish a connection between an S3 bucket and MLflow if public access is not preferred?,mlops-zoomcamp,f192a133f7
"Why does uploading to S3 fail with the error ""An error occurred (InvalidAccessKeyId) when calling the PutObject operation: The AWS Access Key Id you provided does not exist in our records."" even though it works using AWS CLI and boto3 in a Jupyter notebook?",mlops-zoomcamp,d34afcb205
What environment variable must be set to resolve the InvalidAccessKeyId error during S3 uploads from within the course's deployment module?,mlops-zoomcamp,d34afcb205
"In Module 4 of the MLOps ZoomCamp, which profile name is used as the default when setting an AWS environment variable for successful S3 uploads via boto3 in a notebook?",mlops-zoomcamp,d34afcb205
How can I ensure that my AWS credentials are correctly recognized by boto3 to avoid the InvalidAccessKeyId error while deploying models in the MLOps course?,mlops-zoomcamp,d34afcb205
What steps should I follow to configure my system so that `boto3` can successfully interact with S3 after encountering an InvalidAccessKeyId error during a deployment task in Module 4 of the MLOPs ZoomCamp?,mlops-zoomcamp,d34afcb205
How can I resolve the 'lib_lightgbm.so Reason: image not found' error when Dockerizing a LightGBM model?,mlops-zoomcamp,5bf804473e
What specific command should be included in the Dockerfile to fix the missing library issue for LightGBM?,mlops-zoomcamp,5bf804473e
Is there any need to adjust the installer command depending on the operating system when deploying LightGBM with Docker?,mlops-zoomcamp,5bf804473e
Which package must be installed in the Docker environment to ensure successful execution of LightGBM models?,mlops-zoomcamp,5bf804473e
"After adding a particular command to the Dockerfile, what additional step might still be necessary for proper deployment of a LightGBM model?",mlops-zoomcamp,5bf804473e
What warning is displayed by mlflow when loading a model inside a Lambda function?,mlops-zoomcamp,164b0e749d
Which specific error message does the mlflow library encounter during dependency detection in this scenario?,mlops-zoomcamp,164b0e749d
Why might increasing the memory of the Lambda function resolve the encountered AttributeError related to 'dataclasses'? ,mlops-zoomcamp,164b0e749d
In which module of the MLOps Zoomcamp course is this issue discussed?,mlops-zoomcamp,164b0e749d
How can one obtain a more detailed traceback for the warning mentioned when using mlflow's pyfunc.load_model in a Lambda environment?,mlops-zoomcamp,164b0e749d
What is the purpose of the FYI Notebook in relation to the video content?,mlops-zoomcamp,fa77367725
How does the repository's notebook correspond to the progression shown in the video?,mlops-zoomcamp,fa77367725
Can I expect to see MLflow pipelines being utilized towards the conclusion of the demonstration?,mlops-zoomcamp,fa77367725
Is it necessary to watch the entire video sequentially to understand the notebook's final configuration?,mlops-zoomcamp,fa77367725
Are there any specific instructions or tips for ensuring smooth execution of the materials presented?,mlops-zoomcamp,fa77367725
How can I fix the missing code for logging the `dict_vectorizer` in my notebook?,mlops-zoomcamp,af3774c8e2
What changes should I make to the `predict` function if I encounter an error while using pipelines after watching the video?,mlops-zoomcamp,af3774c8e2
In which module of the 'mlops-zoomcamp' course do I need to address issues related to logging the vectorizer and updating the prediction function?,mlops-zoomcamp,af3774c8e2
Can you provide a step-by-step guide on incorporating the missing code for `dict_vectorizer` logging in the provided repository notebook?,mlops-zoomcamp,af3774c8e2
"What specific update to the `predict` function, as demonstrated in the video, resolves errors when deploying models using pipelines?",mlops-zoomcamp,af3774c8e2
How can I ensure that my Python script correctly reads AWS credentials from environment variables when running a Docker container?,mlops-zoomcamp,884bb9afb7
What is the correct order for passing environment variables such as `AWS_ACCESS_KEY_ID` and `AWS_SECRET_ACCESS_KEY` to a Docker run command?,mlops-zoomcamp,884bb9afb7
Can I use an `.env` file to provide necessary environment variables instead of specifying them manually in the `docker run` command?,mlops-zoomcamp,884bb9afb7
What steps should I follow if my container needs access to AWS configuration files located at `~/.aws/credentials` and `~/.aws/config`?,mlops-zoomcamp,884bb9afb7
Is there a way to map local AWS credential files into a Docker container to make them accessible during runtime?,mlops-zoomcamp,884bb9afb7
What steps are required to view the contents of the `/app` directory within a Docker container that uses the image `svizor/zoomcamp-model:mlops-3.10.0-slim`?,mlops-zoomcamp,fd11200ead
How can I confirm that `model.bin` is present inside the specified Docker container for model deployment in app/?,mlops-zoomcamp,fd11200ead
"If I need to add additional files to the Docker image, which line should I include in the Dockerfile and what does it do?",mlops-zoomcamp,fd11200ead
What command do I use to run a script with arguments inside a Docker container after building an image from a modified Dockerfile?,mlops-zoomcamp,fd11200ead
How can I automate the listing of `/app` contents during container runtime without manually running `ls` each time?,mlops-zoomcamp,fd11200ead
I am getting a warning that the requested image's platform (linux/amd64) does not match the host platform (linux/arm64/v8). How can I fix this?,mlops-zoomcamp,b577c9ba98
What command should I use to build a Docker image with a specific platform tag for ARM64 architecture?,mlops-zoomcamp,b577c9ba98
"When deploying my application, why does the system report a mismatch between the requested and detected platforms, and how do I address it?",mlops-zoomcamp,b577c9ba98
"In Module 4 of the MLOps ZoomCamp course, what is the recommended approach to ensure compatibility between the image platform and the host platform?",mlops-zoomcamp,b577c9ba98
How can I specify the Linux ARM64/v8 platform when tagging my Docker image during the build process in this course?,mlops-zoomcamp,b577c9ba98
What is the cause of the HTTPError 403 when calling apply_model() in score.ipynb?,mlops-zoomcamp,d41cd73af9
How can I resolve the 'Forbidden' error encountered during the model application step?,mlops-zoomcamp,d41cd73af9
What modification should be made to the input file URL to avoid the 403 error while running the notebook?,mlops-zoomcamp,d41cd73af9
In which module of the MLOps Zoomcamp course does this issue occur?,mlops-zoomcamp,d41cd73af9
Which specific line in the code needs to be updated to fix the HTTPError 403 problem?,mlops-zoomcamp,d41cd73af9
I am getting a `ModuleNotFoundError` related to `pipenv.patched.pip._vendor.urllib3.response`. How can I fix this issue?,mlops-zoomcamp,1355481387
What command should I use to reinstall `pipenv` when I encounter the error mentioned in the FAQ?,mlops-zoomcamp,1355481387
"If the error persists after reinstalling `pipenv`, what additional packages need to be upgraded or installed?",mlops-zoomcamp,1355481387
Could you explain why upgrading `pip` and installing `requests` is necessary for resolving the specified module error?,mlops-zoomcamp,1355481387
"In the context of Module 4: Deployment of the MLOps ZoomCamp course, are there any preventive measures to avoid this error in future projects?",mlops-zoomcamp,1355481387
Why does the `pipenv` command not work after installation when using the `--user` option?,mlops-zoomcamp,b53176b742
How can I resolve the issue of `pipenv` being inaccessible following its installation with `--user`?,mlops-zoomcamp,b53176b742
What steps are necessary to ensure that pipenv commands are recognized system-wide post-installation with `--user`?,mlops-zoomcamp,b53176b742
"Which file should be edited on my operating system to include the path for pipenv installed with `--user`, and how should it be formatted?",mlops-zoomcamp,b53176b742
"If I prefer a system-wide solution, what command can I use to reinstall pipenv so that all users have access?",mlops-zoomcamp,b53176b742
How do I resolve the 'name 'year' is not defined' error in question 2 of the homework?,mlops-zoomcamp,76ed2ad3e5
What steps are required to prepare the dataframe for output in question 2?,mlops-zoomcamp,76ed2ad3e5
"In Module 4: Deployment of the mlops-zoomcamp course, what initial variable definitions are necessary before executing the dataframe preparation for question 2?",mlops-zoomcamp,76ed2ad3e5
Could you clarify how to define the variables `year` and `month` as integers to avoid the namerror mentioned in homework question 2?,mlops-zoomcamp,76ed2ad3e5
"What is the specific error message 'Namerror: name ‘year’ is not defined' referring to, and how can I address it while completing question 2 of the assignment?",mlops-zoomcamp,76ed2ad3e5
What is the specific error message encountered when returning a custom object in Mage?,mlops-zoomcamp,5a508f2d8c
Why does the error occur specifically with `numpy.ndarray` objects like `y_pred`?,mlops-zoomcamp,5a508f2d8c
Where is the expected file path for the custom object that triggers the error?,mlops-zoomcamp,5a508f2d8c
How can the issue be resolved by modifying the return type from `numpy.ndarray`?,mlops-zoomcamp,5a508f2d8c
Which data structure should be used instead of a `numpy.ndarray` to avoid the loading error in Mage?,mlops-zoomcamp,5a508f2d8c
Why am I receiving a warning about platform mismatch when attempting to run the Docker container in an arm64 environment?,mlops-zoomcamp,e6ffad6be5
What specific command should I use to resolve the platform compatibility issue between my host's arm64 architecture and the Docker image's linux/amd64 platform?,mlops-zoomcamp,e6ffad6be5
How can I ensure that the Docker container runs correctly on a system with an arm64 processor by modifying the run command?,mlops-zoomcamp,e6ffad6be5
"What is the purpose of adding `--platform linux/amd64` to the Docker run command, and how does it affect the execution environment?",mlops-zoomcamp,e6ffad6be5
Can you provide a complete example of the modified Docker run command that includes the necessary flag to overcome the platform mismatch warning?,mlops-zoomcamp,e6ffad6be5
How can I verify that Python and pip are correctly installed on my system before installing Pipenv?,mlops-zoomcamp,2c007273b4
What command should I use to install Pipenv for a user-specific installation?,mlops-zoomcamp,2c007273b4
"After executing the installation command, how do I confirm that Pipenv has been successfully installed?",mlops-zoomcamp,2c007273b4
Are there any prerequisites or additional steps required after installing Pipenv to start using it in my project?,mlops-zoomcamp,2c007273b4
In which module of the 'mlops-zoomcamp' course will I learn about deploying applications with Pipenv?,mlops-zoomcamp,2c007273b4
What should I do if I receive the error 'Jupyter command `jupyter-nbconvert` not found' when trying to convert a Jupyter notebook to a Python script?,mlops-zoomcamp,00b076410d
How can I verify that I am in the correct directory before attempting to convert my Jupyter notebook using `nbconvert`?,mlops-zoomcamp,00b076410d
What specific package do I need to install if `jupyter nbconvert` is not recognized after ensuring I'm in the right directory?,mlops-zoomcamp,00b076410d
"After installing the necessary package, what exact command should I use to convert a `.ipynb` file to a Python script with `nbconvert`?",mlops-zoomcamp,00b076410d
Is there any difference between using `--to script` and `--to python` when converting a Jupyter notebook via `jupyter nbconvert`?,mlops-zoomcamp,00b076410d
"In the Dockerfile for question 6, what command should be used to create the `output/yellow` folder in the container's working directory?",mlops-zoomcamp,55fcf4bc86
Where exactly in the Dockerfile should the instruction for creating the `output/yellow` directory be placed?,mlops-zoomcamp,55fcf4bc86
What does the `-p` flag do when using the `mkdir` command within a Dockerfile?,mlops-zoomcamp,55fcf4bc86
"If I forget to include the command to create the `output/yellow` folder, what issue might arise during container build or execution?",mlops-zoomcamp,55fcf4bc86
How would you verify that the `output/yellow` directory has been correctly created inside the Docker container after building it?,mlops-zoomcamp,55fcf4bc86
"In Module 4 of the MLOps ZoomCamp course, what should be the entry point for executing a scoring script directly within a Docker container instead of using Flask?",mlops-zoomcamp,d00a9ac4ba
How do you configure the Dockerfile to start a bash shell when running a non-Flask scoring script as part of Homework/Question 6?,mlops-zoomcamp,d00a9ac4ba
"What command is used in the Dockerfile's ENTRYPOINT directive to ensure that the scoring script runs correctly without involving Flask, according to the FAQ record for the MLOps ZoomCamp course?",mlops-zoomcamp,d00a9ac4ba
"According to the FAQ entry for Module 4 Deployment in the MLOps ZoomCamp course, which executable should replace Flask as the entry point when invoking a standalone scoring script from within a Docker container?",mlops-zoomcamp,d00a9ac4ba
"For Homework/Question 6 in the MLOps ZoomCamp curriculum, what specific instruction must be added to the Dockerfile to initiate a bash environment for running a scoring script directly?",mlops-zoomcamp,d00a9ac4ba
Why am I encountering an 'Unable to locate credentials' error when executing Jupyter notebooks within Visual Studio Code in Codespaces?,mlops-zoomcamp,b9d82f5247
What steps can I take to resolve the credential-related issue that arises while running Jupyter notebooks inside Visual Studio Code in a Codespaces environment?,mlops-zoomcamp,b9d82f5247
"During the deployment module of the MLOps ZoomCamp course, how did you address the problem of missing credentials when working with Jupyter notebooks in Codespaces?",mlops-zoomcamp,b9d82f5247
"In the context of Module 4: Deployment for the mlops-zoomcamp course, what workaround was effective for overcoming the 'Unable to locate credentials' error during notebook execution?",mlops-zoomcamp,b9d82f5247
"For learners facing difficulties in Visual Studio Code within Codespaces as part of the MLOps ZoomCamp curriculum, specifically in Section concerning deployment, which alternative method successfully bypassed the credential lookup failure?",mlops-zoomcamp,b9d82f5247
What command should I use to log in to AWS ECR from the terminal with Docker instead of the deprecated `aws ecr get-login` command?,mlops-zoomcamp,f831690b89
How do I specify the correct AWS region when logging into an ECR repository using Docker?,mlops-zoomcamp,f831690b89
What will happen if I provide an incorrect or missing AWS region during the ECR login process?,mlops-zoomcamp,f831690b89
Which details need to be included in the `<ACCOUNTID>.dkr.ecr.<REGION>.amazonaws.com` part of the login command?,mlops-zoomcamp,f831690b89
What error message indicates that the AWS region is incorrectly set when attempting to log in to AWS ECR?,mlops-zoomcamp,f831690b89
Why am I encountering an ImportError when trying to import ColumnQuantileMetric from evidently.metrics?,mlops-zoomcamp,78b515b003
What is the correct class to use in place of ColumnQuantileMetric for monitoring with Evidently?,mlops-zoomcamp,78b515b003
"Which parameter should be used instead of column_name when configuring QuantileValue, and why does using column_name cause a ValidationError?",mlops-zoomcamp,78b515b003
How can I correctly implement a quantile metric for the 'fare_amount' column in my monitoring setup?,mlops-zoomcamp,78b515b003
What recent changes in the Evidently library might have caused this discrepancy between expected and actual parameter names?,mlops-zoomcamp,78b515b003
What are the default username and password for accessing the Grafana login window when running `docker-compose up`?,mlops-zoomcamp,f71b6beef0
"After initially logging into Grafana with the default credentials, what must be done next to secure the account?",mlops-zoomcamp,f71b6beef0
Where can I find additional information on setting a new password in Grafana after the initial login?,mlops-zoomcamp,f71b6beef0
"If I forget the username and password for the Grafana dashboard launched via `docker-compose up`, how can I retrieve them or reset them?",mlops-zoomcamp,f71b6beef0
How do I ensure that the correct credentials are used when accessing http://localhost:3000/ during the MLOps ZoomCamp Module 5 lesson on monitoring?,mlops-zoomcamp,f71b6beef0
Why am I receiving the 'unknown flag: --build' error when trying to start services with `docker compose up --build` in Linux?,mlops-zoomcamp,8cb6b3176b
What is the correct command to build and run Docker Compose services in a Linux environment where docker-compose is installed separately?,mlops-zoomcamp,8cb6b3176b
How can I resolve the issue of monitoring services not starting properly after executing `docker compose up --build` in Module 5 of the MLOps Zoomcamp course?,mlops-zoomcamp,8cb6b3176b
"In the context of the MLOPs Zoomcamp, specifically Module 5 on Monitoring, what should I do if the Docker Compose command fails with an 'unknown flag: --build' message when attempting to start services?",mlops-zoomcamp,8cb6b3176b
What steps are necessary to successfully initiate monitoring services using Docker Compose in Linux as demonstrated in video 5.2 of the MLOps Zoomcamp course?,mlops-zoomcamp,8cb6b3176b
"What error occurs when executing prepare.py in the MLOps ZoomCamp course, Module 5?",mlops-zoomcamp,9da67b7e6d
Why does a KeyError 'content-length' appear during the execution of prepare.py?,mlops-zoomcamp,9da67b7e6d
Which URL needs to be substituted in prepare.py to fix the KeyError 'content-length' issue?,mlops-zoomcamp,9da67b7e6d
Where should the corrected URL be placed in the prepare.py script to resolve the download problem?,mlops-zoomcamp,9da67b7e6d
What is the new link to access the NYC taxi data that replaces the old one causing the KeyError in Module 5?,mlops-zoomcamp,9da67b7e6d
Why does the evidently service exit with code 2 when I run `docker-compose up --build` and send data to the real-time prediction service?,mlops-zoomcamp,b074e82488
What error message is returned when the evidently service fails due to an import issue in `app.py`?,mlops-zoomcamp,b074e82488
How can I resolve the ImportError caused by `from pyarrow import parquet as pq` in the evidently service?,mlops-zoomcamp,b074e82488
"After installing the `pyarrow` module, should I restart my machine before testing the real-time prediction service again?",mlops-zoomcamp,b074e82488
"If installing `pyarrow` and restarting the machine do not fix the issue, what alternative step can be taken in `app.py` of the evidently service?",mlops-zoomcamp,b074e82488
What does the error message 'ValueError: Incorrect item instead of a metric or metric preset was passed to Report' indicate in Evidently?,mlops-zoomcamp,de13b97575
How can I fix the ValueError that occurs when passing an incorrect item to the Report function in Evidently?,mlops-zoomcamp,de13b97575
"In the context of monitoring with Evidently, what is the common mistake leading to the ValueError mentioned in the FAQ record?",mlops-zoomcamp,de13b97575
Why am I receiving a 'ValueError' related to metrics or metric presets when generating a report using Evidently's monitoring module?,mlops-zoomcamp,de13b97575
What step should be added to avoid the ValueError: Incorrect item instead of a metric or metric preset was passed to Report error while creating a Report in Evidently?,mlops-zoomcamp,de13b97575
What error occurs if I omit the `target='duration_min'` when using the RegressionQualityMetric()?,mlops-zoomcamp,c905f283d7
How should I modify my current_data to ensure compatibility with RegressionQualityMetric()?,mlops-zoomcamp,c905f283d7
Why is it necessary to include a `target='duration_min'` for regression quality metrics in Module 5 of the MLOps ZoomCamp course?,mlops-zoomcamp,c905f283d7
What specific attribute must be added to `current_data` to avoid errors when applying RegressionQualityMetric() as per the monitoring section?,mlops-zoomcamp,c905f283d7
"In the context of Module 5 Monitoring of the MLOPs ZoomCamp, what is the purpose of requiring a `target='duration_min'` for regression quality metrics?",mlops-zoomcamp,c905f283d7
Why am I receiving a `ValueError` stating 'Found array with 0 sample(s)' when using LinearRegression?,mlops-zoomcamp,481e174dd4
What is the minimum number of samples required for training a LinearRegression model in scikit-learn?,mlops-zoomcamp,481e174dd4
"How can I modify the date range specified by `begin = datetime.datetime(202X, X, X, 0, 0)` to ensure that my training dataset contains at least one sample?",mlops-zoomcamp,481e174dd4
What steps should I take to debug an empty training dataset error in Module 5 of the MLOps Zoomcamp course?,mlops-zoomcamp,481e174dd4
"In the context of data generation for a Machine Learning project, what date-related parameter adjustments are necessary to avoid an insufficient sample size for model training?",mlops-zoomcamp,481e174dd4
What steps should I follow to add a new metric to my monitoring setup?,mlops-zoomcamp,296ea7fed1
Why am I encountering errors stating that 'target columns' and 'prediction columns' are not present after adding a metric?,mlops-zoomcamp,296ea7fed1
Does the `DatasetCorrelationsMetric` need any specific parameters when being integrated into a project?,mlops-zoomcamp,296ea7fed1
Where can I find detailed instructions on the requirements for adding various metrics in the monitoring module?,mlops-zoomcamp,296ea7fed1
How can I resolve the issue of missing 'target columns' and 'prediction columns' errors once a metric is added?,mlops-zoomcamp,296ea7fed1
Why am I unable to log into Grafana using the default admin/admin credentials?,mlops-zoomcamp,f385403427
What command should I execute inside the Grafana container to reset the admin password?,mlops-zoomcamp,f385403427
How can I identify the correct Docker container ID for Grafana when resetting the admin password?,mlops-zoomcamp,f385403427
"Is the `grafana cli` command still recommended for managing Grafana, or is it deprecated?",mlops-zoomcamp,f385403427
"After resetting the admin password in Grafana, what steps should I follow to successfully log in?",mlops-zoomcamp,f385403427
Why are the charts in Grafana not reflecting the latest data from my running metric generation script?,mlops-zoomcamp,13559b737e
What steps should I take to ensure that the refresh interval in Grafana is correctly configured for real-time updates?,mlops-zoomcamp,13559b737e
How can adjusting the timezone setting within a `pytz.timezone` call resolve issues with delayed chart updates in Grafana?,mlops-zoomcamp,13559b737e
"If I suspect the problem lies in the timezone configuration, what specific change should I make to match my local timezone?",mlops-zoomcamp,13559b737e
"What small refresh interval values (e.g., 5, 10, or 30 seconds) are recommended to improve the responsiveness of charts in Grafana?",mlops-zoomcamp,13559b737e
Why did the Prefect server stop immediately after running `prefect server start`?,mlops-zoomcamp,4afbb7db24
What alternative was used to execute the script when the local Prefect server failed?,mlops-zoomcamp,4afbb7db24
How can I report the issue with the non-responsive Prefect server locally?,mlops-zoomcamp,4afbb7db24
Which steps were taken to troubleshoot the problem with the Prefect server startup?,mlops-zoomcamp,4afbb7db24
Where should I submit a detailed bug report regarding the immediate shutdown of the Prefect server?,mlops-zoomcamp,4afbb7db24
What command should I execute to free up disk space when encountering the 'no disk space left' error during `docker compose up`?,mlops-zoomcamp,258d55402b
"How can I identify which Docker resources (containers, images, etc.) are occupying the most disk space before cleaning them up?",mlops-zoomcamp,258d55402b
Is there a way to selectively remove only unused build cache and dangling images without affecting running containers?,mlops-zoomcamp,258d55402b
What is the purpose of the `docker system prune` command in relation to resolving disk space issues?,mlops-zoomcamp,258d55402b
"After executing `docker system df`, which types of Docker objects can I inspect for potential disk usage inefficiencies?",mlops-zoomcamp,258d55402b
What is the specific error message encountered when running `docker-compose up --build`?,mlops-zoomcamp,007cc84471
Which configuration change in the `adminer` block of `docker-compose.yml` resolves the network address family issue?,mlops-zoomcamp,007cc84471
How does modifying the PHP command to include `-S 0.0.0.0:8080 -t /var/www/html` fix the problem?,mlops-zoomcamp,007cc84471
In what part of the `docker-compose.yml` file should the corrected command be added for the Adminer service?,mlops-zoomcamp,007cc84471
Why does specifying `0.0.0.0` instead of leaving it blank address the 'Address family for hostname not supported' error?,mlops-zoomcamp,007cc84471
How can I create a scatter plot in Grafana for visualizing performance data similar to Evidently's charts?,mlops-zoomcamp,5c68f358c2
Is there a plugin required to add a stat panel and scatter plot in Grafana to mimic Evidently’s dashboard?,mlops-zoomcamp,5c68f358c2
What steps are needed to ensure all relevant information is logged to my Grafana data source for custom plotting?,mlops-zoomcamp,5c68f358c2
How can I export Evidently output in JSON format with the `include_render=True` option for external visualization?,mlops-zoomcamp,5c68f358c2
"Where can I find detailed instructions on using the `raw_data"": True` option for non-aggregated visuals directly in Evidently’s documentation?",mlops-zoomcamp,5c68f358c2
Why am I encountering an import error for the evidently package after upgrading NumPy?,mlops-zoomcamp,ebd339f9a5
What specific changes in NumPy version 2.0.0 are causing the deprecation warnings related to `np.chararray` and removal of `np.float_`?,mlops-zoomcamp,ebd339f9a5
How can I resolve the AttributeError indicating that `np.float_` was removed in NumPy 2.0?,mlops-zoomcamp,ebd339f9a5
What command should I run to downgrade NumPy to version 1.26.4 to fix the import error?,mlops-zoomcamp,ebd339f9a5
"If I want to prevent future compatibility issues, what modification should I make to my requirements.txt file?",mlops-zoomcamp,ebd339f9a5
Why does the error 'Bind for 0.0.0.0:5432 failed: port is already allocated' occur when starting Postgres services with `docker-compose up`?,mlops-zoomcamp,beef541941
What is causing the conflict that leads to the message 'port is already allocated' in this scenario?,mlops-zoomcamp,beef541941
How can I resolve the port allocation issue so that the Postgres service starts successfully without errors?,mlops-zoomcamp,beef541941
In which part of the Docker Compose configuration file should I modify the port mapping to fix the problem with port 5432?,mlops-zoomcamp,beef541941
What specific change to the YAML file will allow PostgreSQL to use a free port instead of the one already in use?,mlops-zoomcamp,beef541941
How do I configure Grafana to recognize the `dummy_metrics` table when creating a new dashboard in version 5.4?,mlops-zoomcamp,5ad72730d6
What should I modify in the `config/grafana_datasources.yaml` file to ensure proper connection to PostgreSQL for monitoring metrics?,mlops-zoomcamp,5ad72730d6
"If Grafana's dashboard does not list my database tables, which datasource name should I change from the default setting?",mlops-zoomcamp,5ad72730d6
What alternative method can I use in Grafana if the Builder option fails to display tables during dashboard creation?,mlops-zoomcamp,5ad72730d6
How can I effectively use SQL queries within Grafana to load data when the table is not visible through the standard query tab?,mlops-zoomcamp,5ad72730d6
".

1. Why is Adminer not loading when I try to access it at http://127.0.0.1:8080/?
   
   Answer: Add `index.php` after the URL, so the URL will be http://127.0.0.1:8080/index.php

2. What is the correct URL to use for accessing Adminer after Docker Compose has been executed?
   
   Answer: The correct URL is http://127.0.0.1:8080/index.php.

3. In Module 5 of the MLOps Zoomcamp course, what issue arises with Adminer when attempting to connect via a specific endpoint?
   
   Answer: Adminer cannot be accessed on http://127.0.0.1:8080/; you must add `index.php` to the URL.

4. How can I resolve the ""Adminer Not Loaded"" problem mentioned in the Monitoring module of the MLOps Zoomcamp course?
   
   Answer: Append `index.php` to the endpoint, making it http://127.0.0.1:8080/index.php.

5. What step must be taken to successfully access Adminer after running Docker Compose in the context of the Monitoring module for the MLOps Zoomcamp course?
   
   Answer: Ensure the URL includes `index.php`, i.e., http://127.0.0.1:8080/index.php.",mlops-zoomcamp,26a7d0d9b6
What error message appears when a column is selected from the table in Grafana?,mlops-zoomcamp,44a68a830c
Why does the 'no time column: no time column found' error occur?,mlops-zoomcamp,44a68a830c
How can I resolve the 'no time column' error in Grafana's UI?,mlops-zoomcamp,44a68a830c
Which type of column needs to be added in the query builder to fix the timestamp issue?,mlops-zoomcamp,44a68a830c
What specific step should be taken in the query builder to eliminate the 'no time column found' message?,mlops-zoomcamp,44a68a830c
Why am I encountering a runtime error stating 'Failed to Reach API on Prefect' when executing the evidently_metrics_calculation.py script?,mlops-zoomcamp,982fa87351
What steps should I follow to resolve the issue of not being able to create a flow run due to the Prefect API not being reachable at https://api.prefect.cloud/api/accounts/ee976605-4ca7-4a27-b5e3-0a37da3c7678/workspaces/78b23cf5-38bb-4d8b-9888-5bf8070d6d62/?,mlops-zoomcamp,982fa87351
Is there a specific account registration or sign-up process required to fix the Prefect API connection problem mentioned in the error message?,mlops-zoomcamp,982fa87351
"After registering or signing up, what should I verify to ensure that the flow run can be successfully created without encountering the 'Failed to Reach API on Prefect' runtime error?",mlops-zoomcamp,982fa87351
Could you provide a direct link to the Prefect Cloud account registration page mentioned in the solution for the Runtime Error: Failed to Reach API on Prefect issue?,mlops-zoomcamp,982fa87351
Why do I receive the error 'database “test” does not exist' after resetting the Grafana dashboard?,mlops-zoomcamp,93dfb7d96c
What caused the disappearance of my previously loaded data and saved dashboard in Grafana?,mlops-zoomcamp,93dfb7d96c
How can I prevent the loss of database data when restarting the Docker services for my monitoring setup?,mlops-zoomcamp,93dfb7d96c
What steps should I take to rerun the database initialization code if I only need to use the system once?,mlops-zoomcamp,93dfb7d96c
What modifications are required in the `docker-compose.yml` file to ensure persistent storage of the PostgreSQL database across service restarts?,mlops-zoomcamp,93dfb7d96c
What are some key features offered by AI Platform Predictions with Cloud Monitoring & Logging on Google Cloud Platform for monitoring machine learning models?,mlops-zoomcamp,4d86e49240
How does Azure Machine Learning support the continuous monitoring of machine learning model performance in production environments?,mlops-zoomcamp,4d86e49240
Can you describe the specific functionalities provided by Amazon SageMaker Model Monitor for ensuring data quality and model reliability after deployment?,mlops-zoomcamp,4d86e49240
"Apart from Evidently, which other cloud-based services are commonly used for end-to-end MLOps workflows, including training, deployment, and monitoring?",mlops-zoomcamp,4d86e49240
"In the context of Module 5 on Monitoring within the MLOps Zoom Camp course, what considerations should be taken into account when selecting a cloud platform alternative to Evidently for model performance tracking?",mlops-zoomcamp,4d86e49240
I encountered an error `docker.errors.DockerException: Error while fetching server API version: HTTPConnection.request() got an unexpected keyword argument 'chunked'` when running `docker-compose up --build`. What should I do?,mlops-zoomcamp,215ad00cfc
How can I resolve the issue where Docker Compose fails with the message about the unexpected keyword argument 'chunked' during command execution?,mlops-zoomcamp,215ad00cfc
"What is the correct command to use in place of `docker-compose up --build` to avoid the `HTTPConnection.request() got an unexpected keyword argument 'chunked'` error, as per Module 5 of the MLOps Zoomcamp course?",mlops-zoomcamp,215ad00cfc
"In the context of Module 5: Monitoring for the MLOps Zoomcamp, which command should be used instead of `docker-compose up --build` to prevent errors related to the Docker API version?",mlops-zoomcamp,215ad00cfc
"When executing a Docker Compose build in the MLOps Zoomcamp's monitoring module, what alternative command must I employ to circumvent the `chunked` argument error?",mlops-zoomcamp,215ad00cfc
What are the reasons for deprecating Docker Compose v1 as of April 2023?,mlops-zoomcamp,f2458f5a26
Where can I find detailed information about the improvements and benefits of Docker Compose v2 over version 1?,mlops-zoomcamp,f2458f5a26
Which blog post provides insights into the transition from Docker Compose v1 to v2?,mlops-zoomcamp,f2458f5a26
In which module of the 'mlops-zoomcamp' course is the deprecation of Docker Compose v1 discussed?,mlops-zoomcamp,f2458f5a26
What specific date marks the official deprecation of Docker Compose v1 in the context of this course?,mlops-zoomcamp,f2458f5a26
"Why am I receiving a 'psycopg.OperationalError: connection failed' message when trying to connect to the PostgreSQL server at ""127.0.0.1"", port 5432?",mlops-zoomcamp,b7625d600a
"What does the error 'FATAL: password authentication failed for user ""postgres""' indicate in the context of connecting to a Dockerized PostgreSQL instance?",mlops-zoomcamp,b7625d600a
"Could there be another Docker container interfering with my current attempt to connect to the PostgreSQL server, and if so, how can I identify it?",mlops-zoomcamp,b7625d600a
What steps should I follow to stop a potentially conflicting Docker container that is already running from a previous session?,mlops-zoomcamp,b7625d600a
How can I check which Docker containers are currently active on my system before attempting to restart my PostgreSQL connection?,mlops-zoomcamp,b7625d600a
"Why is the Adminer UI unable to connect to the database even though I have entered the correct database, username, and password?",mlops-zoomcamp,6a3a0cc252
What steps should I take if the Adminer interface does not display any database information or respond after providing valid credentials?,mlops-zoomcamp,6a3a0cc252
How can I verify that my PostgreSQL server is running and accepting connections using a command-line tool like `psql`?,mlops-zoomcamp,6a3a0cc252
"What command do I use to access the PostgreSQL console directly from the terminal, specifying host, port, and username?",mlops-zoomcamp,6a3a0cc252
"If Adminer fails to connect, what alternative method can I employ to ensure my database credentials are correct?",mlops-zoomcamp,6a3a0cc252
Can Evidently generate a report without comparing it to a reference dataset?,mlops-zoomcamp,f4dcbdd4ee
What happens if I set `reference_data=None` when creating an Evidently report?,mlops-zoomcamp,f4dcbdd4ee
Is it possible to perform univariate analyses or descriptive statistics on a single dataset using Evidently?,mlops-zoomcamp,f4dcbdd4ee
When would you use the option of not providing a reference dataset in Evidently's reporting process?,mlops-zoomcamp,f4dcbdd4ee
Does omitting a reference dataset affect the types of metrics Evidently can produce?,mlops-zoomcamp,f4dcbdd4ee
Which specific Evidently AI version is utilized in the course materials for the current cohort (2025)?,mlops-zoomcamp,28676cfdf9
Will code examples from the video remain functional with Evidently AI versions up to which release?,mlops-zoomcamp,28676cfdf9
"If I use a newer version of Evidently AI beyond 0.6.7, will the provided code still execute correctly?",mlops-zoomcamp,28676cfdf9
What changes have been made in newer Evidently AI releases that might affect the compatibility of the course code?,mlops-zoomcamp,28676cfdf9
Is there any guidance on adapting the course examples to work with Evidently AI versions after 0.6.7?,mlops-zoomcamp,28676cfdf9
.,mlops-zoomcamp,04411f29bb
"What does the error message ""Failed to create provisioner"" indicate when running `docker-compose up --build` with Grafana?",mlops-zoomcamp,04411f29bb
How can I resolve the issue where Grafana reports that it could not parse the provisioning config file: dashboards.yaml due to an unexpected directory being mounted?,mlops-zoomcamp,04411f29bb
"In a Docker Compose configuration for Grafana, what adjustment should be made to the `volumes` section if dashboards are currently pointing to a YAML file path but actually represent directories?",mlops-zoomcamp,04411f29bb
What specific change is required in the `docker-compose.yml` file to correct the provisioning file paths for Grafana's dashboard configuration?,mlops-zoomcamp,04411f29bb
"When encountering Grafana startup failures related to provisioning files, which directory references need to be updated across all relevant file paths in the `volumes` block?",mlops-zoomcamp,04411f29bb
I encountered an `ImportError` stating 'cannot import name 'ColumnMapping'' from 'evidently' when trying to run the command `from evidently import ColumnMapping`. How can I resolve this issue?,mlops-zoomcamp,9dedd0bb1c
What specific version of the `evidently` package should I install to avoid the import error related to `ColumnMapping`?,mlops-zoomcamp,9dedd0bb1c
"After uninstalling the latest version of `evidently`, which command do I need to execute to reinstall a compatible older version that includes `ColumnMapping`?",mlops-zoomcamp,9dedd0bb1c
"In addition to installing an older version of `evidently`, what additional step is recommended to ensure the environment recognizes the changes made?",mlops-zoomcamp,9dedd0bb1c
Where can I find documentation or further guidance on resolving import errors related to specific modules within the `evidently` package during module 6 of the MLOps ZoomCamp course?,mlops-zoomcamp,9dedd0bb1c
Why am I getting an error about no matching distribution for `mlflow==1.27.0` when running the Dockerfile?,mlops-zoomcamp,ce86e574f1
What does the error message `No matching distribution found for mlflow==1.27.0` indicate in the context of the Docker build process?,mlops-zoomcamp,ce86e574f1
How can I resolve the package installation failure related to `mlflow` during the Dockerfile execution?,mlops-zoomcamp,ce86e574f1
"Is there a version compatibility issue causing the `No matching distribution found for mlflow==1.27.0` error, and if so, what should be done?",mlops-zoomcamp,ce86e574f1
What steps should I take to troubleshoot and successfully complete the Docker build after encountering an error on line 8 of the Dockerfile due to missing `mlflow` distribution?,mlops-zoomcamp,ce86e574f1
"Why do I receive the error `{'errorMessage': 'Unable to locate credentials', …}` when running LocalStack with Kinesis?",mlops-zoomcamp,2ce73ee58a
What steps should I take in the `docker-compose.yaml` file to fix the credential location issue for LocalStack's Kinesis service?,mlops-zoomcamp,2ce73ee58a
Can you provide a random example of values to assign to `AWS_ACCESS_KEY_ID` and `AWS_SECRET_ACCESS_KEY` environment variables in `docker-compose.yaml`?,mlops-zoomcamp,2ce73ee58a
How do I configure AWS credentials locally when running LocalStack with Kinesis using the `aws --endpoint-url` command?,mlops-zoomcamp,2ce73ee58a
"What are the prompts I need to respond to when executing `aws --endpoint-url http://localhost:4566 configure`, and what values should I input?",mlops-zoomcamp,2ce73ee58a
What specific error message do I encounter when trying to create a bucket in LocalStack using Boto3?,mlops-zoomcamp,5137e6c204
Why does the unspecified location constraint lead to an exception during bucket creation?,mlops-zoomcamp,5137e6c204
Which parameter should be added to the `create_bucket` method to resolve the compatibility issue with the region endpoint?,mlops-zoomcamp,5137e6c204
What is the correct syntax for specifying the `CreateBucketConfiguration` when creating a bucket in AWS using Boto3?,mlops-zoomcamp,5137e6c204
How can I ensure that my bucket creation request aligns with the region-specific endpoint requirements in LocalStack?,mlops-zoomcamp,5137e6c204
What error message do I receive when an AWS CLI command fails during execution?,mlops-zoomcamp,cb04adb824
How can I resolve the error '<botocore.awsrequest.AWSRequest object at 0x7fbaf2666280>' that appears after running an AWS CLI operation?,mlops-zoomcamp,cb04adb824
Which environment variables should I set to eliminate the AWS Request error during CLI commands in Module 6 of the MLOps ZoomCamp course?,mlops-zoomcamp,cb04adb824
What are the specific steps to configure the AWS CLI settings to prevent encountering the '<botocore.awsrequest.AWSRequest object at 0x7fbaf2666280>' issue?,mlops-zoomcamp,cb04adb824
"In the context of troubleshooting AWS CLI operations, what values for the environment variables `AWS_DEFAULT_REGION`, `AWS_ACCESS_KEY_ID`, and `AWS_SECRET_ACCESS_KEY` are acceptable according to the FAQ?",mlops-zoomcamp,cb04adb824
Why am I encountering the error 'mapping values are not allowed in this context' during every commit?,mlops-zoomcamp,cc6b6f1481
What is the correct indentation required for the `.pre-commit-config.yaml` file to prevent this error?,mlops-zoomcamp,cc6b6f1481
Could an incorrectly indented `repo` statement within `.pre-commit-config.yaml` be causing pre-commit hooks to fail at each commit?,mlops-zoomcamp,cc6b6f1481
How can I verify that my `.pre-commit-config.yaml` file adheres to the proper formatting guidelines for MLOps Zoomcamp Module 6?,mlops-zoomcamp,cc6b6f1481
What specific steps should I take to troubleshoot and resolve the indentation issue in `.pre-commit-config.yaml` related to pre-commit hooks?,mlops-zoomcamp,cc6b6f1481
How can I reset pytest settings after completing tests in a previous folder?,mlops-zoomcamp,611e6f015f
What specific directory should be deleted to clear pytest configurations for a new testing environment?,mlops-zoomcamp,611e6f015f
"If I previously tested code in the 'week6-best-practices' folder, which exact file or folder must be removed to reinitialize pytest?",mlops-zoomcamp,611e6f015f
"After removing certain files, will pytest automatically recognize and use fresh settings for new tests?",mlops-zoomcamp,611e6f015f
What is the recommended procedure to ensure pytest does not retain previous test data when starting a new project folder?,mlops-zoomcamp,611e6f015f
Why does the Kinesis get records command return empty records when following video 6.3 at minute 11:23 in the MLOps ZoomCamp course?,mlops-zoomcamp,fa23739c18
What specific flag should be added to the AWS CLI command for Kinesis get records to resolve the issue of receiving empty records locally with LocalStack?,mlops-zoomcamp,fa23739c18
At which exact timestamp (minute) in video 6.3 does the problem of empty records from the Kinesis get records call occur?,mlops-zoomcamp,fa23739c18
Which module of the MLOps ZoomCamp course contains the FAQ entry related to resolving empty records in Kinesis Get Records using LocalStack?,mlops-zoomcamp,fa23739c18
What endpoint URL should be used with the AWS CLI command for Kinesis get records when working locally with LocalStack to fix the empty records issue?,mlops-zoomcamp,fa23739c18
Why does creating a pre-commit YAML file in PowerShell result in a UTF-8 encoding error during a Git commit?,mlops-zoomcamp,226f8425c4
What is the exact error message displayed when attempting to commit changes after generating a .pre-commit-config.yaml file?,mlops-zoomcamp,226f8425c4
How can I ensure that the .pre-commit-config.yaml file is created with the correct UTF-8 encoding to avoid decoding errors?,mlops-zoomcamp,226f8425c4
What PowerShell command should be used to generate a sample pre-commit configuration and save it as .pre-commit-config.yaml with UTF-8 encoding?,mlops-zoomcamp,226f8425c4
"In the context of MLOps ZoomCamp Module 6 on Best Practices, what steps are necessary to prevent 'utf-8' codec errors when using pre-commit hooks?",mlops-zoomcamp,226f8425c4
What should I do if I encounter the error 'AttributeError: 'PythonInfo' object has no attribute 'version_nodot',mlops-zoomcamp,b55fea0fc7
How can I clear the app-data of the virtual environment when committing with a Git pre-commit hook?,mlops-zoomcamp,b55fea0fc7
"When using the command `python -m virtualenv api -vvv --reset-app-data`, what does each option (`-vvv` and `--reset-app-data`) signify?",mlops-zoomcamp,b55fea0fc7
What is the purpose of the `--reset-app-data` flag in the `virtualenv` command during a Git commit operation?,mlops-zoomcamp,b55fea0fc7
"After resolving the 'PythonInfo' object error, how can I ensure that the virtual environment will be reused for future GitHub integrations?",mlops-zoomcamp,b55fea0fc7
Why does running `pytest ./test/unit_tests` result in a 'No module named 'production'' error while executing `python test_model_service.py` from the `/sources` directory works?,mlops-zoomcamp,0cfb31c221
"What is the reason behind `pytest` not automatically including the current directory path in `sys.path`, and how can this issue be resolved?",mlops-zoomcamp,0cfb31c221
Could you explain why using `python -m pytest ./test/unit_tests` or setting `export PYTHONPATH=. ` before running `pytest` are recommended solutions for module import errors in custom packages?,mlops-zoomcamp,0cfb31c221
"In the provided project structure, how should the import statement in `test_model_service.py` be adjusted to ensure it correctly references `model_service` located in `/sources/production` when using `pytest`?",mlops-zoomcamp,0cfb31c221
"What alternative methods can be employed to ensure that custom modules within a specific directory are recognized by `pytest`, apart from running tests with `python -m pytest`?",mlops-zoomcamp,0cfb31c221
Why does my pre-commit hook return a 'module not found' error when I try to import custom packages from my source code?,mlops-zoomcamp,02ff7e82ce
What is the correct project structure to avoid import errors in pytest hooks for custom modules located under `/sources`?,mlops-zoomcamp,02ff7e82ce
How can I modify the `pytest-check` hook configuration to properly include my custom package directory in the Python path during testing?,mlops-zoomcamp,02ff7e82ce
Could you provide an example of a shell script (`run.sh`) that sets the PYTHONPATH and runs pytest from within the tests directory while ensuring all modules are correctly imported?,mlops-zoomcamp,02ff7e82ce
What steps should I take to ensure that `pipenv run pytest` executes successfully when invoked from a custom hook in my pre-commit configuration?,mlops-zoomcamp,02ff7e82ce
Why am I encountering a 'Permission denied' error when trying to run a script file in my GitHub Actions CI workflow?,mlops-zoomcamp,a345ebd834
What specific YAML configuration causes the execution failure of `./tests/unit_tests/run.sh` within the GitHub Actions pipeline?,mlops-zoomcamp,a345ebd834
How can I fix the permission issue that results in error code 126 during the execution of a shell script in a GitHub Actions job?,mlops-zoomcamp,a345ebd834
What command should I use to grant execute permissions to a script file located at `sources/tests/unit_tests/run.sh` before committing changes?,mlops-zoomcamp,a345ebd834
"In the context of MLOps ZoomCamp's Module 6 on Best Practices, what is the recommended approach for resolving GitHub Actions permission errors related to script execution?",mlops-zoomcamp,a345ebd834
How can I specify which subset of containers to run from a Docker Compose file that contains multiple services?,mlops-zoomcamp,560c0eb368
What command do I use to activate a particular profile named 'profile_name' when executing my Docker Compose setup?,mlops-zoomcamp,560c0eb368
"In the `docker-compose.yml` configuration, where exactly should I place the line `profiles: [""profile_name""]` to associate it with a specific service?",mlops-zoomcamp,560c0eb368
"If my Docker Compose file includes several profiles, how do I ensure that only the containers listed under 'profile_name' are started?",mlops-zoomcamp,560c0eb368
What is the purpose of using docker-compose profiles when managing a large number of interconnected container services?,mlops-zoomcamp,560c0eb368
"When using the AWS CLI with LocalStack to list S3 buckets, why do I receive a `<botocore.awsrequest.AWSRequest object at 0x74c89c3562d0>` type message instead of bucket details?",mlops-zoomcamp,8e6e50be33
What configuration steps are necessary in the AWS CLI to avoid receiving an unhandled request object when interacting with LocalStack's S3 service via its endpoint URL?,mlops-zoomcamp,8e6e50be33
"If I encounter a `<botocore.awsrequest.AWSRequest object at 0x74c89c3562d0>` error while listing S3 buckets through the AWS CLI, what should be set in the AWS configuration to resolve it?",mlops-zoomcamp,8e6e50be33
How can I ensure that my AWS CLI commands are properly configured with LocalStack's credentials so that listing or creating S3 buckets does not result in a type error message?,mlops-zoomcamp,8e6e50be33
"In the context of using LocalStack's Docker container for AWS services, which Access Key ID, Secret Access Key, and region should be used when configuring the AWS CLI to prevent request object errors?",mlops-zoomcamp,8e6e50be33
How can I ensure that the AWS region used by my integration tests matches the region configured in docker-compose?,mlops-zoomcamp,16099520dd
What steps should I take to set a consistent AWS region across both my local configuration and docker-compose environment?,mlops-zoomcamp,16099520dd
"If I create a Kinesis stream, how do I verify that it is being created in the correct AWS region specified in my setup?",mlops-zoomcamp,16099520dd
Where should I add the region setting in the AWS configuration file to affect my integration tests correctly?,mlops-zoomcamp,16099520dd
What exact line of code in `docker-compose.yaml` ensures that the Docker container uses the intended AWS region for operations?,mlops-zoomcamp,16099520dd
What was the issue with the pre-commit command in the isort repository?,mlops-zoomcamp,330f9005e2
Which version of isort resolved the pre-commit problem?,mlops-zoomcamp,330f9005e2
In which module of the MLOps Zoomcamp course does this fix pertain?,mlops-zoomcamp,330f9005e2
How can I update the isort version to `5.12.0` to ensure pre-commit runs successfully?,mlops-zoomcamp,330f9005e2
What specific change was made to address the failing pre-commit command in the isort repo?,mlops-zoomcamp,330f9005e2
How can I initiate the destruction of infrastructure that was provisioned using GitHub Actions in an AWS environment?,mlops-zoomcamp,abb38848b5
What specific Terraform commands are required to destroy the infrastructure after it has been created by the CD-Deploy Action?,mlops-zoomcamp,abb38848b5
Where should I configure the backend state file for managing the Terraform state when destroying resources?,mlops-zoomcamp,abb38848b5
Which variable file must be referenced when executing the `terraform destroy` command to target the production environment?,mlops-zoomcamp,abb38848b5
What steps are necessary to ensure a clean removal of all resources provisioned via the MLOps ZoomCamp course's Module 6 pipeline?,mlops-zoomcamp,abb38848b5
Why do I get a '[Errno 13] Permission denied' error when executing AWS CLI commands as the `ubuntu` user?,mlops-zoomcamp,b396205ad7
What is the reason for encountering permission issues with the `.aws/credentials` file after installing AWS CLI v2 on Linux?,mlops-zoomcamp,b396205ad7
How can I create the necessary `credentials` and `config` files in the `.aws` directory to resolve permission errors when running AWS commands?,mlops-zoomcamp,b396205ad7
What steps should I follow to modify file permissions for the `.aws` folder so that the `ubuntu` user can read and write the `credentials` and `config` files?,mlops-zoomcamp,b396205ad7
"After setting up the AWS CLI, how do I ensure that my access key and secret are correctly saved in the `credentials` file to avoid permission denied errors?",mlops-zoomcamp,b396205ad7
What is the specific issue causing a `ValueError: Invalid endpoint` error when using Boto3 with Docker Compose services?,mlops-zoomcamp,b0300fc9b8
"Which characters in Docker Compose service names are incompatible with Boto3 endpoints, leading to this error?",mlops-zoomcamp,b0300fc9b8
How can I modify my Docker Compose configuration to resolve the `ValueError: Invalid endpoint` issue when integrating with Boto3?,mlops-zoomcamp,b0300fc9b8
What is the recommended naming convention for Docker Compose services to ensure compatibility with Boto3?,mlops-zoomcamp,b0300fc9b8
Where can I find additional details or examples regarding the underscore restriction in service names that affect Boto3 functionality?,mlops-zoomcamp,b0300fc9b8
What causes the 'ValueError: The truth value of a DataFrame is ambiguous' error when comparing two DataFrames in a unit test?,mlops-zoomcamp,2eb2863faf
How can I correctly compare two Pandas DataFrames during unit testing to avoid the mentioned ValueError?,mlops-zoomcamp,2eb2863faf
What method should be used to convert a Pandas DataFrame into a list of dictionaries for comparison purposes?,mlops-zoomcamp,2eb2863faf
Can you provide an example of how to assert equality between two converted lists of dictionaries from DataFrames in a unit test?,mlops-zoomcamp,2eb2863faf
Where can I find detailed guidance on best practices for comparing DataFrames in tests within the 'mlops-zoomcamp' course?,mlops-zoomcamp,2eb2863faf
What error message indicates a version mismatch between Poetry's configuration and the installed package versions?,mlops-zoomcamp,ba23a5c708
How can I verify the versions of tools specified in `pre-commit-config.yaml` and `Pipfile.lock`?,mlops-zoomcamp,ba23a5c708
What steps should I follow to resolve the 'RuntimeError: The Poetry configuration is invalid' during pre-commit execution?,mlops-zoomcamp,ba23a5c708
Where can I find the `pre-commit-config.yaml` file in a typical MLOps-ZoomCamp project structure?,mlops-zoomcamp,ba23a5c708
Which version of Poetry should be updated in `pre-commit-config.yaml` if my `Pipfile.lock` shows version 1.5.0?,mlops-zoomcamp,ba23a5c708
Why might pytest fail to recognize libraries that are successfully imported when running scripts directly in the terminal?,mlops-zoomcamp,716ff05962
"What is the underlying reason for a discrepancy between Python environments used by VS Code and the terminal, leading to pytest's inability to locate installed packages?",mlops-zoomcamp,716ff05962
Could you outline the steps necessary to ensure that VS Code utilizes the identical Python interpreter as the one active in my command line interface?,mlops-zoomcamp,716ff05962
How can I verify which Python interpreter is currently selected within VS Code compared to the one accessed via the terminal?,mlops-zoomcamp,716ff05962
"What specific command should I execute in the terminal to identify the path of the actively used Python executable, and how does this information assist in synchronizing VS Code's interpreter settings?",mlops-zoomcamp,716ff05962
Will I be working with classmates on the final project for this course?,mlops-zoomcamp,0a7c21fee9
Is the capstone assignment intended to be completed individually or as part of a team?,mlops-zoomcamp,0a7c21fee9
Does each student have their own separate task to complete for the capstone in MLOps ZoomCamp?,mlops-zoomcamp,0a7c21fee9
Are group dynamics involved in executing the capstone project described in the FAQ?,mlops-zoomcamp,0a7c21fee9
"Given that the capstone is noted as a solo project, can I expect to collaborate with peers on it?",mlops-zoomcamp,0a7c21fee9
What is the difference between attempt 1 and attempt 2 for project submission?,mlops-zoomcamp,9ae63755b8
Am I allowed to submit two different projects using distinct datasets and problem statements?,mlops-zoomcamp,9ae63755b8
"If my first attempt at submitting the project fails, can I make improvements and resubmit during the second attempt window?",mlops-zoomcamp,9ae63755b8
What happens if I miss the initial submission deadline for attempt 1?,mlops-zoomcamp,9ae63755b8
Does participating in peer review affect whether my project submission counts toward certification?,mlops-zoomcamp,9ae63755b8
What are the specific criteria used to evaluate capstone projects in this course?,mlops-zoomcamp,b6c7eb17d8
How many fellow students will I be required to grade as part of the peer review process?,mlops-zoomcamp,b6c7eb17d8
"If I fail to submit grades for three other projects, what consequences will I face regarding my certificate eligibility?",mlops-zoomcamp,b6c7eb17d8
Will there be any training or guidance provided on how to conduct fair and consistent peer evaluations?,mlops-zoomcamp,b6c7eb17d8
When can I expect to receive detailed guidelines on the evaluation criteria for the capstone project?,mlops-zoomcamp,b6c7eb17d8
How many points are awarded for each correctly answered question in a homework assignment?,mlops-zoomcamp,0d200c8c58
What is the point allocation for adding public learning items to a homework submission?,mlops-zoomcamp,0d200c8c58
"If I contribute one valid question to the FAQ, how many points will I earn from that homework?",mlops-zoomcamp,0d200c8c58
What is the maximum total score achievable for a single homework assignment?,mlops-zoomcamp,0d200c8c58
How do the scores from homework assignments impact my ranking on the leaderboard?,mlops-zoomcamp,0d200c8c58
